{"level":"info","message":"Server running on port 8080","timestamp":"2025-07-06T07:01:44.176Z"}
{"level":"info","message":"Server running on port 8080","timestamp":"2025-07-06T07:01:47.376Z"}
{"level":"info","message":{"ip":"::1","method":"POST","timestamp":"2025-07-06T07:04:23.108Z","url":"/api/students/signup"},"timestamp":"2025-07-06T07:04:23.109Z"}
{"level":"info","message":{"ip":"::1","method":"POST","timestamp":"2025-07-06T07:07:29.044Z","url":"/api/students/signup"},"timestamp":"2025-07-06T07:07:29.046Z"}
{"level":"info","message":{"ip":"::1","method":"POST","timestamp":"2025-07-06T07:09:34.607Z","url":"/api/students/signup"},"timestamp":"2025-07-06T07:09:34.607Z"}
{"level":"info","message":{"ip":"::1","method":"POST","timestamp":"2025-07-06T07:10:16.053Z","url":"/api/students/signup"},"timestamp":"2025-07-06T07:10:16.053Z"}
{"level":"info","message":{"ip":"::1","method":"POST","timestamp":"2025-07-06T07:13:48.437Z","url":"/api/students/signup"},"timestamp":"2025-07-06T07:13:48.438Z"}
{"level":"info","message":{"ip":"::1","method":"POST","timestamp":"2025-07-06T07:16:22.719Z","url":"/api/students/signup"},"timestamp":"2025-07-06T07:16:22.719Z"}
{"level":"info","message":{"ip":"::1","method":"POST","timestamp":"2025-07-06T07:18:04.932Z","url":"/api/students/signup"},"timestamp":"2025-07-06T07:18:04.932Z"}
{"level":"info","message":{"ip":"::1","method":"POST","timestamp":"2025-07-06T07:24:32.448Z","url":"/api/students/signup"},"timestamp":"2025-07-06T07:24:32.450Z"}
{"level":"info","message":{"ip":"::1","method":"POST","timestamp":"2025-07-06T07:32:23.298Z","url":"/api/students/signup"},"timestamp":"2025-07-06T07:32:23.298Z"}
{"level":"info","message":{"ip":"::1","method":"POST","timestamp":"2025-07-06T07:34:12.489Z","url":"/api/students/signup"},"timestamp":"2025-07-06T07:34:12.489Z"}
{"level":"info","message":{"ip":"::1","method":"POST","timestamp":"2025-07-06T07:34:35.315Z","url":"/api/students/signup"},"timestamp":"2025-07-06T07:34:35.315Z"}
{"level":"info","message":{"ip":"::1","method":"POST","timestamp":"2025-07-06T07:40:53.296Z","url":"/api/students/signup"},"timestamp":"2025-07-06T07:40:53.297Z"}
{"level":"info","message":{"ip":"::1","method":"POST","timestamp":"2025-07-06T07:41:19.007Z","url":"/api/students/verify"},"timestamp":"2025-07-06T07:41:19.007Z"}
{"level":"info","message":{"ip":"::1","method":"POST","timestamp":"2025-07-06T07:41:36.924Z","url":"/api/students/auth/login"},"timestamp":"2025-07-06T07:41:36.924Z"}
{"level":"info","message":{"ip":"::1","method":"POST","timestamp":"2025-07-06T07:42:43.382Z","url":"/api/institutes/signup"},"timestamp":"2025-07-06T07:42:43.383Z"}
{"level":"info","message":{"ip":"::1","method":"POST","timestamp":"2025-07-06T07:45:18.885Z","url":"/api/institutes/signup"},"timestamp":"2025-07-06T07:45:18.885Z"}
{"level":"info","message":{"ip":"::1","method":"POST","timestamp":"2025-07-06T07:45:39.621Z","url":"/api/institutes/verify"},"timestamp":"2025-07-06T07:45:39.621Z"}
{"level":"info","message":{"ip":"::1","method":"GET","timestamp":"2025-07-06T08:38:45.242Z","url":"/api/students/signup"},"timestamp":"2025-07-06T08:38:45.243Z"}
{"level":"info","message":{"ip":"::1","method":"POST","timestamp":"2025-07-06T08:41:30.906Z","url":"/api/students/signup"},"timestamp":"2025-07-06T08:41:30.906Z"}
{"level":"info","message":{"ip":"::1","method":"POST","timestamp":"2025-07-06T08:41:51.751Z","url":"/api/students/signup"},"timestamp":"2025-07-06T08:41:51.752Z"}
{"level":"info","message":{"ip":"::1","method":"POST","timestamp":"2025-07-06T08:43:07.126Z","url":"/api/students/signup"},"timestamp":"2025-07-06T08:43:07.126Z"}
{"level":"info","message":{"ip":"::1","method":"POST","timestamp":"2025-07-06T08:44:30.336Z","url":"/api/students/signup"},"timestamp":"2025-07-06T08:44:30.336Z"}
{"level":"info","message":{"ip":"::1","method":"POST","timestamp":"2025-07-06T08:44:56.363Z","url":"/api/students/signup"},"timestamp":"2025-07-06T08:44:56.363Z"}
{"level":"info","message":{"ip":"::1","method":"POST","timestamp":"2025-07-06T08:45:22.497Z","url":"/api/students/signup"},"timestamp":"2025-07-06T08:45:22.497Z"}
{"level":"info","message":{"ip":"::1","method":"POST","timestamp":"2025-07-06T08:47:21.644Z","url":"/api/students/signup"},"timestamp":"2025-07-06T08:47:21.644Z"}
{"level":"info","message":{"ip":"::1","method":"POST","timestamp":"2025-07-06T08:48:06.931Z","url":"/api/students/signup"},"timestamp":"2025-07-06T08:48:06.932Z"}
{"level":"info","message":{"ip":"::1","method":"POST","timestamp":"2025-07-06T08:49:28.732Z","url":"/api/students/signup"},"timestamp":"2025-07-06T08:49:28.732Z"}
{"level":"info","message":{"ip":"::1","method":"POST","timestamp":"2025-07-06T08:51:12.271Z","url":"/api/students/signup"},"timestamp":"2025-07-06T08:51:12.271Z"}
{"level":"info","message":{"ip":"::1","method":"POST","timestamp":"2025-07-06T08:51:39.898Z","url":"/api/students/signup"},"timestamp":"2025-07-06T08:51:39.898Z"}
{"level":"info","message":{"ip":"::1","method":"POST","timestamp":"2025-07-06T08:52:56.213Z","url":"/api/students/signup"},"timestamp":"2025-07-06T08:52:56.213Z"}
{"level":"info","message":{"ip":"::1","method":"POST","timestamp":"2025-07-06T08:53:16.228Z","url":"/api/students/signup"},"timestamp":"2025-07-06T08:53:16.228Z"}
{"level":"info","message":{"ip":"::1","method":"POST","timestamp":"2025-07-06T08:54:58.048Z","url":"/api/students/signup"},"timestamp":"2025-07-06T08:54:58.048Z"}
{"level":"info","message":{"ip":"::1","method":"POST","timestamp":"2025-07-06T08:55:24.575Z","url":"/api/students/signup"},"timestamp":"2025-07-06T08:55:24.575Z"}
{"level":"info","message":{"ip":"::1","method":"POST","timestamp":"2025-07-06T08:55:40.587Z","url":"/api/students/signup"},"timestamp":"2025-07-06T08:55:40.587Z"}
{"level":"info","message":{"ip":"::1","method":"POST","timestamp":"2025-07-06T10:23:42.236Z","url":"/api/students/signup"},"timestamp":"2025-07-06T10:23:42.236Z"}
{"level":"info","message":{"ip":"::1","method":"POST","timestamp":"2025-07-06T10:24:07.062Z","url":"/api/students/signup"},"timestamp":"2025-07-06T10:24:07.063Z"}
{"level":"info","message":{"ip":"::1","method":"POST","timestamp":"2025-07-06T10:24:19.737Z","url":"/api/students/signup"},"timestamp":"2025-07-06T10:24:19.737Z"}
{"level":"info","message":{"ip":"::1","method":"POST","timestamp":"2025-07-06T10:25:24.455Z","url":"/api/students/signup"},"timestamp":"2025-07-06T10:25:24.455Z"}
{"level":"info","message":{"ip":"::1","method":"POST","timestamp":"2025-07-06T10:25:34.032Z","url":"/api/students/signup"},"timestamp":"2025-07-06T10:25:34.032Z"}
{"level":"info","message":{"ip":"::1","method":"POST","timestamp":"2025-07-06T10:26:56.023Z","url":"/api/students/signup"},"timestamp":"2025-07-06T10:26:56.024Z"}
{"level":"info","message":{"ip":"::1","method":"POST","timestamp":"2025-07-06T10:28:29.098Z","url":"/api/students/signup"},"timestamp":"2025-07-06T10:28:29.098Z"}
{"level":"info","message":{"ip":"::1","method":"POST","timestamp":"2025-07-06T10:31:02.395Z","url":"/api/students/signup"},"timestamp":"2025-07-06T10:31:02.396Z"}
{"level":"info","message":{"ip":"::1","method":"POST","timestamp":"2025-07-06T10:32:57.344Z","url":"/api/students/signup"},"timestamp":"2025-07-06T10:32:57.345Z"}
{"level":"info","message":{"ip":"::1","method":"POST","timestamp":"2025-07-06T10:34:34.697Z","url":"/api/students/signup"},"timestamp":"2025-07-06T10:34:34.697Z"}
{"level":"info","message":{"ip":"::1","method":"GET","timestamp":"2025-07-06T10:37:12.429Z","url":"/api/students/verify"},"timestamp":"2025-07-06T10:37:12.429Z"}
{"level":"info","message":{"ip":"::1","method":"POST","timestamp":"2025-07-06T10:37:18.489Z","url":"/api/students/verify"},"timestamp":"2025-07-06T10:37:18.489Z"}
{"level":"info","message":{"ip":"::1","method":"GET","timestamp":"2025-07-06T10:42:05.591Z","url":"/api/students/auth/login"},"timestamp":"2025-07-06T10:42:05.591Z"}
{"level":"info","message":{"ip":"::1","method":"POST","timestamp":"2025-07-06T10:42:10.121Z","url":"/api/students/auth/login"},"timestamp":"2025-07-06T10:42:10.121Z"}
{"level":"info","message":{"ip":"::1","method":"GET","timestamp":"2025-07-06T10:59:35.756Z","url":"/api/students/profile"},"timestamp":"2025-07-06T10:59:35.757Z"}
{"level":"info","message":{"ip":"::1","method":"GET","timestamp":"2025-07-06T11:02:45.660Z","url":"/api/students/logout"},"timestamp":"2025-07-06T11:02:45.660Z"}
{"level":"info","message":{"ip":"::1","method":"POST","timestamp":"2025-07-06T11:03:00.821Z","url":"/api/students/logout"},"timestamp":"2025-07-06T11:03:00.822Z"}
{"level":"info","message":{"ip":"::1","method":"POST","timestamp":"2025-07-06T11:09:06.839Z","url":"/api/students/auth/login"},"timestamp":"2025-07-06T11:09:06.839Z"}
{"level":"info","message":{"ip":"::1","method":"POST","timestamp":"2025-07-06T14:15:01.556Z","url":"/api/students/auth/login"},"timestamp":"2025-07-06T14:15:01.557Z"}
{"level":"info","message":{"ip":"::1","method":"POST","timestamp":"2025-07-06T14:15:26.404Z","url":"/api/students/auth/login"},"timestamp":"2025-07-06T14:15:26.404Z"}
{"level":"info","message":{"ip":"::1","method":"POST","timestamp":"2025-07-06T14:17:43.947Z","url":"/api/students/auth/login"},"timestamp":"2025-07-06T14:17:43.947Z"}
{"level":"info","message":{"ip":"::1","method":"POST","timestamp":"2025-07-06T14:21:49.443Z","url":"/api/students/auth/login"},"timestamp":"2025-07-06T14:21:49.443Z"}
{"level":"info","message":{"ip":"::1","method":"POST","timestamp":"2025-07-06T14:22:03.263Z","url":"/api/students/auth/login"},"timestamp":"2025-07-06T14:22:03.263Z"}
{"level":"info","message":{"ip":"::1","method":"POST","timestamp":"2025-07-06T14:25:33.324Z","url":"/api/students/auth/login"},"timestamp":"2025-07-06T14:25:33.325Z"}
{"level":"info","message":{"ip":"::1","method":"POST","timestamp":"2025-07-06T14:26:30.500Z","url":"/api/students/auth/login"},"timestamp":"2025-07-06T14:26:30.500Z"}
{"level":"info","message":{"ip":"::1","method":"POST","timestamp":"2025-07-06T14:27:04.322Z","url":"/api/students/auth/login"},"timestamp":"2025-07-06T14:27:04.322Z"}
{"level":"info","message":{"ip":"::1","method":"POST","timestamp":"2025-07-06T14:29:30.361Z","url":"/api/students/auth/login"},"timestamp":"2025-07-06T14:29:30.361Z"}
{"level":"info","message":{"ip":"::1","method":"POST","timestamp":"2025-07-06T14:31:52.950Z","url":"/api/students/auth/login"},"timestamp":"2025-07-06T14:31:52.950Z"}
{"level":"info","message":{"ip":"::1","method":"POST","timestamp":"2025-07-06T16:06:05.086Z","url":"/api/students/auth/login"},"timestamp":"2025-07-06T16:06:05.086Z"}
{"level":"info","message":{"ip":"::1","method":"POST","timestamp":"2025-07-06T16:07:08.879Z","url":"/api/students/auth/login"},"timestamp":"2025-07-06T16:07:08.879Z"}
{"level":"info","message":{"ip":"::1","method":"POST","timestamp":"2025-07-06T16:13:52.030Z","url":"/api/students/auth/login"},"timestamp":"2025-07-06T16:13:52.031Z"}
{"level":"info","message":{"ip":"::1","method":"POST","timestamp":"2025-07-06T16:17:31.648Z","url":"/api/students/auth/login"},"timestamp":"2025-07-06T16:17:31.648Z"}
{"level":"info","message":{"ip":"::1","method":"POST","timestamp":"2025-07-06T16:18:45.126Z","url":"/api/students/auth/login"},"timestamp":"2025-07-06T16:18:45.126Z"}
{"level":"info","message":{"ip":"::1","method":"POST","timestamp":"2025-07-06T16:19:01.874Z","url":"/api/students/auth/login"},"timestamp":"2025-07-06T16:19:01.874Z"}
{"level":"info","message":{"ip":"::1","method":"POST","timestamp":"2025-07-06T16:19:38.947Z","url":"/api/students/auth/login"},"timestamp":"2025-07-06T16:19:38.947Z"}
{"level":"info","message":{"ip":"::1","method":"POST","timestamp":"2025-07-06T16:19:50.814Z","url":"/api/students/auth/login"},"timestamp":"2025-07-06T16:19:50.815Z"}
{"level":"info","message":{"ip":"::1","method":"POST","timestamp":"2025-07-06T16:20:04.624Z","url":"/api/students/auth/login"},"timestamp":"2025-07-06T16:20:04.624Z"}
{"level":"info","message":{"ip":"::1","method":"POST","timestamp":"2025-07-06T16:20:24.259Z","url":"/api/students/auth/login"},"timestamp":"2025-07-06T16:20:24.259Z"}
{"level":"info","message":{"ip":"::1","method":"POST","timestamp":"2025-07-07T04:18:15.669Z","url":"/api/students/signup"},"timestamp":"2025-07-07T04:18:15.669Z"}
{"level":"info","message":{"ip":"::1","method":"POST","timestamp":"2025-07-07T04:18:22.572Z","url":"/api/students/signup"},"timestamp":"2025-07-07T04:18:22.572Z"}
{"level":"info","message":{"ip":"::1","method":"POST","timestamp":"2025-07-07T04:18:37.750Z","url":"/api/students/signup"},"timestamp":"2025-07-07T04:18:37.750Z"}
{"level":"info","message":{"ip":"::1","method":"POST","timestamp":"2025-07-07T04:18:50.868Z","url":"/api/students/signup"},"timestamp":"2025-07-07T04:18:50.868Z"}
{"level":"info","message":{"ip":"::1","method":"POST","timestamp":"2025-07-07T04:19:24.791Z","url":"/api/students/signup"},"timestamp":"2025-07-07T04:19:24.791Z"}
{"level":"info","message":{"ip":"::1","method":"POST","timestamp":"2025-07-07T04:20:24.376Z","url":"/api/students/signup"},"timestamp":"2025-07-07T04:20:24.376Z"}
{"level":"info","message":{"ip":"::1","method":"POST","timestamp":"2025-07-07T04:32:30.090Z","url":"/api/students/signup"},"timestamp":"2025-07-07T04:32:30.090Z"}
{"level":"info","message":{"ip":"::1","method":"POST","timestamp":"2025-07-07T04:33:21.532Z","url":"/api/students/verify"},"timestamp":"2025-07-07T04:33:21.532Z"}
{"level":"info","message":{"ip":"::1","method":"POST","timestamp":"2025-07-07T04:35:55.059Z","url":"/api/students/auth/login"},"timestamp":"2025-07-07T04:35:55.059Z"}
{"level":"info","message":{"ip":"::1","method":"GET","timestamp":"2025-07-07T04:59:11.699Z","url":"/api/students/profile"},"timestamp":"2025-07-07T04:59:11.699Z"}
{"level":"info","message":{"ip":"::1","method":"GET","timestamp":"2025-07-07T04:59:17.695Z","url":"/api/students/profile"},"timestamp":"2025-07-07T04:59:17.695Z"}
{"level":"info","message":{"ip":"::1","method":"GET","timestamp":"2025-07-07T04:59:35.694Z","url":"/api/students/profile"},"timestamp":"2025-07-07T04:59:35.694Z"}
{"level":"info","message":{"ip":"::1","method":"GET","timestamp":"2025-07-07T04:59:38.706Z","url":"/api/students/profile"},"timestamp":"2025-07-07T04:59:38.706Z"}
{"level":"info","message":{"ip":"::1","method":"GET","timestamp":"2025-07-07T04:59:44.713Z","url":"/api/students/profile"},"timestamp":"2025-07-07T04:59:44.713Z"}
{"level":"info","message":{"ip":"::1","method":"GET","timestamp":"2025-07-07T04:59:46.684Z","url":"/api/students/profile"},"timestamp":"2025-07-07T04:59:46.684Z"}
{"level":"info","message":{"ip":"::1","method":"POST","timestamp":"2025-07-07T05:01:39.370Z","url":"/api/students/auth/login"},"timestamp":"2025-07-07T05:01:39.370Z"}
{"level":"info","message":{"ip":"::1","method":"POST","timestamp":"2025-07-07T05:01:52.327Z","url":"/api/students/auth/login"},"timestamp":"2025-07-07T05:01:52.327Z"}
{"level":"info","message":{"ip":"::1","method":"GET","timestamp":"2025-07-07T05:01:57.059Z","url":"/api/students/profile"},"timestamp":"2025-07-07T05:01:57.059Z"}
{"level":"info","message":{"ip":"::1","method":"GET","timestamp":"2025-07-07T05:02:42.692Z","url":"/api/students/profile"},"timestamp":"2025-07-07T05:02:42.692Z"}
{"level":"info","message":{"ip":"::1","method":"GET","timestamp":"2025-07-07T05:02:47.690Z","url":"/api/students/profile"},"timestamp":"2025-07-07T05:02:47.690Z"}
{"level":"info","message":{"ip":"::1","method":"GET","timestamp":"2025-07-07T05:02:49.696Z","url":"/api/students/profile"},"timestamp":"2025-07-07T05:02:49.696Z"}
{"level":"info","message":{"ip":"::1","method":"POST","timestamp":"2025-07-07T05:03:36.539Z","url":"/api/students/auth/login"},"timestamp":"2025-07-07T05:03:36.539Z"}
{"level":"info","message":{"ip":"::1","method":"GET","timestamp":"2025-07-07T05:03:40.124Z","url":"/api/students/profile"},"timestamp":"2025-07-07T05:03:40.124Z"}
{"level":"info","message":{"ip":"::1","method":"POST","timestamp":"2025-07-07T05:16:47.387Z","url":"/api/students/auth/login"},"timestamp":"2025-07-07T05:16:47.388Z"}
{"level":"info","message":{"ip":"::1","method":"GET","timestamp":"2025-07-07T05:16:54.705Z","url":"/api/students/profile"},"timestamp":"2025-07-07T05:16:54.705Z"}
{"level":"info","message":{"ip":"::1","method":"GET","timestamp":"2025-07-07T05:16:59.968Z","url":"/api/students/profile"},"timestamp":"2025-07-07T05:16:59.968Z"}
{"level":"info","message":{"ip":"::1","method":"POST","timestamp":"2025-07-07T05:20:30.856Z","url":"/api/students/auth/login"},"timestamp":"2025-07-07T05:20:30.856Z"}
{"level":"info","message":{"ip":"::1","method":"POST","timestamp":"2025-07-07T05:21:52.585Z","url":"/api/students/auth/login"},"timestamp":"2025-07-07T05:21:52.585Z"}
{"level":"info","message":{"ip":"::1","method":"GET","timestamp":"2025-07-07T05:21:57.639Z","url":"/api/students/profile"},"timestamp":"2025-07-07T05:21:57.639Z"}
{"level":"info","message":{"ip":"::1","method":"GET","timestamp":"2025-07-07T06:05:33.789Z","url":"/api/institutes/institutes-data"},"timestamp":"2025-07-07T06:05:33.792Z"}
{"level":"info","message":{"ip":"::1","method":"POST","timestamp":"2025-07-07T06:48:53.492Z","url":"/api/students/auth/login"},"timestamp":"2025-07-07T06:48:53.493Z"}
{"level":"info","message":{"ip":"::1","method":"POST","timestamp":"2025-07-07T06:50:47.182Z","url":"/api/students/auth/login"},"timestamp":"2025-07-07T06:50:47.182Z"}
{"level":"info","message":{"ip":"::1","method":"GET","timestamp":"2025-07-07T06:57:15.762Z","url":"/api/students/me"},"timestamp":"2025-07-07T06:57:15.762Z"}
{"level":"info","message":{"ip":"::1","method":"GET","timestamp":"2025-07-07T06:57:15.833Z","url":"/api/institutes/me"},"timestamp":"2025-07-07T06:57:15.833Z"}
{"level":"info","message":{"ip":"::1","method":"GET","timestamp":"2025-07-07T06:58:10.795Z","url":"/api/students/me"},"timestamp":"2025-07-07T06:58:10.795Z"}
{"level":"info","message":{"ip":"::1","method":"GET","timestamp":"2025-07-07T06:58:10.869Z","url":"/api/institutes/profile"},"timestamp":"2025-07-07T06:58:10.869Z"}
{"level":"info","message":{"ip":"::1","method":"GET","timestamp":"2025-07-07T06:58:15.495Z","url":"/api/students/profile"},"timestamp":"2025-07-07T06:58:15.495Z"}
{"level":"info","message":{"ip":"::1","method":"GET","timestamp":"2025-07-07T06:58:36.675Z","url":"/api/students/profile"},"timestamp":"2025-07-07T06:58:36.675Z"}
{"level":"info","message":{"ip":"::1","method":"GET","timestamp":"2025-07-07T06:58:50.807Z","url":"/api/students/profile"},"timestamp":"2025-07-07T06:58:50.807Z"}
{"level":"info","message":{"ip":"::1","method":"GET","timestamp":"2025-07-07T06:58:55.258Z","url":"/api/students/profile"},"timestamp":"2025-07-07T06:58:55.258Z"}
{"level":"info","message":{"ip":"::1","method":"GET","timestamp":"2025-07-07T06:59:02.056Z","url":"/api/students/profile"},"timestamp":"2025-07-07T06:59:02.056Z"}
{"level":"info","message":{"ip":"::1","method":"GET","timestamp":"2025-07-07T06:59:02.488Z","url":"/api/students/profile"},"timestamp":"2025-07-07T06:59:02.488Z"}
{"level":"info","message":{"ip":"::1","method":"GET","timestamp":"2025-07-07T06:59:17.567Z","url":"/api/students/profile"},"timestamp":"2025-07-07T06:59:17.567Z"}
{"level":"info","message":{"ip":"::1","method":"GET","timestamp":"2025-07-07T07:04:35.781Z","url":"/api/students/profile"},"timestamp":"2025-07-07T07:04:35.782Z"}
{"level":"info","message":{"ip":"::1","method":"GET","timestamp":"2025-07-07T07:04:41.172Z","url":"/api/students/profile"},"timestamp":"2025-07-07T07:04:41.172Z"}
{"level":"info","message":{"ip":"::1","method":"GET","timestamp":"2025-07-07T07:05:23.574Z","url":"/api/students/profile"},"timestamp":"2025-07-07T07:05:23.574Z"}
{"level":"info","message":{"ip":"::1","method":"GET","timestamp":"2025-07-07T07:05:29.614Z","url":"/api/students/profile"},"timestamp":"2025-07-07T07:05:29.614Z"}
{"level":"info","message":{"ip":"::1","method":"GET","timestamp":"2025-07-07T07:05:34.427Z","url":"/api/students/profile"},"timestamp":"2025-07-07T07:05:34.427Z"}
{"level":"info","message":{"ip":"::1","method":"POST","timestamp":"2025-07-07T07:05:39.039Z","url":"/api/students/logout"},"timestamp":"2025-07-07T07:05:39.039Z"}
{"level":"info","message":{"ip":"::1","method":"GET","timestamp":"2025-07-07T07:05:39.409Z","url":"/api/students/logout"},"timestamp":"2025-07-07T07:05:39.409Z"}
{"level":"info","message":{"ip":"::1","method":"POST","timestamp":"2025-07-07T07:05:50.966Z","url":"/api/students/auth/login"},"timestamp":"2025-07-07T07:05:50.966Z"}
{"level":"info","message":{"ip":"::1","method":"POST","timestamp":"2025-07-07T07:10:44.317Z","url":"/api/students/auth/login"},"timestamp":"2025-07-07T07:10:44.318Z"}
{"level":"info","message":{"ip":"::1","method":"POST","timestamp":"2025-07-07T07:11:09.502Z","url":"/api/students/auth/login"},"timestamp":"2025-07-07T07:11:09.502Z"}
{"level":"info","message":{"ip":"::1","method":"POST","timestamp":"2025-07-07T07:24:46.254Z","url":"/api/students/signup"},"timestamp":"2025-07-07T07:24:46.255Z"}
{"level":"info","message":{"ip":"::1","method":"POST","timestamp":"2025-07-07T07:25:21.662Z","url":"/api/students/verify"},"timestamp":"2025-07-07T07:25:21.662Z"}
{"level":"info","message":{"ip":"::1","method":"GET","timestamp":"2025-07-07T07:34:38.494Z","url":"/api/students/profile"},"timestamp":"2025-07-07T07:34:38.495Z"}
{"level":"info","message":{"ip":"::1","method":"GET","timestamp":"2025-07-07T07:35:22.074Z","url":"/api/students/profile"},"timestamp":"2025-07-07T07:35:22.074Z"}
{"level":"info","message":{"ip":"::1","method":"GET","timestamp":"2025-07-07T07:35:22.343Z","url":"/api/students/profile"},"timestamp":"2025-07-07T07:35:22.343Z"}
{"level":"info","message":{"ip":"::1","method":"GET","timestamp":"2025-07-07T07:35:33.204Z","url":"/api/students/profile"},"timestamp":"2025-07-07T07:35:33.204Z"}
{"level":"info","message":{"ip":"::1","method":"GET","timestamp":"2025-07-07T07:35:33.350Z","url":"/api/students/profile"},"timestamp":"2025-07-07T07:35:33.350Z"}
{"level":"info","message":{"ip":"::1","method":"GET","timestamp":"2025-07-07T07:35:39.722Z","url":"/api/students/profile"},"timestamp":"2025-07-07T07:35:39.722Z"}
{"level":"info","message":{"ip":"::1","method":"GET","timestamp":"2025-07-07T07:35:40.036Z","url":"/api/students/profile"},"timestamp":"2025-07-07T07:35:40.036Z"}
{"level":"info","message":{"ip":"::1","method":"GET","timestamp":"2025-07-07T07:35:49.111Z","url":"/api/students/logout"},"timestamp":"2025-07-07T07:35:49.111Z"}
{"level":"info","message":{"ip":"::1","method":"GET","timestamp":"2025-07-07T07:35:52.227Z","url":"/api/students/profile"},"timestamp":"2025-07-07T07:35:52.227Z"}
{"level":"info","message":{"ip":"::1","method":"POST","timestamp":"2025-07-07T07:35:59.519Z","url":"/api/students/auth/login"},"timestamp":"2025-07-07T07:35:59.519Z"}
{"level":"info","message":{"ip":"::1","method":"GET","timestamp":"2025-07-07T07:36:04.102Z","url":"/api/students/logout"},"timestamp":"2025-07-07T07:36:04.102Z"}
{"level":"info","message":{"ip":"::1","method":"GET","timestamp":"2025-07-07T07:36:06.873Z","url":"/api/students/profile"},"timestamp":"2025-07-07T07:36:06.873Z"}
{"level":"info","message":{"ip":"::1","method":"POST","timestamp":"2025-07-07T07:36:40.022Z","url":"/api/students/signup"},"timestamp":"2025-07-07T07:36:40.022Z"}
{"level":"info","message":{"ip":"::1","method":"POST","timestamp":"2025-07-07T07:54:42.062Z","url":"/api/students/signup"},"timestamp":"2025-07-07T07:54:42.063Z"}
{"level":"info","message":{"ip":"::1","method":"POST","timestamp":"2025-07-07T07:54:53.832Z","url":"/api/students/signup"},"timestamp":"2025-07-07T07:54:53.832Z"}
{"level":"info","message":{"ip":"::1","method":"POST","timestamp":"2025-07-07T07:55:28.100Z","url":"/api/students/verify"},"timestamp":"2025-07-07T07:55:28.100Z"}
{"level":"info","message":{"ip":"::1","method":"GET","timestamp":"2025-07-07T07:59:20.392Z","url":"/api/students/profile"},"timestamp":"2025-07-07T07:59:20.392Z"}
{"level":"info","message":{"ip":"::1","method":"GET","timestamp":"2025-07-07T07:59:20.788Z","url":"/api/students/profile"},"timestamp":"2025-07-07T07:59:20.788Z"}
{"level":"info","message":{"ip":"::1","method":"GET","timestamp":"2025-07-07T07:59:47.105Z","url":"/api/students/profile"},"timestamp":"2025-07-07T07:59:47.105Z"}
{"level":"info","message":{"ip":"::1","method":"GET","timestamp":"2025-07-07T07:59:47.359Z","url":"/api/students/profile"},"timestamp":"2025-07-07T07:59:47.359Z"}
{"level":"info","message":{"ip":"::1","method":"GET","timestamp":"2025-07-07T08:00:05.753Z","url":"/api/students/profile"},"timestamp":"2025-07-07T08:00:05.754Z"}
{"level":"info","message":{"ip":"::1","method":"GET","timestamp":"2025-07-07T08:00:07.679Z","url":"/api/students/profile"},"timestamp":"2025-07-07T08:00:07.679Z"}
{"level":"info","message":{"ip":"::1","method":"POST","timestamp":"2025-07-07T08:00:15.370Z","url":"/api/students/auth/login"},"timestamp":"2025-07-07T08:00:15.370Z"}
{"level":"info","message":{"ip":"::1","method":"GET","timestamp":"2025-07-07T08:00:33.251Z","url":"/api/students/profile"},"timestamp":"2025-07-07T08:00:33.251Z"}
{"level":"info","message":{"ip":"::1","method":"GET","timestamp":"2025-07-07T08:00:33.494Z","url":"/api/students/profile"},"timestamp":"2025-07-07T08:00:33.494Z"}
{"level":"info","message":{"ip":"::1","method":"GET","timestamp":"2025-07-07T08:00:42.704Z","url":"/api/students/logout"},"timestamp":"2025-07-07T08:00:42.704Z"}
{"level":"info","message":{"ip":"::1","method":"GET","timestamp":"2025-07-07T08:00:59.163Z","url":"/api/students/profile"},"timestamp":"2025-07-07T08:00:59.163Z"}
{"level":"info","message":{"ip":"::1","method":"POST","timestamp":"2025-07-07T08:01:07.843Z","url":"/api/students/auth/login"},"timestamp":"2025-07-07T08:01:07.843Z"}
{"level":"info","message":{"ip":"::1","method":"GET","timestamp":"2025-07-07T08:03:45.698Z","url":"/api/students/profile"},"timestamp":"2025-07-07T08:03:45.698Z"}
{"level":"info","message":{"ip":"::1","method":"GET","timestamp":"2025-07-07T08:03:45.943Z","url":"/api/students/profile"},"timestamp":"2025-07-07T08:03:45.943Z"}
{"level":"info","message":{"ip":"::1","method":"GET","timestamp":"2025-07-07T08:03:53.641Z","url":"/api/students/profile"},"timestamp":"2025-07-07T08:03:53.641Z"}
{"level":"info","message":{"ip":"::1","method":"GET","timestamp":"2025-07-07T08:03:54.072Z","url":"/api/students/profile"},"timestamp":"2025-07-07T08:03:54.072Z"}
{"level":"info","message":{"ip":"::1","method":"GET","timestamp":"2025-07-07T08:04:03.851Z","url":"/api/students/logout"},"timestamp":"2025-07-07T08:04:03.851Z"}
{"level":"info","message":{"ip":"::1","method":"GET","timestamp":"2025-07-07T08:04:11.164Z","url":"/api/students/profile"},"timestamp":"2025-07-07T08:04:11.164Z"}
{"level":"info","message":{"ip":"::1","method":"POST","timestamp":"2025-07-07T08:04:35.136Z","url":"/api/students/auth/login"},"timestamp":"2025-07-07T08:04:35.136Z"}
{"level":"info","message":{"ip":"::1","method":"GET","timestamp":"2025-07-07T08:07:30.773Z","url":"/api/students/profile"},"timestamp":"2025-07-07T08:07:30.773Z"}
{"level":"info","message":{"ip":"::1","method":"GET","timestamp":"2025-07-07T08:07:32.042Z","url":"/api/students/profile"},"timestamp":"2025-07-07T08:07:32.042Z"}
{"level":"info","message":{"ip":"::1","method":"GET","timestamp":"2025-07-07T08:07:38.572Z","url":"/api/students/profile"},"timestamp":"2025-07-07T08:07:38.572Z"}
{"level":"info","message":{"ip":"::1","method":"GET","timestamp":"2025-07-07T08:07:38.711Z","url":"/api/students/profile"},"timestamp":"2025-07-07T08:07:38.712Z"}
{"level":"info","message":{"ip":"::1","method":"GET","timestamp":"2025-07-07T08:07:46.047Z","url":"/api/students/logout"},"timestamp":"2025-07-07T08:07:46.047Z"}
{"level":"info","message":{"ip":"::1","method":"GET","timestamp":"2025-07-07T08:07:51.666Z","url":"/api/students/profile"},"timestamp":"2025-07-07T08:07:51.666Z"}
{"level":"info","message":{"ip":"::1","method":"POST","timestamp":"2025-07-07T08:07:59.102Z","url":"/api/students/auth/login"},"timestamp":"2025-07-07T08:07:59.102Z"}
{"level":"info","message":{"ip":"::1","method":"GET","timestamp":"2025-07-07T08:08:43.570Z","url":"/api/students/profile"},"timestamp":"2025-07-07T08:08:43.570Z"}
{"level":"info","message":{"ip":"::1","method":"GET","timestamp":"2025-07-07T08:08:43.822Z","url":"/api/students/profile"},"timestamp":"2025-07-07T08:08:43.822Z"}
{"level":"info","message":{"ip":"::1","method":"GET","timestamp":"2025-07-07T08:39:07.457Z","url":"/api/students/profile"},"timestamp":"2025-07-07T08:39:07.458Z"}
{"level":"info","message":{"ip":"::1","method":"GET","timestamp":"2025-07-07T08:39:09.293Z","url":"/api/students/profile"},"timestamp":"2025-07-07T08:39:09.293Z"}
{"level":"info","message":{"ip":"::1","method":"GET","timestamp":"2025-07-07T08:56:44.062Z","url":"/api/students/profile"},"timestamp":"2025-07-07T08:56:44.067Z"}
{"level":"info","message":{"ip":"::1","method":"GET","timestamp":"2025-07-07T08:56:47.817Z","url":"/api/students/profile"},"timestamp":"2025-07-07T08:56:47.820Z"}
{"level":"info","message":{"ip":"::1","method":"GET","timestamp":"2025-07-07T09:41:48.389Z","url":"/api/students/profile"},"timestamp":"2025-07-07T09:41:48.392Z"}
{"level":"info","message":{"ip":"::1","method":"GET","timestamp":"2025-07-07T09:41:50.542Z","url":"/api/students/profile"},"timestamp":"2025-07-07T09:41:50.542Z"}
{"level":"info","message":{"ip":"::1","method":"GET","timestamp":"2025-07-07T10:27:39.773Z","url":"/api/students/profile"},"timestamp":"2025-07-07T10:27:39.777Z"}
{"level":"info","message":{"ip":"::1","method":"GET","timestamp":"2025-07-07T10:27:42.187Z","url":"/api/students/profile"},"timestamp":"2025-07-07T10:27:42.187Z"}
{"level":"info","message":{"ip":"::1","method":"GET","timestamp":"2025-07-07T10:30:03.231Z","url":"/api/students/profile"},"timestamp":"2025-07-07T10:30:03.232Z"}
{"level":"info","message":{"ip":"::1","method":"GET","timestamp":"2025-07-07T10:30:03.652Z","url":"/api/students/profile"},"timestamp":"2025-07-07T10:30:03.652Z"}
{"level":"info","message":{"ip":"::1","method":"GET","timestamp":"2025-07-07T10:32:15.625Z","url":"/api/students/profile"},"timestamp":"2025-07-07T10:32:15.625Z"}
{"level":"info","message":{"ip":"::1","method":"GET","timestamp":"2025-07-07T10:32:16.280Z","url":"/api/students/profile"},"timestamp":"2025-07-07T10:32:16.280Z"}
{"level":"info","message":{"ip":"::1","method":"GET","timestamp":"2025-07-07T10:32:23.912Z","url":"/api/students/logout"},"timestamp":"2025-07-07T10:32:23.912Z"}
{"level":"info","message":{"ip":"::1","method":"GET","timestamp":"2025-07-07T10:44:44.542Z","url":"/api/students/profile"},"timestamp":"2025-07-07T10:44:44.543Z"}
{"level":"info","message":{"ip":"::1","method":"GET","timestamp":"2025-07-07T10:44:49.451Z","url":"/api/students/profile"},"timestamp":"2025-07-07T10:44:49.452Z"}
{"level":"info","message":{"ip":"::1","method":"GET","timestamp":"2025-07-07T10:44:49.661Z","url":"/api/students/profile"},"timestamp":"2025-07-07T10:44:49.661Z"}
{"level":"info","message":{"ip":"::1","method":"POST","timestamp":"2025-07-07T10:44:52.775Z","url":"/api/students/logout"},"timestamp":"2025-07-07T10:44:52.775Z"}
{"level":"info","message":{"ip":"::1","method":"GET","timestamp":"2025-07-07T10:49:01.306Z","url":"/api/students/profile"},"timestamp":"2025-07-07T10:49:01.306Z"}
{"level":"info","message":{"ip":"::1","method":"POST","timestamp":"2025-07-07T10:49:10.516Z","url":"/api/students/auth/login"},"timestamp":"2025-07-07T10:49:10.516Z"}
{"level":"info","message":{"ip":"::1","method":"POST","timestamp":"2025-07-07T10:49:21.036Z","url":"/api/students/logout"},"timestamp":"2025-07-07T10:49:21.036Z"}
{"level":"info","message":{"ip":"::1","method":"GET","timestamp":"2025-07-07T10:52:25.928Z","url":"/api/students/profile"},"timestamp":"2025-07-07T10:52:25.928Z"}
{"level":"info","message":{"ip":"::1","method":"GET","timestamp":"2025-07-07T10:52:31.056Z","url":"/api/institutes/profile"},"timestamp":"2025-07-07T10:52:31.056Z"}
{"level":"info","message":{"ip":"::1","method":"POST","timestamp":"2025-07-07T10:52:40.612Z","url":"/api/students/auth/login"},"timestamp":"2025-07-07T10:52:40.612Z"}
{"level":"info","message":{"ip":"::1","method":"GET","timestamp":"2025-07-07T10:52:51.613Z","url":"/api/students/profile"},"timestamp":"2025-07-07T10:52:51.613Z"}
{"level":"info","message":{"ip":"::1","method":"POST","timestamp":"2025-07-07T10:52:59.519Z","url":"/api/students/auth/login"},"timestamp":"2025-07-07T10:52:59.519Z"}
{"level":"info","message":{"ip":"::1","method":"POST","timestamp":"2025-07-07T10:53:10.114Z","url":"/api/students/logout"},"timestamp":"2025-07-07T10:53:10.114Z"}
{"level":"info","message":{"ip":"::1","method":"GET","timestamp":"2025-07-07T10:54:58.567Z","url":"/api/students/profile"},"timestamp":"2025-07-07T10:54:58.573Z"}
{"level":"info","message":{"ip":"::1","method":"GET","timestamp":"2025-07-07T10:54:59.908Z","url":"/api/students/profile"},"timestamp":"2025-07-07T10:54:59.908Z"}
{"level":"info","message":{"ip":"::1","method":"POST","timestamp":"2025-07-07T10:55:06.938Z","url":"/api/students/logout"},"timestamp":"2025-07-07T10:55:06.938Z"}
{"level":"info","message":{"ip":"::1","method":"GET","timestamp":"2025-07-07T10:55:10.603Z","url":"/api/students/profile"},"timestamp":"2025-07-07T10:55:10.603Z"}
{"level":"info","message":{"ip":"::1","method":"GET","timestamp":"2025-07-07T10:55:11.246Z","url":"/api/students/profile"},"timestamp":"2025-07-07T10:55:11.246Z"}
{"level":"info","message":{"ip":"::1","method":"POST","timestamp":"2025-07-07T10:55:34.699Z","url":"/api/students/logout"},"timestamp":"2025-07-07T10:55:34.699Z"}
{"level":"info","message":{"ip":"::1","method":"GET","timestamp":"2025-07-07T10:55:39.042Z","url":"/api/students/profile"},"timestamp":"2025-07-07T10:55:39.042Z"}
{"level":"info","message":{"ip":"::1","method":"GET","timestamp":"2025-07-07T10:55:39.472Z","url":"/api/students/profile"},"timestamp":"2025-07-07T10:55:39.472Z"}
{"level":"info","message":{"ip":"::1","method":"GET","timestamp":"2025-07-07T11:00:26.167Z","url":"/api/students/profile"},"timestamp":"2025-07-07T11:00:26.167Z"}
{"level":"info","message":{"ip":"::1","method":"GET","timestamp":"2025-07-07T11:00:27.464Z","url":"/api/students/profile"},"timestamp":"2025-07-07T11:00:27.464Z"}
{"level":"info","message":{"ip":"::1","method":"POST","timestamp":"2025-07-07T11:00:36.988Z","url":"/api/students/logout"},"timestamp":"2025-07-07T11:00:36.988Z"}
{"level":"info","message":{"ip":"::1","method":"GET","timestamp":"2025-07-07T11:00:40.853Z","url":"/api/students/profile"},"timestamp":"2025-07-07T11:00:40.853Z"}
{"level":"info","message":{"ip":"::1","method":"GET","timestamp":"2025-07-07T11:00:40.865Z","url":"/api/students/profile"},"timestamp":"2025-07-07T11:00:40.865Z"}
{"level":"info","message":{"ip":"::1","method":"GET","timestamp":"2025-07-07T11:00:40.963Z","url":"/api/institutes/profile"},"timestamp":"2025-07-07T11:00:40.963Z"}
{"level":"info","message":{"ip":"::1","method":"GET","timestamp":"2025-07-07T11:00:40.988Z","url":"/api/institutes/profile"},"timestamp":"2025-07-07T11:00:40.988Z"}
{"level":"info","message":{"ip":"::1","method":"GET","timestamp":"2025-07-07T11:00:51.049Z","url":"/api/students/profile"},"timestamp":"2025-07-07T11:00:51.049Z"}
{"level":"info","message":{"ip":"::1","method":"GET","timestamp":"2025-07-07T11:00:51.075Z","url":"/api/students/profile"},"timestamp":"2025-07-07T11:00:51.075Z"}
{"level":"info","message":{"ip":"::1","method":"GET","timestamp":"2025-07-07T11:00:51.164Z","url":"/api/institutes/profile"},"timestamp":"2025-07-07T11:00:51.164Z"}
{"level":"info","message":{"ip":"::1","method":"GET","timestamp":"2025-07-07T11:00:51.175Z","url":"/api/institutes/profile"},"timestamp":"2025-07-07T11:00:51.175Z"}
{"level":"info","message":{"ip":"::1","method":"GET","timestamp":"2025-07-07T11:00:56.246Z","url":"/api/students/profile"},"timestamp":"2025-07-07T11:00:56.246Z"}
{"level":"info","message":{"ip":"::1","method":"GET","timestamp":"2025-07-07T11:00:56.281Z","url":"/api/institutes/profile"},"timestamp":"2025-07-07T11:00:56.281Z"}
{"level":"info","message":{"ip":"::1","method":"POST","timestamp":"2025-07-07T11:01:04.193Z","url":"/api/students/auth/login"},"timestamp":"2025-07-07T11:01:04.193Z"}
{"level":"info","message":{"ip":"::1","method":"GET","timestamp":"2025-07-07T11:01:17.872Z","url":"/api/students/profile"},"timestamp":"2025-07-07T11:01:17.872Z"}
{"level":"info","message":{"ip":"::1","method":"GET","timestamp":"2025-07-07T11:01:18.019Z","url":"/api/students/profile"},"timestamp":"2025-07-07T11:01:18.019Z"}
{"level":"info","message":{"ip":"::1","method":"POST","timestamp":"2025-07-07T11:01:26.360Z","url":"/api/students/logout"},"timestamp":"2025-07-07T11:01:26.360Z"}
{"level":"info","message":{"ip":"::1","method":"GET","timestamp":"2025-07-07T11:01:31.217Z","url":"/api/students/profile"},"timestamp":"2025-07-07T11:01:31.217Z"}
{"level":"info","message":{"ip":"::1","method":"GET","timestamp":"2025-07-07T11:01:31.258Z","url":"/api/institutes/profile"},"timestamp":"2025-07-07T11:01:31.258Z"}
{"level":"info","message":{"ip":"::1","method":"GET","timestamp":"2025-07-07T11:01:35.212Z","url":"/api/students/profile"},"timestamp":"2025-07-07T11:01:35.212Z"}
{"level":"info","message":{"ip":"::1","method":"GET","timestamp":"2025-07-07T11:01:35.234Z","url":"/api/students/profile"},"timestamp":"2025-07-07T11:01:35.234Z"}
{"level":"info","message":{"ip":"::1","method":"GET","timestamp":"2025-07-07T11:01:35.317Z","url":"/api/institutes/profile"},"timestamp":"2025-07-07T11:01:35.317Z"}
{"level":"info","message":{"ip":"::1","method":"GET","timestamp":"2025-07-07T11:01:35.343Z","url":"/api/institutes/profile"},"timestamp":"2025-07-07T11:01:35.343Z"}
{"level":"info","message":{"ip":"::1","method":"GET","timestamp":"2025-07-07T11:01:39.896Z","url":"/api/students/profile"},"timestamp":"2025-07-07T11:01:39.896Z"}
{"level":"info","message":{"ip":"::1","method":"GET","timestamp":"2025-07-07T11:01:39.936Z","url":"/api/institutes/profile"},"timestamp":"2025-07-07T11:01:39.936Z"}
{"level":"info","message":{"ip":"::1","method":"POST","timestamp":"2025-07-07T11:01:48.609Z","url":"/api/students/auth/login"},"timestamp":"2025-07-07T11:01:48.609Z"}
{"level":"info","message":{"ip":"::1","method":"GET","timestamp":"2025-07-07T11:08:10.005Z","url":"/api/students/profile"},"timestamp":"2025-07-07T11:08:10.005Z"}
{"level":"info","message":{"ip":"::1","method":"GET","timestamp":"2025-07-07T11:08:12.656Z","url":"/api/students/profile"},"timestamp":"2025-07-07T11:08:12.656Z"}
{"level":"info","message":{"ip":"::1","method":"GET","timestamp":"2025-07-07T11:08:14.119Z","url":"/api/students/profile"},"timestamp":"2025-07-07T11:08:14.119Z"}
{"level":"info","message":{"ip":"::1","method":"GET","timestamp":"2025-07-07T11:08:14.280Z","url":"/api/students/profile"},"timestamp":"2025-07-07T11:08:14.280Z"}
{"level":"info","message":{"ip":"::1","method":"POST","timestamp":"2025-07-07T11:08:16.971Z","url":"/api/students/logout"},"timestamp":"2025-07-07T11:08:16.971Z"}
{"level":"info","message":{"ip":"::1","method":"GET","timestamp":"2025-07-07T11:08:20.832Z","url":"/api/students/profile"},"timestamp":"2025-07-07T11:08:20.832Z"}
{"level":"info","message":{"ip":"::1","method":"GET","timestamp":"2025-07-07T11:08:20.862Z","url":"/api/institutes/profile"},"timestamp":"2025-07-07T11:08:20.862Z"}
{"level":"info","message":{"ip":"::1","method":"POST","timestamp":"2025-07-07T11:08:29.552Z","url":"/api/students/auth/login"},"timestamp":"2025-07-07T11:08:29.552Z"}
{"level":"info","message":{"ip":"::1","method":"GET","timestamp":"2025-07-07T11:09:50.240Z","url":"/api/students/profile"},"timestamp":"2025-07-07T11:09:50.240Z"}
{"level":"info","message":{"ip":"::1","method":"GET","timestamp":"2025-07-07T11:09:50.533Z","url":"/api/students/profile"},"timestamp":"2025-07-07T11:09:50.533Z"}
{"level":"info","message":{"ip":"::1","method":"POST","timestamp":"2025-07-07T11:09:58.918Z","url":"/api/students/auth/login"},"timestamp":"2025-07-07T11:09:58.918Z"}
{"level":"info","message":{"ip":"::1","method":"GET","timestamp":"2025-07-07T11:10:04.006Z","url":"/api/students/profile"},"timestamp":"2025-07-07T11:10:04.006Z"}
{"level":"info","message":{"ip":"::1","method":"GET","timestamp":"2025-07-07T11:10:04.156Z","url":"/api/students/profile"},"timestamp":"2025-07-07T11:10:04.156Z"}
{"level":"info","message":{"ip":"::1","method":"POST","timestamp":"2025-07-07T11:10:07.061Z","url":"/api/students/logout"},"timestamp":"2025-07-07T11:10:07.061Z"}
{"level":"info","message":{"ip":"::1","method":"GET","timestamp":"2025-07-07T11:10:10.143Z","url":"/api/students/profile"},"timestamp":"2025-07-07T11:10:10.143Z"}
{"level":"info","message":{"ip":"::1","method":"GET","timestamp":"2025-07-07T11:10:10.162Z","url":"/api/students/profile"},"timestamp":"2025-07-07T11:10:10.163Z"}
{"level":"info","message":{"ip":"::1","method":"GET","timestamp":"2025-07-07T11:10:10.232Z","url":"/api/institutes/profile"},"timestamp":"2025-07-07T11:10:10.232Z"}
{"level":"info","message":{"ip":"::1","method":"GET","timestamp":"2025-07-07T11:10:10.250Z","url":"/api/institutes/profile"},"timestamp":"2025-07-07T11:10:10.250Z"}
{"level":"info","message":{"ip":"::1","method":"GET","timestamp":"2025-07-07T11:10:15.347Z","url":"/api/students/profile"},"timestamp":"2025-07-07T11:10:15.347Z"}
{"level":"info","message":{"ip":"::1","method":"GET","timestamp":"2025-07-07T11:10:15.389Z","url":"/api/institutes/profile"},"timestamp":"2025-07-07T11:10:15.389Z"}
{"level":"info","message":{"ip":"::1","method":"POST","timestamp":"2025-07-07T11:10:25.334Z","url":"/api/students/auth/login"},"timestamp":"2025-07-07T11:10:25.334Z"}
{"level":"info","message":{"ip":"::1","method":"GET","timestamp":"2025-07-07T11:10:30.305Z","url":"/api/students/profile"},"timestamp":"2025-07-07T11:10:30.305Z"}
{"level":"info","message":{"ip":"::1","method":"GET","timestamp":"2025-07-07T11:10:30.437Z","url":"/api/students/profile"},"timestamp":"2025-07-07T11:10:30.437Z"}
{"level":"info","message":{"ip":"::1","method":"GET","timestamp":"2025-07-07T11:10:34.079Z","url":"/api/students/profile"},"timestamp":"2025-07-07T11:10:34.079Z"}
{"level":"info","message":{"ip":"::1","method":"GET","timestamp":"2025-07-07T11:10:34.310Z","url":"/api/students/profile"},"timestamp":"2025-07-07T11:10:34.310Z"}
{"level":"info","message":{"ip":"::1","method":"GET","timestamp":"2025-07-07T11:10:39.315Z","url":"/api/students/profile"},"timestamp":"2025-07-07T11:10:39.315Z"}
{"level":"info","message":{"ip":"::1","method":"GET","timestamp":"2025-07-07T11:10:39.482Z","url":"/api/students/profile"},"timestamp":"2025-07-07T11:10:39.482Z"}
{"level":"info","message":{"ip":"::1","method":"GET","timestamp":"2025-07-07T11:10:41.774Z","url":"/api/students/profile"},"timestamp":"2025-07-07T11:10:41.774Z"}
{"level":"info","message":{"ip":"::1","method":"GET","timestamp":"2025-07-07T11:10:42.051Z","url":"/api/students/profile"},"timestamp":"2025-07-07T11:10:42.051Z"}
{"level":"info","message":{"ip":"::1","method":"GET","timestamp":"2025-07-07T11:10:44.783Z","url":"/api/students/profile"},"timestamp":"2025-07-07T11:10:44.783Z"}
{"level":"info","message":{"ip":"::1","method":"GET","timestamp":"2025-07-07T11:10:44.922Z","url":"/api/students/profile"},"timestamp":"2025-07-07T11:10:44.922Z"}
{"level":"info","message":{"ip":"::1","method":"GET","timestamp":"2025-07-07T11:11:42.918Z","url":"/api/students/profile"},"timestamp":"2025-07-07T11:11:42.918Z"}
{"level":"info","message":{"ip":"::1","method":"GET","timestamp":"2025-07-07T11:11:43.177Z","url":"/api/students/profile"},"timestamp":"2025-07-07T11:11:43.178Z"}
{"level":"info","message":{"ip":"::1","method":"POST","timestamp":"2025-07-07T11:11:46.516Z","url":"/api/students/logout"},"timestamp":"2025-07-07T11:11:46.516Z"}
{"level":"info","message":{"ip":"::1","method":"GET","timestamp":"2025-07-07T11:11:52.455Z","url":"/api/students/profile"},"timestamp":"2025-07-07T11:11:52.455Z"}
{"level":"info","message":{"ip":"::1","method":"GET","timestamp":"2025-07-07T11:11:52.508Z","url":"/api/institutes/profile"},"timestamp":"2025-07-07T11:11:52.508Z"}
{"level":"info","message":{"ip":"::1","method":"POST","timestamp":"2025-07-07T11:12:01.144Z","url":"/api/students/auth/login"},"timestamp":"2025-07-07T11:12:01.145Z"}
{"level":"info","message":{"ip":"::1","method":"GET","timestamp":"2025-07-07T11:12:20.459Z","url":"/api/students/profile"},"timestamp":"2025-07-07T11:12:20.459Z"}
{"level":"info","message":{"ip":"::1","method":"GET","timestamp":"2025-07-07T11:12:20.737Z","url":"/api/students/profile"},"timestamp":"2025-07-07T11:12:20.738Z"}
{"level":"info","message":{"ip":"::1","method":"POST","timestamp":"2025-07-07T11:14:09.675Z","url":"/api/students/logout"},"timestamp":"2025-07-07T11:14:09.675Z"}
{"level":"info","message":{"ip":"::1","method":"GET","timestamp":"2025-07-07T11:14:13.916Z","url":"/api/students/profile"},"timestamp":"2025-07-07T11:14:13.916Z"}
{"level":"info","message":{"ip":"::1","method":"GET","timestamp":"2025-07-07T11:14:14.054Z","url":"/api/institutes/profile"},"timestamp":"2025-07-07T11:14:14.054Z"}
{"level":"info","message":{"ip":"::1","method":"GET","timestamp":"2025-07-07T11:14:16.654Z","url":"/api/students/profile"},"timestamp":"2025-07-07T11:14:16.654Z"}
{"level":"info","message":{"ip":"::1","method":"GET","timestamp":"2025-07-07T11:14:16.726Z","url":"/api/institutes/profile"},"timestamp":"2025-07-07T11:14:16.726Z"}
{"level":"info","message":{"ip":"::1","method":"POST","timestamp":"2025-07-07T11:14:24.193Z","url":"/api/students/auth/login"},"timestamp":"2025-07-07T11:14:24.193Z"}
{"level":"info","message":{"ip":"::1","method":"GET","timestamp":"2025-07-07T11:19:29.828Z","url":"/api/students/profile"},"timestamp":"2025-07-07T11:19:29.828Z"}
{"level":"info","message":{"ip":"::1","method":"GET","timestamp":"2025-07-07T11:19:30.941Z","url":"/api/students/profile"},"timestamp":"2025-07-07T11:19:30.941Z"}
{"level":"info","message":{"ip":"::1","method":"GET","timestamp":"2025-07-07T11:19:33.704Z","url":"/api/students/profile"},"timestamp":"2025-07-07T11:19:33.704Z"}
{"level":"info","message":{"ip":"::1","method":"GET","timestamp":"2025-07-07T11:19:33.825Z","url":"/api/students/profile"},"timestamp":"2025-07-07T11:19:33.825Z"}
{"level":"info","message":{"ip":"::1","method":"GET","timestamp":"2025-07-07T11:19:38.626Z","url":"/api/students/profile"},"timestamp":"2025-07-07T11:19:38.626Z"}
{"level":"info","message":{"ip":"::1","method":"GET","timestamp":"2025-07-07T11:19:38.764Z","url":"/api/students/profile"},"timestamp":"2025-07-07T11:19:38.764Z"}
{"level":"info","message":{"ip":"::1","method":"GET","timestamp":"2025-07-07T11:19:54.720Z","url":"/api/students/profile"},"timestamp":"2025-07-07T11:19:54.720Z"}
{"level":"info","message":{"ip":"::1","method":"GET","timestamp":"2025-07-07T11:19:55.027Z","url":"/api/students/profile"},"timestamp":"2025-07-07T11:19:55.027Z"}
{"level":"info","message":{"ip":"::1","method":"GET","timestamp":"2025-07-07T11:20:06.705Z","url":"/api/students/profile"},"timestamp":"2025-07-07T11:20:06.705Z"}
{"level":"info","message":{"ip":"::1","method":"GET","timestamp":"2025-07-07T11:20:06.824Z","url":"/api/students/profile"},"timestamp":"2025-07-07T11:20:06.824Z"}
{"level":"info","message":{"ip":"::1","method":"GET","timestamp":"2025-07-07T11:20:07.699Z","url":"/api/students/profile"},"timestamp":"2025-07-07T11:20:07.699Z"}
{"level":"info","message":{"ip":"::1","method":"GET","timestamp":"2025-07-07T11:20:07.823Z","url":"/api/students/profile"},"timestamp":"2025-07-07T11:20:07.824Z"}
{"level":"info","message":{"ip":"::1","method":"GET","timestamp":"2025-07-07T11:20:15.862Z","url":"/api/students/profile"},"timestamp":"2025-07-07T11:20:15.862Z"}
{"level":"info","message":{"ip":"::1","method":"GET","timestamp":"2025-07-07T11:20:16.127Z","url":"/api/students/profile"},"timestamp":"2025-07-07T11:20:16.127Z"}
{"level":"info","message":{"ip":"::1","method":"POST","timestamp":"2025-07-07T11:20:21.432Z","url":"/api/students/logout"},"timestamp":"2025-07-07T11:20:21.432Z"}
{"level":"info","message":{"ip":"::1","method":"GET","timestamp":"2025-07-07T11:20:24.322Z","url":"/api/students/profile"},"timestamp":"2025-07-07T11:20:24.322Z"}
{"level":"info","message":{"ip":"::1","method":"GET","timestamp":"2025-07-07T11:20:24.354Z","url":"/api/institutes/profile"},"timestamp":"2025-07-07T11:20:24.354Z"}
{"level":"info","message":{"ip":"::1","method":"POST","timestamp":"2025-07-07T11:20:33.264Z","url":"/api/students/auth/login"},"timestamp":"2025-07-07T11:20:33.264Z"}
{"level":"info","message":{"ip":"::1","method":"GET","timestamp":"2025-07-07T11:21:57.715Z","url":"/api/students/profile"},"timestamp":"2025-07-07T11:21:57.715Z"}
{"level":"info","message":{"ip":"::1","method":"GET","timestamp":"2025-07-07T11:21:57.968Z","url":"/api/students/profile"},"timestamp":"2025-07-07T11:21:57.968Z"}
{"level":"info","message":{"ip":"::1","method":"POST","timestamp":"2025-07-07T11:22:12.586Z","url":"/api/students/logout"},"timestamp":"2025-07-07T11:22:12.586Z"}
{"level":"info","message":{"ip":"::1","method":"GET","timestamp":"2025-07-07T11:22:15.551Z","url":"/api/students/profile"},"timestamp":"2025-07-07T11:22:15.551Z"}
{"level":"info","message":{"ip":"::1","method":"GET","timestamp":"2025-07-07T11:22:15.596Z","url":"/api/institutes/profile"},"timestamp":"2025-07-07T11:22:15.596Z"}
{"level":"info","message":{"ip":"::1","method":"POST","timestamp":"2025-07-07T11:22:25.162Z","url":"/api/students/auth/login"},"timestamp":"2025-07-07T11:22:25.162Z"}
{"level":"info","message":{"ip":"::1","method":"GET","timestamp":"2025-07-07T11:22:45.718Z","url":"/api/students/profile"},"timestamp":"2025-07-07T11:22:45.718Z"}
{"level":"info","message":{"ip":"::1","method":"GET","timestamp":"2025-07-07T11:22:46.055Z","url":"/api/students/profile"},"timestamp":"2025-07-07T11:22:46.055Z"}
{"level":"info","message":{"ip":"::1","method":"POST","timestamp":"2025-07-07T11:24:30.539Z","url":"/api/students/logout"},"timestamp":"2025-07-07T11:24:30.539Z"}
{"level":"info","message":{"ip":"::1","method":"GET","timestamp":"2025-07-07T11:24:35.005Z","url":"/api/students/profile"},"timestamp":"2025-07-07T11:24:35.005Z"}
{"level":"info","message":{"ip":"::1","method":"GET","timestamp":"2025-07-07T11:24:35.045Z","url":"/api/institutes/profile"},"timestamp":"2025-07-07T11:24:35.045Z"}
{"level":"info","message":{"ip":"::1","method":"POST","timestamp":"2025-07-07T11:24:43.899Z","url":"/api/students/auth/login"},"timestamp":"2025-07-07T11:24:43.899Z"}
{"level":"info","message":{"ip":"::1","method":"GET","timestamp":"2025-07-07T11:25:09.428Z","url":"/api/students/profile"},"timestamp":"2025-07-07T11:25:09.428Z"}
{"level":"info","message":{"ip":"::1","method":"GET","timestamp":"2025-07-07T11:25:10.090Z","url":"/api/students/profile"},"timestamp":"2025-07-07T11:25:10.090Z"}
{"level":"info","message":{"ip":"::1","method":"GET","timestamp":"2025-07-07T13:52:06.101Z","url":"/api/students/profile"},"timestamp":"2025-07-07T13:52:06.103Z"}
{"level":"info","message":{"ip":"::1","method":"GET","timestamp":"2025-07-07T13:52:08.313Z","url":"/api/students/profile"},"timestamp":"2025-07-07T13:52:08.313Z"}
{"level":"info","message":{"ip":"::1","method":"GET","timestamp":"2025-07-07T13:52:11.179Z","url":"/api/students/profile"},"timestamp":"2025-07-07T13:52:11.179Z"}
{"level":"info","message":{"ip":"::1","method":"GET","timestamp":"2025-07-07T13:52:11.306Z","url":"/api/students/profile"},"timestamp":"2025-07-07T13:52:11.306Z"}
{"level":"info","message":{"ip":"::1","method":"POST","timestamp":"2025-07-07T13:53:49.871Z","url":"/api/students/logout"},"timestamp":"2025-07-07T13:53:49.872Z"}
{"level":"info","message":{"ip":"::1","method":"GET","timestamp":"2025-07-07T13:54:08.948Z","url":"/api/students/profile"},"timestamp":"2025-07-07T13:54:08.948Z"}
{"level":"info","message":{"ip":"::1","method":"GET","timestamp":"2025-07-07T13:54:09.010Z","url":"/api/institutes/profile"},"timestamp":"2025-07-07T13:54:09.010Z"}
{"level":"info","message":{"ip":"::1","method":"GET","timestamp":"2025-07-07T13:56:36.126Z","url":"/api/students/profile"},"timestamp":"2025-07-07T13:56:36.126Z"}
{"level":"info","message":{"ip":"::1","method":"GET","timestamp":"2025-07-07T13:56:36.145Z","url":"/api/students/profile"},"timestamp":"2025-07-07T13:56:36.145Z"}
{"level":"info","message":{"ip":"::1","method":"GET","timestamp":"2025-07-07T13:56:36.285Z","url":"/api/institutes/profile"},"timestamp":"2025-07-07T13:56:36.285Z"}
{"level":"info","message":{"ip":"::1","method":"GET","timestamp":"2025-07-07T13:56:36.332Z","url":"/api/institutes/profile"},"timestamp":"2025-07-07T13:56:36.332Z"}
{"level":"info","message":{"ip":"::1","method":"GET","timestamp":"2025-07-07T13:56:42.969Z","url":"/api/students/profile"},"timestamp":"2025-07-07T13:56:42.969Z"}
{"level":"info","message":{"ip":"::1","method":"GET","timestamp":"2025-07-07T13:56:42.978Z","url":"/api/students/profile"},"timestamp":"2025-07-07T13:56:42.978Z"}
{"level":"info","message":{"ip":"::1","method":"GET","timestamp":"2025-07-07T13:56:43.011Z","url":"/api/institutes/profile"},"timestamp":"2025-07-07T13:56:43.011Z"}
{"level":"info","message":{"ip":"::1","method":"GET","timestamp":"2025-07-07T13:56:43.018Z","url":"/api/institutes/profile"},"timestamp":"2025-07-07T13:56:43.018Z"}
{"level":"info","message":{"ip":"::1","method":"GET","timestamp":"2025-07-07T13:56:48.981Z","url":"/api/students/profile"},"timestamp":"2025-07-07T13:56:48.981Z"}
{"level":"info","message":{"ip":"::1","method":"GET","timestamp":"2025-07-07T13:56:48.988Z","url":"/api/students/profile"},"timestamp":"2025-07-07T13:56:48.988Z"}
{"level":"info","message":{"ip":"::1","method":"GET","timestamp":"2025-07-07T13:56:49.042Z","url":"/api/institutes/profile"},"timestamp":"2025-07-07T13:56:49.042Z"}
{"level":"info","message":{"ip":"::1","method":"GET","timestamp":"2025-07-07T13:56:49.050Z","url":"/api/institutes/profile"},"timestamp":"2025-07-07T13:56:49.050Z"}
{"level":"info","message":{"ip":"::1","method":"GET","timestamp":"2025-07-07T14:01:17.560Z","url":"/api/students/profile"},"timestamp":"2025-07-07T14:01:17.560Z"}
{"level":"info","message":{"ip":"::1","method":"GET","timestamp":"2025-07-07T14:01:17.610Z","url":"/api/institutes/profile"},"timestamp":"2025-07-07T14:01:17.610Z"}
{"level":"info","message":{"ip":"::1","method":"GET","timestamp":"2025-07-07T14:01:26.609Z","url":"/api/students/profile"},"timestamp":"2025-07-07T14:01:26.609Z"}
{"level":"info","message":{"ip":"::1","method":"GET","timestamp":"2025-07-07T14:01:26.703Z","url":"/api/institutes/profile"},"timestamp":"2025-07-07T14:01:26.703Z"}
{"level":"info","message":{"ip":"::1","method":"GET","timestamp":"2025-07-07T14:01:30.977Z","url":"/api/students/profile"},"timestamp":"2025-07-07T14:01:30.977Z"}
{"level":"info","message":{"ip":"::1","method":"GET","timestamp":"2025-07-07T14:01:31.018Z","url":"/api/institutes/profile"},"timestamp":"2025-07-07T14:01:31.018Z"}
{"level":"info","message":{"ip":"::1","method":"POST","timestamp":"2025-07-07T14:03:50.144Z","url":"/api/students/auth/login"},"timestamp":"2025-07-07T14:03:50.144Z"}
{"level":"info","message":{"ip":"::1","method":"GET","timestamp":"2025-07-07T14:03:52.803Z","url":"/api/students/profile"},"timestamp":"2025-07-07T14:03:52.803Z"}
{"level":"info","message":{"ip":"::1","method":"POST","timestamp":"2025-07-07T14:06:11.871Z","url":"/api/students/auth/login"},"timestamp":"2025-07-07T14:06:11.871Z"}
{"level":"info","message":{"ip":"::1","method":"GET","timestamp":"2025-07-07T14:06:12.252Z","url":"/api/students/profile"},"timestamp":"2025-07-07T14:06:12.252Z"}
{"level":"info","message":{"ip":"::1","method":"GET","timestamp":"2025-07-07T14:13:40.746Z","url":"/api/students/profile"},"timestamp":"2025-07-07T14:13:40.746Z"}
{"level":"info","message":{"ip":"::1","method":"GET","timestamp":"2025-07-07T14:13:43.056Z","url":"/api/students/profile"},"timestamp":"2025-07-07T14:13:43.056Z"}
{"level":"info","message":{"ip":"::1","method":"GET","timestamp":"2025-07-07T14:13:55.980Z","url":"/api/students/profile"},"timestamp":"2025-07-07T14:13:55.980Z"}
{"level":"info","message":{"ip":"::1","method":"GET","timestamp":"2025-07-07T14:13:56.120Z","url":"/api/students/profile"},"timestamp":"2025-07-07T14:13:56.120Z"}
{"level":"info","message":{"ip":"::1","method":"GET","timestamp":"2025-07-07T14:14:26.164Z","url":"/api/students/profile"},"timestamp":"2025-07-07T14:14:26.164Z"}
{"level":"info","message":{"ip":"::1","method":"GET","timestamp":"2025-07-07T14:14:26.405Z","url":"/api/students/profile"},"timestamp":"2025-07-07T14:14:26.405Z"}
{"level":"info","message":{"ip":"::1","method":"POST","timestamp":"2025-07-07T14:14:49.762Z","url":"/api/students/logout"},"timestamp":"2025-07-07T14:14:49.762Z"}
{"level":"info","message":{"ip":"::1","method":"GET","timestamp":"2025-07-07T14:14:54.359Z","url":"/api/students/profile"},"timestamp":"2025-07-07T14:14:54.359Z"}
{"level":"info","message":{"ip":"::1","method":"GET","timestamp":"2025-07-07T14:14:54.385Z","url":"/api/institutes/profile"},"timestamp":"2025-07-07T14:14:54.385Z"}
{"level":"info","message":{"ip":"::1","method":"POST","timestamp":"2025-07-07T14:15:12.054Z","url":"/api/students/auth/login"},"timestamp":"2025-07-07T14:15:12.054Z"}
{"level":"info","message":{"ip":"::1","method":"GET","timestamp":"2025-07-07T14:15:16.512Z","url":"/api/students/profile"},"timestamp":"2025-07-07T14:15:16.512Z"}
{"level":"info","message":{"ip":"::1","method":"GET","timestamp":"2025-07-07T14:15:16.641Z","url":"/api/students/profile"},"timestamp":"2025-07-07T14:15:16.641Z"}
{"level":"info","message":{"ip":"::1","method":"POST","timestamp":"2025-07-07T14:15:36.089Z","url":"/api/students/logout"},"timestamp":"2025-07-07T14:15:36.090Z"}
{"level":"info","message":{"ip":"::1","method":"GET","timestamp":"2025-07-07T14:15:38.720Z","url":"/api/students/profile"},"timestamp":"2025-07-07T14:15:38.720Z"}
{"level":"info","message":{"ip":"::1","method":"GET","timestamp":"2025-07-07T14:15:38.782Z","url":"/api/institutes/profile"},"timestamp":"2025-07-07T14:15:38.782Z"}
{"level":"info","message":{"ip":"::1","method":"POST","timestamp":"2025-07-07T14:15:45.752Z","url":"/api/students/auth/login"},"timestamp":"2025-07-07T14:15:45.752Z"}
{"level":"info","message":{"ip":"::1","method":"GET","timestamp":"2025-07-07T14:16:19.160Z","url":"/api/students/profile"},"timestamp":"2025-07-07T14:16:19.160Z"}
{"level":"info","message":{"ip":"::1","method":"GET","timestamp":"2025-07-07T14:16:19.687Z","url":"/api/students/profile"},"timestamp":"2025-07-07T14:16:19.687Z"}
{"level":"info","message":{"ip":"::1","method":"GET","timestamp":"2025-07-07T14:24:30.208Z","url":"/api/students/profile"},"timestamp":"2025-07-07T14:24:30.208Z"}
{"level":"info","message":{"ip":"::1","method":"GET","timestamp":"2025-07-07T14:26:04.161Z","url":"/api/students/profile"},"timestamp":"2025-07-07T14:26:04.161Z"}
{"level":"info","message":{"ip":"::1","method":"POST","timestamp":"2025-07-07T14:26:14.485Z","url":"/api/students/logout"},"timestamp":"2025-07-07T14:26:14.485Z"}
{"level":"info","message":{"ip":"::1","method":"POST","timestamp":"2025-07-07T14:26:25.253Z","url":"/api/students/auth/login"},"timestamp":"2025-07-07T14:26:25.253Z"}
{"level":"info","message":{"ip":"::1","method":"GET","timestamp":"2025-07-07T14:26:25.803Z","url":"/api/students/profile"},"timestamp":"2025-07-07T14:26:25.803Z"}
{"level":"info","message":{"ip":"::1","method":"GET","timestamp":"2025-07-07T14:26:34.065Z","url":"/api/students/profile"},"timestamp":"2025-07-07T14:26:34.065Z"}
{"level":"info","message":{"ip":"::1","method":"GET","timestamp":"2025-07-07T14:26:38.211Z","url":"/api/students/profile"},"timestamp":"2025-07-07T14:26:38.211Z"}
{"level":"info","message":{"ip":"::1","method":"POST","timestamp":"2025-07-07T14:27:30.971Z","url":"/api/students/logout"},"timestamp":"2025-07-07T14:27:30.971Z"}
{"level":"info","message":{"ip":"::1","method":"GET","timestamp":"2025-07-07T14:28:31.927Z","url":"/api/students/profile"},"timestamp":"2025-07-07T14:28:31.927Z"}
{"level":"info","message":{"ip":"::1","method":"GET","timestamp":"2025-07-07T14:28:31.957Z","url":"/api/institutes/profile"},"timestamp":"2025-07-07T14:28:31.957Z"}
{"level":"info","message":{"ip":"::1","method":"POST","timestamp":"2025-07-07T14:28:59.751Z","url":"/api/students/signup"},"timestamp":"2025-07-07T14:28:59.751Z"}
{"level":"info","message":{"ip":"::1","method":"POST","timestamp":"2025-07-07T14:30:21.232Z","url":"/api/students/signup"},"timestamp":"2025-07-07T14:30:21.233Z"}
{"level":"info","message":{"ip":"::1","method":"POST","timestamp":"2025-07-07T14:30:45.493Z","url":"/api/students/verify"},"timestamp":"2025-07-07T14:30:45.493Z"}
{"level":"info","message":{"ip":"::1","method":"GET","timestamp":"2025-07-07T14:30:56.388Z","url":"/api/students/profile"},"timestamp":"2025-07-07T14:30:56.388Z"}
{"level":"info","message":{"ip":"::1","method":"GET","timestamp":"2025-07-07T14:31:12.990Z","url":"/api/students/profile"},"timestamp":"2025-07-07T14:31:12.990Z"}
{"level":"info","message":{"ip":"::1","method":"GET","timestamp":"2025-07-07T14:31:15.850Z","url":"/api/students/profile"},"timestamp":"2025-07-07T14:31:15.851Z"}
{"level":"info","message":{"ip":"::1","method":"POST","timestamp":"2025-07-07T14:31:26.079Z","url":"/api/students/logout"},"timestamp":"2025-07-07T14:31:26.079Z"}
{"level":"info","message":{"ip":"::1","method":"POST","timestamp":"2025-07-07T14:31:37.303Z","url":"/api/students/auth/login"},"timestamp":"2025-07-07T14:31:37.303Z"}
{"level":"info","message":{"ip":"::1","method":"GET","timestamp":"2025-07-07T14:31:37.701Z","url":"/api/students/profile"},"timestamp":"2025-07-07T14:31:37.701Z"}
{"level":"info","message":{"ip":"::1","method":"GET","timestamp":"2025-07-07T14:31:41.775Z","url":"/api/students/profile"},"timestamp":"2025-07-07T14:31:41.775Z"}
{"level":"info","message":{"ip":"::1","method":"GET","timestamp":"2025-07-07T14:31:45.066Z","url":"/api/students/profile"},"timestamp":"2025-07-07T14:31:45.066Z"}
{"level":"info","message":{"ip":"::1","method":"GET","timestamp":"2025-07-07T14:37:07.640Z","url":"/api/students/profile"},"timestamp":"2025-07-07T14:37:07.640Z"}
{"level":"info","message":{"ip":"::1","method":"GET","timestamp":"2025-07-07T14:37:10.412Z","url":"/api/students/profile"},"timestamp":"2025-07-07T14:37:10.412Z"}
{"level":"info","message":{"ip":"::1","method":"GET","timestamp":"2025-07-07T14:37:13.247Z","url":"/api/students/profile"},"timestamp":"2025-07-07T14:37:13.247Z"}
{"level":"info","message":{"ip":"::1","method":"GET","timestamp":"2025-07-07T14:37:26.482Z","url":"/api/students/profile"},"timestamp":"2025-07-07T14:37:26.482Z"}
{"level":"info","message":{"ip":"::1","method":"GET","timestamp":"2025-07-07T14:47:11.533Z","url":"/api/students/profile"},"timestamp":"2025-07-07T14:47:11.533Z"}
{"level":"info","message":{"ip":"::1","method":"GET","timestamp":"2025-07-07T14:47:57.348Z","url":"/api/students/profile"},"timestamp":"2025-07-07T14:47:57.348Z"}
{"level":"info","message":{"ip":"::1","method":"GET","timestamp":"2025-07-07T14:48:17.086Z","url":"/api/students/profile"},"timestamp":"2025-07-07T14:48:17.086Z"}
{"level":"info","message":{"ip":"::1","method":"GET","timestamp":"2025-07-07T14:48:50.388Z","url":"/api/students/profile"},"timestamp":"2025-07-07T14:48:50.388Z"}
{"level":"info","message":{"ip":"::1","method":"GET","timestamp":"2025-07-07T14:48:53.341Z","url":"/api/students/profile"},"timestamp":"2025-07-07T14:48:53.341Z"}
{"level":"info","message":{"ip":"::1","method":"POST","timestamp":"2025-07-07T14:48:55.937Z","url":"/api/students/logout"},"timestamp":"2025-07-07T14:48:55.938Z"}
{"level":"info","message":{"ip":"::1","method":"POST","timestamp":"2025-07-07T14:49:05.857Z","url":"/api/students/auth/login"},"timestamp":"2025-07-07T14:49:05.858Z"}
{"level":"info","message":{"ip":"::1","method":"GET","timestamp":"2025-07-07T14:49:06.393Z","url":"/api/students/profile"},"timestamp":"2025-07-07T14:49:06.393Z"}
{"level":"info","message":{"ip":"::1","method":"POST","timestamp":"2025-07-07T14:49:13.845Z","url":"/api/students/logout"},"timestamp":"2025-07-07T14:49:13.845Z"}
{"level":"info","message":{"ip":"::1","method":"POST","timestamp":"2025-07-07T14:49:45.000Z","url":"/api/students/signup"},"timestamp":"2025-07-07T14:49:45.000Z"}
{"level":"info","message":{"ip":"::1","method":"POST","timestamp":"2025-07-07T14:50:03.888Z","url":"/api/students/verify"},"timestamp":"2025-07-07T14:50:03.888Z"}
{"level":"info","message":{"ip":"::1","method":"GET","timestamp":"2025-07-07T14:50:09.652Z","url":"/api/students/profile"},"timestamp":"2025-07-07T14:50:09.652Z"}
{"level":"info","message":{"ip":"::1","method":"GET","timestamp":"2025-07-07T14:50:22.031Z","url":"/api/students/profile"},"timestamp":"2025-07-07T14:50:22.032Z"}
{"level":"info","message":{"ip":"::1","method":"GET","timestamp":"2025-07-07T15:18:08.559Z","url":"/api/students/profile"},"timestamp":"2025-07-07T15:18:08.561Z"}
{"level":"info","message":{"ip":"::1","method":"GET","timestamp":"2025-07-07T15:24:41.568Z","url":"/api/institutes/institutes-data"},"timestamp":"2025-07-07T15:24:41.569Z"}
{"level":"info","message":{"ip":"::1","method":"GET","timestamp":"2025-07-07T15:26:20.291Z","url":"/api/students/profile"},"timestamp":"2025-07-07T15:26:20.291Z"}
{"level":"info","message":{"ip":"::1","method":"GET","timestamp":"2025-07-07T15:26:54.880Z","url":"/api/students/profile"},"timestamp":"2025-07-07T15:26:54.880Z"}
{"level":"info","message":{"ip":"::1","method":"GET","timestamp":"2025-07-07T15:35:01.337Z","url":"/api/students/profile"},"timestamp":"2025-07-07T15:35:01.337Z"}
{"level":"info","message":{"ip":"::1","method":"GET","timestamp":"2025-07-07T15:36:00.967Z","url":"/api/students/profile"},"timestamp":"2025-07-07T15:36:00.967Z"}
{"level":"info","message":{"ip":"::1","method":"GET","timestamp":"2025-07-07T15:39:56.918Z","url":"/api/students/profile"},"timestamp":"2025-07-07T15:39:56.918Z"}
{"level":"info","message":{"ip":"::1","method":"GET","timestamp":"2025-07-07T15:40:14.063Z","url":"/api/students/profile"},"timestamp":"2025-07-07T15:40:14.063Z"}
{"level":"info","message":{"ip":"::1","method":"GET","timestamp":"2025-07-07T15:41:04.067Z","url":"/api/students/profile"},"timestamp":"2025-07-07T15:41:04.067Z"}
{"level":"info","message":{"ip":"::1","method":"POST","timestamp":"2025-07-07T15:41:30.499Z","url":"/api/students/logout"},"timestamp":"2025-07-07T15:41:30.499Z"}
{"level":"info","message":{"ip":"::1","method":"POST","timestamp":"2025-07-07T15:42:18.434Z","url":"/api/students/signup"},"timestamp":"2025-07-07T15:42:18.434Z"}
{"level":"info","message":{"ip":"::1","method":"POST","timestamp":"2025-07-07T15:42:28.067Z","url":"/api/students/signup"},"timestamp":"2025-07-07T15:42:28.067Z"}
{"level":"info","message":{"ip":"::1","method":"POST","timestamp":"2025-07-07T15:42:38.451Z","url":"/api/students/signup"},"timestamp":"2025-07-07T15:42:38.451Z"}
{"level":"info","message":{"ip":"::1","method":"POST","timestamp":"2025-07-07T15:42:57.467Z","url":"/api/students/verify"},"timestamp":"2025-07-07T15:42:57.467Z"}
{"level":"info","message":{"ip":"::1","method":"GET","timestamp":"2025-07-07T15:43:13.211Z","url":"/api/students/profile"},"timestamp":"2025-07-07T15:43:13.211Z"}
{"level":"info","message":{"ip":"::1","method":"POST","timestamp":"2025-07-07T15:43:30.270Z","url":"/api/students/logout"},"timestamp":"2025-07-07T15:43:30.270Z"}
{"level":"info","message":{"ip":"::1","method":"POST","timestamp":"2025-07-07T15:43:46.893Z","url":"/api/students/auth/login"},"timestamp":"2025-07-07T15:43:46.893Z"}
{"level":"info","message":{"ip":"::1","method":"GET","timestamp":"2025-07-07T15:43:47.291Z","url":"/api/students/profile"},"timestamp":"2025-07-07T15:43:47.291Z"}
{"level":"info","message":{"ip":"::1","method":"GET","timestamp":"2025-07-07T15:45:43.122Z","url":"/api/students/profile"},"timestamp":"2025-07-07T15:45:43.122Z"}
{"level":"info","message":{"ip":"::1","method":"POST","timestamp":"2025-07-07T15:48:03.542Z","url":"/api/students/logout"},"timestamp":"2025-07-07T15:48:03.544Z"}
{"level":"info","message":{"ip":"::1","method":"POST","timestamp":"2025-07-07T15:48:36.914Z","url":"/api/students/signup"},"timestamp":"2025-07-07T15:48:36.914Z"}
{"level":"info","message":{"ip":"::1","method":"POST","timestamp":"2025-07-07T15:48:50.440Z","url":"/api/students/signup"},"timestamp":"2025-07-07T15:48:50.440Z"}
{"level":"info","message":{"ip":"::1","method":"POST","timestamp":"2025-07-07T15:49:10.116Z","url":"/api/students/verify"},"timestamp":"2025-07-07T15:49:10.116Z"}
{"level":"info","message":{"ip":"::1","method":"GET","timestamp":"2025-07-07T15:49:25.185Z","url":"/api/students/profile"},"timestamp":"2025-07-07T15:49:25.185Z"}
{"level":"info","message":{"ip":"::1","method":"POST","timestamp":"2025-07-07T15:49:41.297Z","url":"/api/students/logout"},"timestamp":"2025-07-07T15:49:41.297Z"}
{"level":"info","message":{"ip":"::1","method":"POST","timestamp":"2025-07-07T15:49:55.615Z","url":"/api/students/auth/login"},"timestamp":"2025-07-07T15:49:55.615Z"}
{"level":"info","message":{"ip":"::1","method":"GET","timestamp":"2025-07-07T15:49:56.128Z","url":"/api/students/profile"},"timestamp":"2025-07-07T15:49:56.128Z"}
{"level":"info","message":{"ip":"::1","method":"GET","timestamp":"2025-07-07T16:09:14.441Z","url":"/api/students/profile"},"timestamp":"2025-07-07T16:09:14.442Z"}
{"level":"info","message":{"ip":"::1","method":"GET","timestamp":"2025-07-07T16:09:22.957Z","url":"/api/students/profile"},"timestamp":"2025-07-07T16:09:22.957Z"}
{"level":"info","message":{"ip":"::1","method":"POST","timestamp":"2025-07-07T16:09:41.061Z","url":"/api/students/logout"},"timestamp":"2025-07-07T16:09:41.061Z"}
{"level":"info","message":{"ip":"::1","method":"POST","timestamp":"2025-07-07T16:09:52.630Z","url":"/api/students/auth/login"},"timestamp":"2025-07-07T16:09:52.630Z"}
{"level":"info","message":{"ip":"::1","method":"GET","timestamp":"2025-07-07T16:09:53.388Z","url":"/api/students/profile"},"timestamp":"2025-07-07T16:09:53.388Z"}
{"level":"info","message":{"ip":"::1","method":"GET","timestamp":"2025-07-07T16:29:30.865Z","url":"/api/students/profile"},"timestamp":"2025-07-07T16:29:30.881Z"}
{"level":"info","message":{"ip":"::1","method":"POST","timestamp":"2025-07-07T16:29:42.615Z","url":"/api/students/auth/login"},"timestamp":"2025-07-07T16:29:42.615Z"}
{"level":"info","message":{"ip":"::1","method":"GET","timestamp":"2025-07-07T16:29:43.296Z","url":"/api/students/profile"},"timestamp":"2025-07-07T16:29:43.296Z"}
{"level":"info","message":{"ip":"::1","method":"GET","timestamp":"2025-07-07T16:37:40.349Z","url":"/api/students/profile"},"timestamp":"2025-07-07T16:37:40.365Z"}
{"level":"info","message":{"ip":"::1","method":"GET","timestamp":"2025-07-07T16:37:40.760Z","url":"/api/institutes/profile"},"timestamp":"2025-07-07T16:37:40.764Z"}
{"level":"info","message":{"ip":"::1","method":"POST","timestamp":"2025-07-07T16:38:10.793Z","url":"/api/students/signup"},"timestamp":"2025-07-07T16:38:10.794Z"}
{"level":"info","message":{"ip":"::1","method":"POST","timestamp":"2025-07-07T16:38:35.915Z","url":"/api/students/verify"},"timestamp":"2025-07-07T16:38:35.915Z"}
{"level":"info","message":{"ip":"::1","method":"GET","timestamp":"2025-07-07T16:38:51.254Z","url":"/api/students/profile"},"timestamp":"2025-07-07T16:38:51.254Z"}
{"level":"info","message":{"ip":"::1","method":"GET","timestamp":"2025-07-07T16:49:45.362Z","url":"/api/students/profile"},"timestamp":"2025-07-07T16:49:45.368Z"}
{"level":"info","message":{"ip":"::1","method":"GET","timestamp":"2025-07-08T04:16:38.666Z","url":"/api/students/profile"},"timestamp":"2025-07-08T04:16:38.668Z"}
{"level":"info","message":{"ip":"::1","method":"GET","timestamp":"2025-07-08T06:44:27.097Z","url":"/api/students/profile"},"timestamp":"2025-07-08T06:44:27.101Z"}
{"level":"info","message":{"ip":"::1","method":"GET","timestamp":"2025-07-08T06:44:27.229Z","url":"/api/students/profile"},"timestamp":"2025-07-08T06:44:27.229Z"}
{"level":"info","message":{"ip":"::1","method":"GET","timestamp":"2025-07-08T06:44:27.392Z","url":"/api/institutes/profile"},"timestamp":"2025-07-08T06:44:27.392Z"}
{"level":"info","message":{"ip":"::1","method":"GET","timestamp":"2025-07-08T06:44:27.445Z","url":"/api/institutes/profile"},"timestamp":"2025-07-08T06:44:27.445Z"}
{"level":"info","message":{"ip":"::1","method":"POST","timestamp":"2025-07-08T06:44:50.017Z","url":"/api/students/auth/login"},"timestamp":"2025-07-08T06:44:50.017Z"}
{"level":"info","message":{"ip":"::1","method":"POST","timestamp":"2025-07-08T06:44:59.075Z","url":"/api/students/auth/login"},"timestamp":"2025-07-08T06:44:59.075Z"}
{"level":"info","message":{"ip":"::1","method":"POST","timestamp":"2025-07-08T06:45:35.890Z","url":"/api/students/auth/login"},"timestamp":"2025-07-08T06:45:35.890Z"}
{"level":"info","message":{"ip":"::1","method":"GET","timestamp":"2025-07-08T06:45:55.692Z","url":"/api/students/profile"},"timestamp":"2025-07-08T06:45:55.693Z"}
{"level":"info","message":{"ip":"::1","method":"GET","timestamp":"2025-07-08T06:45:58.963Z","url":"/api/students/profile"},"timestamp":"2025-07-08T06:45:58.963Z"}
{"level":"info","message":{"ip":"::ffff:127.0.0.1","method":"POST","timestamp":"2025-07-08T06:46:03.911Z","url":"/api/students/auth/login"},"timestamp":"2025-07-08T06:46:03.911Z"}
{"level":"info","message":{"ip":"::ffff:127.0.0.1","method":"GET","timestamp":"2025-07-08T06:46:04.835Z","url":"/api/students/profile"},"timestamp":"2025-07-08T06:46:04.835Z"}
{"level":"info","message":{"ip":"::ffff:127.0.0.1","method":"GET","timestamp":"2025-07-08T06:46:08.912Z","url":"/api/students/profile"},"timestamp":"2025-07-08T06:46:08.912Z"}
{"level":"info","message":{"ip":"::ffff:127.0.0.1","method":"GET","timestamp":"2025-07-08T06:46:12.769Z","url":"/api/students/profile"},"timestamp":"2025-07-08T06:46:12.778Z"}
{"level":"info","message":{"ip":"::ffff:127.0.0.1","method":"GET","timestamp":"2025-07-08T06:46:13.417Z","url":"/api/students/profile"},"timestamp":"2025-07-08T06:46:13.420Z"}
{"level":"info","message":{"ip":"::1","method":"GET","timestamp":"2025-07-08T06:46:13.791Z","url":"/api/students/profile"},"timestamp":"2025-07-08T06:46:13.791Z"}
{"level":"info","message":{"ip":"::1","method":"GET","timestamp":"2025-07-08T06:46:23.641Z","url":"/api/students/profile"},"timestamp":"2025-07-08T06:46:23.641Z"}
{"level":"info","message":{"ip":"::1","method":"GET","timestamp":"2025-07-08T06:46:23.817Z","url":"/api/students/profile"},"timestamp":"2025-07-08T06:46:23.817Z"}
{"level":"info","message":{"ip":"::1","method":"GET","timestamp":"2025-07-09T04:07:17.179Z","url":"/api/students/profile"},"timestamp":"2025-07-09T04:07:17.179Z"}
{"level":"info","message":{"ip":"::1","method":"GET","timestamp":"2025-07-09T04:07:17.258Z","url":"/api/students/profile"},"timestamp":"2025-07-09T04:07:17.258Z"}
{"level":"info","message":{"ip":"::1","method":"GET","timestamp":"2025-07-09T04:07:17.333Z","url":"/api/institutes/profile"},"timestamp":"2025-07-09T04:07:17.333Z"}
{"level":"info","message":{"ip":"::1","method":"GET","timestamp":"2025-07-09T04:07:17.343Z","url":"/api/institutes/profile"},"timestamp":"2025-07-09T04:07:17.343Z"}
{"level":"info","message":{"ip":"::1","method":"POST","timestamp":"2025-07-09T04:12:07.657Z","url":"/api/institutes/signup"},"timestamp":"2025-07-09T04:12:07.658Z"}
{"level":"info","message":{"ip":"::1","method":"POST","timestamp":"2025-07-09T04:13:18.038Z","url":"/api/institutes/verify"},"timestamp":"2025-07-09T04:13:18.038Z"}
{"level":"info","message":{"ip":"::1","method":"GET","timestamp":"2025-07-09T04:14:51.906Z","url":"/api/students/profile"},"timestamp":"2025-07-09T04:14:51.906Z"}
{"level":"info","message":{"ip":"::1","method":"GET","timestamp":"2025-07-09T04:14:51.931Z","url":"/api/students/profile"},"timestamp":"2025-07-09T04:14:51.931Z"}
{"level":"info","message":{"ip":"::1","method":"GET","timestamp":"2025-07-09T04:14:51.988Z","url":"/api/institutes/profile"},"timestamp":"2025-07-09T04:14:51.988Z"}
{"level":"info","message":{"ip":"::1","method":"GET","timestamp":"2025-07-09T04:14:53.483Z","url":"/api/institutes/profile"},"timestamp":"2025-07-09T04:14:53.483Z"}
{"level":"info","message":{"ip":"::1","method":"GET","timestamp":"2025-07-09T04:20:05.213Z","url":"/api/students/profile"},"timestamp":"2025-07-09T04:20:05.213Z"}
{"level":"info","message":{"ip":"::1","method":"GET","timestamp":"2025-07-09T04:20:05.222Z","url":"/api/students/profile"},"timestamp":"2025-07-09T04:20:05.222Z"}
{"level":"info","message":{"ip":"::1","method":"GET","timestamp":"2025-07-09T04:20:05.296Z","url":"/api/institutes/profile"},"timestamp":"2025-07-09T04:20:05.296Z"}
{"level":"info","message":{"ip":"::1","method":"GET","timestamp":"2025-07-09T04:20:10.374Z","url":"/api/institutes/profile"},"timestamp":"2025-07-09T04:20:10.374Z"}
{"level":"info","message":{"ip":"::1","method":"GET","timestamp":"2025-07-09T04:21:17.409Z","url":"/api/students/profile"},"timestamp":"2025-07-09T04:21:17.409Z"}
{"level":"info","message":{"ip":"::1","method":"GET","timestamp":"2025-07-09T04:21:17.416Z","url":"/api/students/profile"},"timestamp":"2025-07-09T04:21:17.416Z"}
{"level":"info","message":{"ip":"::1","method":"GET","timestamp":"2025-07-09T04:21:17.447Z","url":"/api/institutes/profile"},"timestamp":"2025-07-09T04:21:17.447Z"}
{"level":"info","message":{"ip":"::1","method":"GET","timestamp":"2025-07-09T04:21:18.521Z","url":"/api/institutes/profile"},"timestamp":"2025-07-09T04:21:18.521Z"}
{"level":"info","message":{"ip":"::1","method":"GET","timestamp":"2025-07-09T04:21:37.395Z","url":"/api/students/profile"},"timestamp":"2025-07-09T04:21:37.395Z"}
{"level":"info","message":{"ip":"::1","method":"GET","timestamp":"2025-07-09T04:21:37.430Z","url":"/api/students/profile"},"timestamp":"2025-07-09T04:21:37.430Z"}
{"level":"info","message":{"ip":"::1","method":"GET","timestamp":"2025-07-09T04:21:37.482Z","url":"/api/institutes/profile"},"timestamp":"2025-07-09T04:21:37.482Z"}
{"level":"info","message":{"ip":"::1","method":"GET","timestamp":"2025-07-09T04:21:37.495Z","url":"/api/institutes/profile"},"timestamp":"2025-07-09T04:21:37.495Z"}
{"level":"info","message":{"ip":"::1","method":"PATCH","timestamp":"2025-07-09T04:21:49.891Z","url":"/api/institutes/me/basic-info"},"timestamp":"2025-07-09T04:21:49.891Z"}
{"level":"info","message":{"ip":"::1","method":"PATCH","timestamp":"2025-07-09T04:21:51.430Z","url":"/api/institutes/me/basic-info"},"timestamp":"2025-07-09T04:21:51.430Z"}
{"level":"info","message":{"ip":"::1","method":"GET","timestamp":"2025-07-09T04:22:19.175Z","url":"/api/students/profile"},"timestamp":"2025-07-09T04:22:19.176Z"}
{"level":"info","message":{"ip":"::1","method":"GET","timestamp":"2025-07-09T04:22:19.190Z","url":"/api/students/profile"},"timestamp":"2025-07-09T04:22:19.191Z"}
{"level":"info","message":{"ip":"::1","method":"GET","timestamp":"2025-07-09T04:22:19.359Z","url":"/api/institutes/profile"},"timestamp":"2025-07-09T04:22:19.359Z"}
{"level":"info","message":{"ip":"::1","method":"GET","timestamp":"2025-07-09T04:22:19.379Z","url":"/api/institutes/profile"},"timestamp":"2025-07-09T04:22:19.379Z"}
{"level":"info","message":{"ip":"::1","method":"PATCH","timestamp":"2025-07-09T04:22:35.004Z","url":"/api/institutes/me/basic-info"},"timestamp":"2025-07-09T04:22:35.004Z"}
{"level":"info","message":{"ip":"::1","method":"GET","timestamp":"2025-07-09T04:28:06.885Z","url":"/api/students/profile"},"timestamp":"2025-07-09T04:28:06.885Z"}
{"level":"info","message":{"ip":"::1","method":"GET","timestamp":"2025-07-09T04:28:06.904Z","url":"/api/students/profile"},"timestamp":"2025-07-09T04:28:06.904Z"}
{"level":"info","message":{"ip":"::1","method":"GET","timestamp":"2025-07-09T04:28:06.953Z","url":"/api/institutes/profile"},"timestamp":"2025-07-09T04:28:06.954Z"}
{"level":"info","message":{"ip":"::1","method":"GET","timestamp":"2025-07-09T04:28:06.981Z","url":"/api/institutes/profile"},"timestamp":"2025-07-09T04:28:06.981Z"}
{"level":"info","message":{"ip":"::1","method":"GET","timestamp":"2025-07-09T04:28:14.609Z","url":"/api/students/profile"},"timestamp":"2025-07-09T04:28:14.609Z"}
{"level":"info","message":{"ip":"::1","method":"GET","timestamp":"2025-07-09T04:28:14.616Z","url":"/api/students/profile"},"timestamp":"2025-07-09T04:28:14.616Z"}
{"level":"info","message":{"ip":"::1","method":"GET","timestamp":"2025-07-09T04:28:14.626Z","url":"/api/institutes/profile"},"timestamp":"2025-07-09T04:28:14.626Z"}
{"level":"info","message":{"ip":"::1","method":"GET","timestamp":"2025-07-09T04:28:14.637Z","url":"/api/institutes/profile"},"timestamp":"2025-07-09T04:28:14.637Z"}
{"level":"info","message":{"ip":"::1","method":"GET","timestamp":"2025-07-09T04:28:19.812Z","url":"/api/students/profile"},"timestamp":"2025-07-09T04:28:19.812Z"}
{"level":"info","message":{"ip":"::1","method":"GET","timestamp":"2025-07-09T04:28:19.829Z","url":"/api/students/profile"},"timestamp":"2025-07-09T04:28:19.829Z"}
{"level":"info","message":{"ip":"::1","method":"GET","timestamp":"2025-07-09T04:28:19.849Z","url":"/api/institutes/profile"},"timestamp":"2025-07-09T04:28:19.849Z"}
{"level":"info","message":{"ip":"::1","method":"GET","timestamp":"2025-07-09T04:28:19.870Z","url":"/api/institutes/profile"},"timestamp":"2025-07-09T04:28:19.870Z"}
{"level":"info","message":{"ip":"::1","method":"POST","timestamp":"2025-07-09T04:28:27.679Z","url":"/api/institutes/auth/login"},"timestamp":"2025-07-09T04:28:27.679Z"}
{"level":"info","message":{"ip":"::1","method":"GET","timestamp":"2025-07-09T04:28:48.685Z","url":"/api/students/profile"},"timestamp":"2025-07-09T04:28:48.685Z"}
{"level":"info","message":{"ip":"::1","method":"GET","timestamp":"2025-07-09T04:28:48.695Z","url":"/api/students/profile"},"timestamp":"2025-07-09T04:28:48.695Z"}
{"level":"info","message":{"ip":"::1","method":"GET","timestamp":"2025-07-09T04:28:48.714Z","url":"/api/institutes/profile"},"timestamp":"2025-07-09T04:28:48.714Z"}
{"level":"info","message":{"ip":"::1","method":"GET","timestamp":"2025-07-09T04:28:48.727Z","url":"/api/institutes/profile"},"timestamp":"2025-07-09T04:28:48.727Z"}
{"level":"info","message":{"ip":"::1","method":"GET","timestamp":"2025-07-09T04:28:49.096Z","url":"/api/students/profile"},"timestamp":"2025-07-09T04:28:49.096Z"}
{"level":"info","message":{"ip":"::1","method":"GET","timestamp":"2025-07-09T04:28:49.114Z","url":"/api/students/profile"},"timestamp":"2025-07-09T04:28:49.114Z"}
{"level":"info","message":{"ip":"::1","method":"GET","timestamp":"2025-07-09T04:28:49.139Z","url":"/api/institutes/profile"},"timestamp":"2025-07-09T04:28:49.139Z"}
{"level":"info","message":{"ip":"::1","method":"GET","timestamp":"2025-07-09T04:28:49.155Z","url":"/api/institutes/profile"},"timestamp":"2025-07-09T04:28:49.155Z"}
{"level":"info","message":{"ip":"::1","method":"GET","timestamp":"2025-07-09T04:28:52.949Z","url":"/api/students/profile"},"timestamp":"2025-07-09T04:28:52.949Z"}
{"level":"info","message":{"ip":"::1","method":"GET","timestamp":"2025-07-09T04:28:52.964Z","url":"/api/students/profile"},"timestamp":"2025-07-09T04:28:52.964Z"}
{"level":"info","message":{"ip":"::1","method":"GET","timestamp":"2025-07-09T04:28:52.996Z","url":"/api/institutes/profile"},"timestamp":"2025-07-09T04:28:52.996Z"}
{"level":"info","message":{"ip":"::1","method":"GET","timestamp":"2025-07-09T04:28:53.009Z","url":"/api/institutes/profile"},"timestamp":"2025-07-09T04:28:53.009Z"}
{"level":"info","message":{"ip":"::1","method":"GET","timestamp":"2025-07-09T04:44:59.050Z","url":"/api/students/profile"},"timestamp":"2025-07-09T04:44:59.051Z"}
{"level":"info","message":{"ip":"::1","method":"GET","timestamp":"2025-07-09T04:44:59.115Z","url":"/api/students/profile"},"timestamp":"2025-07-09T04:44:59.115Z"}
{"level":"info","message":{"ip":"::1","method":"GET","timestamp":"2025-07-09T04:44:59.135Z","url":"/api/institutes/profile"},"timestamp":"2025-07-09T04:44:59.135Z"}
{"level":"info","message":{"ip":"::1","method":"GET","timestamp":"2025-07-09T04:44:59.151Z","url":"/api/institutes/profile"},"timestamp":"2025-07-09T04:44:59.151Z"}
{"level":"info","message":{"ip":"::1","method":"GET","timestamp":"2025-07-09T04:45:07.339Z","url":"/api/students/profile"},"timestamp":"2025-07-09T04:45:07.339Z"}
{"level":"info","message":{"ip":"::1","method":"GET","timestamp":"2025-07-09T04:45:07.383Z","url":"/api/students/profile"},"timestamp":"2025-07-09T04:45:07.383Z"}
{"level":"info","message":{"ip":"::1","method":"GET","timestamp":"2025-07-09T04:45:07.401Z","url":"/api/institutes/profile"},"timestamp":"2025-07-09T04:45:07.401Z"}
{"level":"info","message":{"ip":"::1","method":"GET","timestamp":"2025-07-09T04:45:07.441Z","url":"/api/institutes/profile"},"timestamp":"2025-07-09T04:45:07.441Z"}
{"level":"info","message":{"ip":"::1","method":"GET","timestamp":"2025-07-09T04:45:28.110Z","url":"/api/students/profile"},"timestamp":"2025-07-09T04:45:28.110Z"}
{"level":"info","message":{"ip":"::1","method":"GET","timestamp":"2025-07-09T04:45:28.116Z","url":"/api/students/profile"},"timestamp":"2025-07-09T04:45:28.116Z"}
{"level":"info","message":{"ip":"::1","method":"GET","timestamp":"2025-07-09T04:45:28.130Z","url":"/api/institutes/profile"},"timestamp":"2025-07-09T04:45:28.130Z"}
{"level":"info","message":{"ip":"::1","method":"GET","timestamp":"2025-07-09T04:45:28.141Z","url":"/api/institutes/profile"},"timestamp":"2025-07-09T04:45:28.141Z"}
{"level":"info","message":{"ip":"::1","method":"GET","timestamp":"2025-07-09T04:49:29.454Z","url":"/api/students/profile"},"timestamp":"2025-07-09T04:49:29.455Z"}
{"level":"info","message":{"ip":"::1","method":"GET","timestamp":"2025-07-09T04:49:29.507Z","url":"/api/students/profile"},"timestamp":"2025-07-09T04:49:29.507Z"}
{"level":"info","message":{"ip":"::1","method":"GET","timestamp":"2025-07-09T04:49:29.523Z","url":"/api/institutes/profile"},"timestamp":"2025-07-09T04:49:29.523Z"}
{"level":"info","message":{"ip":"::1","method":"GET","timestamp":"2025-07-09T04:49:29.531Z","url":"/api/institutes/profile"},"timestamp":"2025-07-09T04:49:29.531Z"}
{"level":"info","message":{"ip":"::1","method":"GET","timestamp":"2025-07-09T04:49:55.861Z","url":"/api/students/profile"},"timestamp":"2025-07-09T04:49:55.861Z"}
{"level":"info","message":{"ip":"::1","method":"GET","timestamp":"2025-07-09T04:49:55.874Z","url":"/api/students/profile"},"timestamp":"2025-07-09T04:49:55.874Z"}
{"level":"info","message":{"ip":"::1","method":"GET","timestamp":"2025-07-09T04:49:55.896Z","url":"/api/institutes/profile"},"timestamp":"2025-07-09T04:49:55.896Z"}
{"level":"info","message":{"ip":"::1","method":"GET","timestamp":"2025-07-09T04:49:55.911Z","url":"/api/institutes/profile"},"timestamp":"2025-07-09T04:49:55.911Z"}
{"level":"info","message":{"ip":"::1","method":"GET","timestamp":"2025-07-09T04:50:04.745Z","url":"/api/students/profile"},"timestamp":"2025-07-09T04:50:04.745Z"}
{"level":"info","message":{"ip":"::1","method":"GET","timestamp":"2025-07-09T04:50:04.775Z","url":"/api/students/profile"},"timestamp":"2025-07-09T04:50:04.775Z"}
{"level":"info","message":{"ip":"::1","method":"GET","timestamp":"2025-07-09T04:50:04.894Z","url":"/api/institutes/profile"},"timestamp":"2025-07-09T04:50:04.894Z"}
{"level":"info","message":{"ip":"::1","method":"GET","timestamp":"2025-07-09T04:50:04.925Z","url":"/api/institutes/profile"},"timestamp":"2025-07-09T04:50:04.925Z"}
{"level":"info","message":{"ip":"::1","method":"POST","timestamp":"2025-07-09T04:51:25.251Z","url":"/api/institutes/signup"},"timestamp":"2025-07-09T04:51:25.251Z"}
{"level":"info","message":{"ip":"::1","method":"POST","timestamp":"2025-07-09T04:51:38.329Z","url":"/api/institutes/signup"},"timestamp":"2025-07-09T04:51:38.329Z"}
{"level":"info","message":{"ip":"::1","method":"GET","timestamp":"2025-07-09T04:53:25.665Z","url":"/api/students/profile"},"timestamp":"2025-07-09T04:53:25.665Z"}
{"level":"info","message":{"ip":"::1","method":"GET","timestamp":"2025-07-09T04:53:25.699Z","url":"/api/students/profile"},"timestamp":"2025-07-09T04:53:25.699Z"}
{"level":"info","message":{"ip":"::1","method":"GET","timestamp":"2025-07-09T04:53:25.734Z","url":"/api/institutes/profile"},"timestamp":"2025-07-09T04:53:25.734Z"}
{"level":"info","message":{"ip":"::1","method":"GET","timestamp":"2025-07-09T04:53:25.755Z","url":"/api/institutes/profile"},"timestamp":"2025-07-09T04:53:25.755Z"}
{"level":"info","message":{"ip":"::1","method":"GET","timestamp":"2025-07-09T04:53:30.656Z","url":"/api/students/profile"},"timestamp":"2025-07-09T04:53:30.656Z"}
{"level":"info","message":{"ip":"::1","method":"GET","timestamp":"2025-07-09T04:53:30.680Z","url":"/api/students/profile"},"timestamp":"2025-07-09T04:53:30.681Z"}
{"level":"info","message":{"ip":"::1","method":"GET","timestamp":"2025-07-09T04:53:30.707Z","url":"/api/institutes/profile"},"timestamp":"2025-07-09T04:53:30.707Z"}
{"level":"info","message":{"ip":"::1","method":"GET","timestamp":"2025-07-09T04:53:30.748Z","url":"/api/institutes/profile"},"timestamp":"2025-07-09T04:53:30.751Z"}
{"level":"info","message":{"ip":"::1","method":"POST","timestamp":"2025-07-09T04:54:15.125Z","url":"/api/institutes/signup"},"timestamp":"2025-07-09T04:54:15.125Z"}
{"level":"info","message":{"ip":"::1","method":"GET","timestamp":"2025-07-09T04:55:28.603Z","url":"/api/students/profile"},"timestamp":"2025-07-09T04:55:28.603Z"}
{"level":"info","message":{"ip":"::1","method":"GET","timestamp":"2025-07-09T04:55:28.617Z","url":"/api/students/profile"},"timestamp":"2025-07-09T04:55:28.617Z"}
{"level":"info","message":{"ip":"::1","method":"GET","timestamp":"2025-07-09T04:55:28.661Z","url":"/api/institutes/profile"},"timestamp":"2025-07-09T04:55:28.661Z"}
{"level":"info","message":{"ip":"::1","method":"GET","timestamp":"2025-07-09T04:55:29.619Z","url":"/api/institutes/profile"},"timestamp":"2025-07-09T04:55:29.619Z"}
{"level":"info","message":{"ip":"::1","method":"POST","timestamp":"2025-07-09T04:56:12.411Z","url":"/api/institutes/signup"},"timestamp":"2025-07-09T04:56:12.411Z"}
{"level":"info","message":{"ip":"::1","method":"POST","timestamp":"2025-07-09T04:59:26.685Z","url":"/api/institutes/signup"},"timestamp":"2025-07-09T04:59:26.686Z"}
{"level":"info","message":{"ip":"::1","method":"POST","timestamp":"2025-07-09T04:59:55.533Z","url":"/api/institutes/verify"},"timestamp":"2025-07-09T04:59:55.533Z"}
{"level":"info","message":{"ip":"::1","method":"POST","timestamp":"2025-07-09T05:00:13.883Z","url":"/api/institutes/verify"},"timestamp":"2025-07-09T05:00:13.883Z"}
{"level":"info","message":{"ip":"::1","method":"POST","timestamp":"2025-07-09T05:00:36.532Z","url":"/api/institutes/verify"},"timestamp":"2025-07-09T05:00:36.532Z"}
{"level":"info","message":{"ip":"::1","method":"POST","timestamp":"2025-07-09T05:07:32.395Z","url":"/api/institutes/auth/verify"},"timestamp":"2025-07-09T05:07:32.395Z"}
{"level":"info","message":{"ip":"::1","method":"POST","timestamp":"2025-07-09T05:07:56.714Z","url":"/api/institutes/verify"},"timestamp":"2025-07-09T05:07:56.714Z"}
{"level":"info","message":{"ip":"::1","method":"GET","timestamp":"2025-07-09T05:46:58.046Z","url":"/api/institutes/me"},"timestamp":"2025-07-09T05:46:58.046Z"}
{"level":"info","message":{"ip":"::1","method":"PATCH","timestamp":"2025-07-09T05:47:54.036Z","url":"/api/institutes/upload/image"},"timestamp":"2025-07-09T05:47:54.036Z"}
{"level":"error","message":"Server error: Unexpected field","method":"PATCH","stack":"MulterError: Unexpected field\n    at wrappedFileFilter (C:\\Users\\Dell\\OneDrive\\Documents 1\\GitHub\\Nextute\\backend\\node_modules\\multer\\index.js:40:19)\n    at Multipart.<anonymous> (C:\\Users\\Dell\\OneDrive\\Documents 1\\GitHub\\Nextute\\backend\\node_modules\\multer\\lib\\make-middleware.js:109:7)\n    at Multipart.emit (node:events:518:28)\n    at HeaderParser.cb (C:\\Users\\Dell\\OneDrive\\Documents 1\\GitHub\\Nextute\\backend\\node_modules\\busboy\\lib\\types\\multipart.js:358:14)\n    at HeaderParser.push (C:\\Users\\Dell\\OneDrive\\Documents 1\\GitHub\\Nextute\\backend\\node_modules\\busboy\\lib\\types\\multipart.js:162:20)\n    at SBMH.ssCb [as _cb] (C:\\Users\\Dell\\OneDrive\\Documents 1\\GitHub\\Nextute\\backend\\node_modules\\busboy\\lib\\types\\multipart.js:394:37)\n    at feed (C:\\Users\\Dell\\OneDrive\\Documents 1\\GitHub\\Nextute\\backend\\node_modules\\streamsearch\\lib\\sbmh.js:248:10)\n    at SBMH.push (C:\\Users\\Dell\\OneDrive\\Documents 1\\GitHub\\Nextute\\backend\\node_modules\\streamsearch\\lib\\sbmh.js:104:16)\n    at Multipart._write (C:\\Users\\Dell\\OneDrive\\Documents 1\\GitHub\\Nextute\\backend\\node_modules\\busboy\\lib\\types\\multipart.js:567:19)\n    at writeOrBuffer (node:internal/streams/writable:572:12)","timestamp":"2025-07-09T05:47:58.848Z","url":"/api/institutes/upload/image"}
{"level":"info","message":{"ip":"::1","method":"PATCH","timestamp":"2025-07-09T05:49:47.481Z","url":"/api/institutes/me/basic-info"},"timestamp":"2025-07-09T05:49:47.481Z"}
{"level":"info","message":{"ip":"::1","method":"GET","timestamp":"2025-07-09T05:50:32.309Z","url":"/api/institutes/me"},"timestamp":"2025-07-09T05:50:32.310Z"}
{"level":"info","message":{"ip":"::1","method":"GET","timestamp":"2025-07-09T06:01:44.440Z","url":"/api/students/profile"},"timestamp":"2025-07-09T06:01:44.442Z"}
{"level":"info","message":{"ip":"::1","method":"GET","timestamp":"2025-07-09T06:01:44.517Z","url":"/api/students/profile"},"timestamp":"2025-07-09T06:01:44.517Z"}
{"level":"info","message":{"ip":"::1","method":"GET","timestamp":"2025-07-09T06:01:44.543Z","url":"/api/institutes/profile"},"timestamp":"2025-07-09T06:01:44.543Z"}
{"level":"info","message":{"ip":"::1","method":"GET","timestamp":"2025-07-09T06:01:48.623Z","url":"/api/institutes/profile"},"timestamp":"2025-07-09T06:01:48.623Z"}
{"level":"info","message":{"ip":"::1","method":"POST","timestamp":"2025-07-09T06:04:36.443Z","url":"/api/institutes/signup"},"timestamp":"2025-07-09T06:04:36.443Z"}
{"level":"info","message":{"ip":"::1","method":"POST","timestamp":"2025-07-09T06:04:54.933Z","url":"/api/institutes/verify"},"timestamp":"2025-07-09T06:04:54.933Z"}
{"level":"info","message":{"ip":"::1","method":"GET","timestamp":"2025-07-09T06:04:56.181Z","url":"/api/institutes/me"},"timestamp":"2025-07-09T06:04:56.181Z"}
{"level":"info","message":{"ip":"::1","method":"PATCH","timestamp":"2025-07-09T06:05:37.551Z","url":"/api/institutes/upload/image"},"timestamp":"2025-07-09T06:05:37.551Z"}
{"level":"error","message":"Server error: Unexpected field","method":"PATCH","stack":"MulterError: Unexpected field\n    at wrappedFileFilter (C:\\Users\\Dell\\OneDrive\\Documents 1\\GitHub\\Nextute\\backend\\node_modules\\multer\\index.js:40:19)\n    at Multipart.<anonymous> (C:\\Users\\Dell\\OneDrive\\Documents 1\\GitHub\\Nextute\\backend\\node_modules\\multer\\lib\\make-middleware.js:109:7)\n    at Multipart.emit (node:events:518:28)\n    at HeaderParser.cb (C:\\Users\\Dell\\OneDrive\\Documents 1\\GitHub\\Nextute\\backend\\node_modules\\busboy\\lib\\types\\multipart.js:358:14)\n    at HeaderParser.push (C:\\Users\\Dell\\OneDrive\\Documents 1\\GitHub\\Nextute\\backend\\node_modules\\busboy\\lib\\types\\multipart.js:162:20)\n    at SBMH.ssCb [as _cb] (C:\\Users\\Dell\\OneDrive\\Documents 1\\GitHub\\Nextute\\backend\\node_modules\\busboy\\lib\\types\\multipart.js:394:37)\n    at feed (C:\\Users\\Dell\\OneDrive\\Documents 1\\GitHub\\Nextute\\backend\\node_modules\\streamsearch\\lib\\sbmh.js:248:10)\n    at SBMH.push (C:\\Users\\Dell\\OneDrive\\Documents 1\\GitHub\\Nextute\\backend\\node_modules\\streamsearch\\lib\\sbmh.js:104:16)\n    at Multipart._write (C:\\Users\\Dell\\OneDrive\\Documents 1\\GitHub\\Nextute\\backend\\node_modules\\busboy\\lib\\types\\multipart.js:567:19)\n    at writeOrBuffer (node:internal/streams/writable:572:12)","timestamp":"2025-07-09T06:05:38.030Z","url":"/api/institutes/upload/image"}
{"level":"info","message":{"ip":"::1","method":"PATCH","timestamp":"2025-07-09T06:06:19.987Z","url":"/api/institutes/me/basic-info"},"timestamp":"2025-07-09T06:06:19.987Z"}
{"level":"info","message":{"ip":"::1","method":"PATCH","timestamp":"2025-07-09T06:39:28.979Z","url":"/api/institutes/me/basic-info"},"timestamp":"2025-07-09T06:39:28.982Z"}
{"level":"info","message":{"ip":"::1","method":"GET","timestamp":"2025-07-09T06:44:07.917Z","url":"/api/institutes/me"},"timestamp":"2025-07-09T06:44:07.917Z"}
{"level":"info","message":{"ip":"::1","method":"GET","timestamp":"2025-07-09T06:44:19.027Z","url":"/api/institutes/me"},"timestamp":"2025-07-09T06:44:19.028Z"}
{"level":"info","message":{"ip":"::1","method":"GET","timestamp":"2025-07-09T06:44:19.036Z","url":"/api/students/profile"},"timestamp":"2025-07-09T06:44:19.036Z"}
{"level":"info","message":{"ip":"::1","method":"GET","timestamp":"2025-07-09T06:44:19.075Z","url":"/api/students/profile"},"timestamp":"2025-07-09T06:44:19.075Z"}
{"level":"info","message":{"ip":"::1","method":"GET","timestamp":"2025-07-09T06:44:19.217Z","url":"/api/institutes/profile"},"timestamp":"2025-07-09T06:44:19.217Z"}
{"level":"info","message":{"ip":"::1","method":"GET","timestamp":"2025-07-09T06:44:19.842Z","url":"/api/institutes/profile"},"timestamp":"2025-07-09T06:44:19.842Z"}
{"level":"info","message":{"ip":"::1","method":"PATCH","timestamp":"2025-07-09T06:44:51.015Z","url":"/api/institutes/upload/image"},"timestamp":"2025-07-09T06:44:51.016Z"}
{"instituteId":"149f5735-ed17-4236-86bd-e0963a890cc1","level":"info","message":"Image uploaded successfully","timestamp":"2025-07-09T06:44:58.009Z","url":"https://res.cloudinary.com/drhrgs6y5/image/upload/v1752043510/nextute/images/r9hza0osvfry6b3btyf9.jpg"}
{"level":"info","message":{"ip":"::1","method":"PATCH","timestamp":"2025-07-09T06:45:14.349Z","url":"/api/institutes/me/basic-info"},"timestamp":"2025-07-09T06:45:14.349Z"}
{"level":"info","message":{"ip":"::1","method":"PATCH","timestamp":"2025-07-09T06:51:06.573Z","url":"/api/institutes/me/basic-info"},"timestamp":"2025-07-09T06:51:06.573Z"}
{"level":"info","message":{"ip":"::1","method":"PATCH","timestamp":"2025-07-09T06:52:08.944Z","url":"/api/institutes/me/basic-info"},"timestamp":"2025-07-09T06:52:08.944Z"}
{"level":"info","message":{"ip":"::1","method":"PATCH","timestamp":"2025-07-09T06:59:21.388Z","url":"/api/institutes/me/basic-info"},"timestamp":"2025-07-09T06:59:21.388Z"}
{"level":"info","message":{"ip":"::1","method":"PATCH","timestamp":"2025-07-09T07:01:21.512Z","url":"/api/institutes/upload/image"},"timestamp":"2025-07-09T07:01:21.513Z"}
{"instituteId":"149f5735-ed17-4236-86bd-e0963a890cc1","level":"info","message":"Image uploaded successfully","timestamp":"2025-07-09T07:01:29.045Z","url":"https://res.cloudinary.com/drhrgs6y5/image/upload/v1752044500/nextute/images/d0rujhwgm0rlytwummpl.png"}
{"level":"info","message":{"ip":"::1","method":"PATCH","timestamp":"2025-07-09T07:01:37.614Z","url":"/api/institutes/upload/image"},"timestamp":"2025-07-09T07:01:37.615Z"}
{"instituteId":"149f5735-ed17-4236-86bd-e0963a890cc1","level":"info","message":"Image uploaded successfully","timestamp":"2025-07-09T07:01:43.030Z","url":"https://res.cloudinary.com/drhrgs6y5/image/upload/v1752044515/nextute/images/lcag2ervfmqhjcw2wftq.jpg"}
{"level":"info","message":{"ip":"::1","method":"GET","timestamp":"2025-07-09T07:04:59.938Z","url":"/api/institutes/profile"},"timestamp":"2025-07-09T07:04:59.938Z"}
{"level":"info","message":{"ip":"::1","method":"PATCH","timestamp":"2025-07-09T07:06:18.748Z","url":"/api/institutes/upload/image"},"timestamp":"2025-07-09T07:06:18.748Z"}
{"instituteId":"149f5735-ed17-4236-86bd-e0963a890cc1","level":"info","message":"Image uploaded successfully","timestamp":"2025-07-09T07:06:24.826Z","url":"https://res.cloudinary.com/drhrgs6y5/image/upload/v1752044796/nextute/images/ei79d87sur1ptkxrkphw.png"}
{"level":"info","message":{"ip":"::1","method":"PATCH","timestamp":"2025-07-09T07:06:29.727Z","url":"/api/institutes/me/basic-info"},"timestamp":"2025-07-09T07:06:29.727Z"}
{"level":"info","message":{"ip":"::1","method":"PATCH","timestamp":"2025-07-09T07:08:28.549Z","url":"/api/institutes/me/basic-info"},"timestamp":"2025-07-09T07:08:28.549Z"}
{"level":"info","message":{"ip":"::1","method":"PATCH","timestamp":"2025-07-09T07:08:42.335Z","url":"/api/institutes/me/basic-info"},"timestamp":"2025-07-09T07:08:42.335Z"}
{"level":"info","message":{"ip":"::1","method":"GET","timestamp":"2025-07-09T07:18:42.904Z","url":"/api/institutes/profile"},"timestamp":"2025-07-09T07:18:42.904Z"}
{"level":"info","message":{"ip":"::1","method":"GET","timestamp":"2025-07-09T07:18:55.888Z","url":"/api/institutes/profile"},"timestamp":"2025-07-09T07:18:55.888Z"}
{"level":"info","message":{"ip":"::1","method":"GET","timestamp":"2025-07-09T07:20:08.918Z","url":"/api/institutes/profile"},"timestamp":"2025-07-09T07:20:08.918Z"}
{"level":"info","message":{"ip":"::1","method":"GET","timestamp":"2025-07-09T07:20:23.913Z","url":"/api/institutes/profile"},"timestamp":"2025-07-09T07:20:23.913Z"}
{"level":"info","message":{"ip":"::1","method":"GET","timestamp":"2025-07-09T07:20:23.924Z","url":"/api/students/profile"},"timestamp":"2025-07-09T07:20:23.924Z"}
{"level":"info","message":{"ip":"::1","method":"GET","timestamp":"2025-07-09T07:20:23.943Z","url":"/api/students/profile"},"timestamp":"2025-07-09T07:20:23.943Z"}
{"level":"info","message":{"ip":"::1","method":"GET","timestamp":"2025-07-09T07:20:24.165Z","url":"/api/institutes/profile"},"timestamp":"2025-07-09T07:20:24.166Z"}
{"level":"info","message":{"ip":"::1","method":"GET","timestamp":"2025-07-09T07:20:24.724Z","url":"/api/institutes/profile"},"timestamp":"2025-07-09T07:20:24.724Z"}
{"level":"info","message":{"ip":"::1","method":"GET","timestamp":"2025-07-09T07:21:36.902Z","url":"/api/institutes/profile"},"timestamp":"2025-07-09T07:21:36.902Z"}
{"level":"info","message":{"ip":"::1","method":"PATCH","timestamp":"2025-07-09T07:22:43.931Z","url":"/api/institutes/upload/image"},"timestamp":"2025-07-09T07:22:43.931Z"}
{"instituteId":"149f5735-ed17-4236-86bd-e0963a890cc1","level":"info","message":"Image uploaded successfully","timestamp":"2025-07-09T07:22:51.096Z","url":"https://res.cloudinary.com/drhrgs6y5/image/upload/v1752045783/nextute/images/mlir5gwfdfr0ah0vdkuf.jpg"}
{"level":"info","message":{"ip":"::1","method":"PATCH","timestamp":"2025-07-09T07:22:55.512Z","url":"/api/institutes/me/basic-info"},"timestamp":"2025-07-09T07:22:55.512Z"}
{"level":"info","message":{"ip":"::1","method":"GET","timestamp":"2025-07-09T07:27:09.287Z","url":"/api/institutes/profile"},"timestamp":"2025-07-09T07:27:09.288Z"}
{"level":"info","message":{"ip":"::1","method":"GET","timestamp":"2025-07-09T07:27:21.835Z","url":"/api/institutes/profile"},"timestamp":"2025-07-09T07:27:21.835Z"}
{"level":"info","message":{"ip":"::1","method":"GET","timestamp":"2025-07-09T07:27:21.856Z","url":"/api/students/profile"},"timestamp":"2025-07-09T07:27:21.856Z"}
{"level":"info","message":{"ip":"::1","method":"GET","timestamp":"2025-07-09T07:27:21.914Z","url":"/api/students/profile"},"timestamp":"2025-07-09T07:27:21.914Z"}
{"level":"info","message":{"ip":"::1","method":"GET","timestamp":"2025-07-09T07:27:22.125Z","url":"/api/institutes/profile"},"timestamp":"2025-07-09T07:27:22.125Z"}
{"level":"info","message":{"ip":"::1","method":"GET","timestamp":"2025-07-09T07:27:22.421Z","url":"/api/institutes/profile"},"timestamp":"2025-07-09T07:27:22.421Z"}
{"level":"info","message":{"ip":"::1","method":"PATCH","timestamp":"2025-07-09T07:27:30.912Z","url":"/api/institutes/me/basic-info"},"timestamp":"2025-07-09T07:27:30.912Z"}
{"level":"info","message":{"ip":"::1","method":"GET","timestamp":"2025-07-09T07:36:45.864Z","url":"/api/institutes/profile"},"timestamp":"2025-07-09T07:36:45.864Z"}
{"level":"info","message":{"ip":"::1","method":"GET","timestamp":"2025-07-09T07:36:52.500Z","url":"/api/institutes/profile"},"timestamp":"2025-07-09T07:36:52.500Z"}
{"level":"info","message":{"ip":"::1","method":"GET","timestamp":"2025-07-09T07:36:52.509Z","url":"/api/students/profile"},"timestamp":"2025-07-09T07:36:52.509Z"}
{"level":"info","message":{"ip":"::1","method":"GET","timestamp":"2025-07-09T07:36:52.529Z","url":"/api/students/profile"},"timestamp":"2025-07-09T07:36:52.529Z"}
{"level":"info","message":{"ip":"::1","method":"GET","timestamp":"2025-07-09T07:36:52.742Z","url":"/api/institutes/profile"},"timestamp":"2025-07-09T07:36:52.742Z"}
{"level":"info","message":{"ip":"::1","method":"GET","timestamp":"2025-07-09T07:36:53.009Z","url":"/api/institutes/profile"},"timestamp":"2025-07-09T07:36:53.009Z"}
{"level":"info","message":{"ip":"::1","method":"PATCH","timestamp":"2025-07-09T07:37:09.193Z","url":"/api/institutes/me/basic-info"},"timestamp":"2025-07-09T07:37:09.193Z"}
{"level":"info","message":{"ip":"::1","method":"GET","timestamp":"2025-07-09T07:37:41.642Z","url":"/api/institutes/profile"},"timestamp":"2025-07-09T07:37:41.643Z"}
{"level":"info","message":{"ip":"::1","method":"PATCH","timestamp":"2025-07-09T07:37:50.133Z","url":"/api/institutes/me/basic-info"},"timestamp":"2025-07-09T07:37:50.133Z"}
{"level":"info","message":{"ip":"::1","method":"PATCH","timestamp":"2025-07-09T07:38:26.469Z","url":"/api/institutes/me/basic-info"},"timestamp":"2025-07-09T07:38:26.469Z"}
{"level":"info","message":{"ip":"::1","method":"PATCH","timestamp":"2025-07-09T07:39:10.201Z","url":"/api/institutes/me/basic-info"},"timestamp":"2025-07-09T07:39:10.201Z"}
{"level":"info","message":{"ip":"::1","method":"PATCH","timestamp":"2025-07-09T07:39:42.749Z","url":"/api/institutes/me/basic-info"},"timestamp":"2025-07-09T07:39:42.749Z"}
{"level":"info","message":{"ip":"::1","method":"PATCH","timestamp":"2025-07-09T07:39:44.926Z","url":"/api/institutes/me/basic-info"},"timestamp":"2025-07-09T07:39:44.926Z"}
{"level":"info","message":{"ip":"::1","method":"PATCH","timestamp":"2025-07-09T07:39:58.140Z","url":"/api/institutes/me/basic-info"},"timestamp":"2025-07-09T07:39:58.140Z"}
{"level":"info","message":{"ip":"::1","method":"PATCH","timestamp":"2025-07-09T07:40:07.848Z","url":"/api/institutes/me/basic-info"},"timestamp":"2025-07-09T07:40:07.848Z"}
{"level":"info","message":{"ip":"::1","method":"GET","timestamp":"2025-07-09T08:01:46.679Z","url":"/api/students/profile"},"timestamp":"2025-07-09T08:01:46.680Z"}
{"level":"info","message":{"ip":"::1","method":"GET","timestamp":"2025-07-09T08:01:46.754Z","url":"/api/students/profile"},"timestamp":"2025-07-09T08:01:46.754Z"}
{"level":"info","message":{"ip":"::1","method":"GET","timestamp":"2025-07-09T08:01:46.789Z","url":"/api/institutes/profile"},"timestamp":"2025-07-09T08:01:46.789Z"}
{"level":"info","message":{"ip":"::1","method":"GET","timestamp":"2025-07-09T08:01:50.740Z","url":"/api/institutes/profile"},"timestamp":"2025-07-09T08:01:50.740Z"}
{"level":"info","message":{"ip":"::1","method":"GET","timestamp":"2025-07-09T08:01:54.298Z","url":"/api/students/profile"},"timestamp":"2025-07-09T08:01:54.298Z"}
{"level":"info","message":{"ip":"::1","method":"GET","timestamp":"2025-07-09T08:01:54.313Z","url":"/api/students/profile"},"timestamp":"2025-07-09T08:01:54.313Z"}
{"level":"info","message":{"ip":"::1","method":"GET","timestamp":"2025-07-09T08:01:54.339Z","url":"/api/institutes/profile"},"timestamp":"2025-07-09T08:01:54.339Z"}
{"level":"info","message":{"ip":"::1","method":"GET","timestamp":"2025-07-09T08:01:54.639Z","url":"/api/institutes/profile"},"timestamp":"2025-07-09T08:01:54.639Z"}
{"level":"info","message":{"ip":"::1","method":"POST","timestamp":"2025-07-09T08:04:53.527Z","url":"/api/institutes/signup"},"timestamp":"2025-07-09T08:04:53.527Z"}
{"level":"info","message":{"ip":"::1","method":"POST","timestamp":"2025-07-09T08:06:02.317Z","url":"/api/institutes/verify"},"timestamp":"2025-07-09T08:06:02.317Z"}
{"level":"info","message":{"ip":"::1","method":"GET","timestamp":"2025-07-09T08:06:03.702Z","url":"/api/institutes/profile"},"timestamp":"2025-07-09T08:06:03.702Z"}
{"level":"info","message":{"ip":"::1","method":"PATCH","timestamp":"2025-07-09T08:06:25.706Z","url":"/api/institutes/upload/image"},"timestamp":"2025-07-09T08:06:25.706Z"}
{"instituteId":"cab7f360-749e-4c83-91d4-01f60aea8944","level":"info","message":"Image uploaded successfully","timestamp":"2025-07-09T08:06:29.467Z","url":"https://res.cloudinary.com/drhrgs6y5/image/upload/v1752048400/nextute/images/icnnciymjxcdbwbcjkmd.jpg"}
{"level":"info","message":{"ip":"::1","method":"PATCH","timestamp":"2025-07-09T08:06:41.879Z","url":"/api/institutes/me/basic-info"},"timestamp":"2025-07-09T08:06:41.879Z"}
{"level":"info","message":{"ip":"::1","method":"PATCH","timestamp":"2025-07-09T08:10:16.074Z","url":"/api/institutes/me/basic-info"},"timestamp":"2025-07-09T08:10:16.075Z"}
{"level":"info","message":{"ip":"::1","method":"PATCH","timestamp":"2025-07-09T08:12:12.976Z","url":"/api/institutes/me/basic-info"},"timestamp":"2025-07-09T08:12:12.976Z"}
{"level":"info","message":{"ip":"::1","method":"PATCH","timestamp":"2025-07-09T08:13:58.499Z","url":"/api/institutes/me/basic-info"},"timestamp":"2025-07-09T08:13:58.499Z"}
{"level":"info","message":{"ip":"::1","method":"PATCH","timestamp":"2025-07-09T08:14:21.403Z","url":"/api/institutes/me/basic-info"},"timestamp":"2025-07-09T08:14:21.404Z"}
{"level":"info","message":{"ip":"::1","method":"PATCH","timestamp":"2025-07-09T08:18:50.133Z","url":"/api/institutes/me/basic-info"},"timestamp":"2025-07-09T08:18:50.133Z"}
{"level":"info","message":{"ip":"::1","method":"GET","timestamp":"2025-07-12T04:06:22.707Z","url":"/api/students/profile"},"timestamp":"2025-07-12T04:06:22.708Z"}
{"level":"info","message":{"ip":"::1","method":"GET","timestamp":"2025-07-12T04:06:22.730Z","url":"/api/students/profile"},"timestamp":"2025-07-12T04:06:22.730Z"}
{"level":"info","message":{"ip":"::1","method":"GET","timestamp":"2025-07-12T04:06:22.739Z","url":"/api/institutes/profile"},"timestamp":"2025-07-12T04:06:22.739Z"}
{"level":"info","message":{"ip":"::1","method":"GET","timestamp":"2025-07-12T04:06:22.776Z","url":"/api/institutes/profile"},"timestamp":"2025-07-12T04:06:22.777Z"}
{"level":"info","message":{"ip":"::1","method":"GET","timestamp":"2025-07-12T04:25:13.005Z","url":"/api/students/profile"},"timestamp":"2025-07-12T04:25:13.008Z"}
{"level":"info","message":{"ip":"::1","method":"GET","timestamp":"2025-07-12T04:25:13.077Z","url":"/api/students/profile"},"timestamp":"2025-07-12T04:25:13.077Z"}
{"level":"info","message":{"ip":"::1","method":"GET","timestamp":"2025-07-12T04:25:13.102Z","url":"/api/institutes/profile"},"timestamp":"2025-07-12T04:25:13.102Z"}
{"level":"info","message":{"ip":"::1","method":"GET","timestamp":"2025-07-12T04:25:13.137Z","url":"/api/institutes/profile"},"timestamp":"2025-07-12T04:25:13.137Z"}
{"level":"info","message":{"ip":"::1","method":"POST","timestamp":"2025-07-12T04:31:17.211Z","url":"/api/institutes/signup"},"timestamp":"2025-07-12T04:31:17.213Z"}
{"level":"info","message":{"ip":"::1","method":"POST","timestamp":"2025-07-12T04:31:34.356Z","url":"/api/institutes/signup"},"timestamp":"2025-07-12T04:31:34.356Z"}
{"level":"info","message":{"ip":"::1","method":"POST","timestamp":"2025-07-12T04:31:59.154Z","url":"/api/institutes/verify"},"timestamp":"2025-07-12T04:31:59.154Z"}
{"level":"info","message":{"ip":"::1","method":"GET","timestamp":"2025-07-12T04:32:00.309Z","url":"/api/institutes/profile"},"timestamp":"2025-07-12T04:32:00.310Z"}
{"level":"info","message":{"ip":"::1","method":"PATCH","timestamp":"2025-07-12T04:33:00.843Z","url":"/api/institutes/upload/image"},"timestamp":"2025-07-12T04:33:00.843Z"}
{"level":"info","message":{"ip":"::1","method":"PATCH","timestamp":"2025-07-12T04:33:21.475Z","url":"/api/institutes/me/basic-info"},"timestamp":"2025-07-12T04:33:21.475Z"}
{"level":"info","message":{"ip":"::1","method":"PATCH","timestamp":"2025-07-12T04:34:41.139Z","url":"/api/institutes/me/contact"},"timestamp":"2025-07-12T04:34:41.139Z"}
{"level":"info","message":{"ip":"::1","method":"GET","timestamp":"2025-07-12T04:35:21.169Z","url":"/api/institutes/profile"},"timestamp":"2025-07-12T04:35:21.169Z"}
{"level":"info","message":{"ip":"::1","method":"PATCH","timestamp":"2025-07-12T04:35:47.671Z","url":"/api/institutes/me/basic-info"},"timestamp":"2025-07-12T04:35:47.671Z"}
{"level":"info","message":{"ip":"::1","method":"GET","timestamp":"2025-07-12T04:36:52.834Z","url":"/api/institutes/profile"},"timestamp":"2025-07-12T04:36:52.834Z"}
{"level":"info","message":{"ip":"::1","method":"PATCH","timestamp":"2025-07-12T04:37:11.902Z","url":"/api/institutes/me/basic-info"},"timestamp":"2025-07-12T04:37:11.902Z"}
{"level":"info","message":{"ip":"::1","method":"GET","timestamp":"2025-07-12T04:44:13.236Z","url":"/api/institutes/profile"},"timestamp":"2025-07-12T04:44:13.236Z"}
{"level":"info","message":{"ip":"::1","method":"PATCH","timestamp":"2025-07-12T04:44:21.264Z","url":"/api/institutes/me/basic-info"},"timestamp":"2025-07-12T04:44:21.264Z"}
{"level":"info","message":{"ip":"::1","method":"GET","timestamp":"2025-07-12T04:45:18.333Z","url":"/api/institutes/profile"},"timestamp":"2025-07-12T04:45:18.334Z"}
{"level":"info","message":{"ip":"::1","method":"GET","timestamp":"2025-07-12T04:45:18.344Z","url":"/api/students/profile"},"timestamp":"2025-07-12T04:45:18.344Z"}
{"level":"info","message":{"ip":"::1","method":"GET","timestamp":"2025-07-12T04:45:18.359Z","url":"/api/students/profile"},"timestamp":"2025-07-12T04:45:18.359Z"}
{"level":"info","message":{"ip":"::1","method":"GET","timestamp":"2025-07-12T04:45:19.420Z","url":"/api/institutes/profile"},"timestamp":"2025-07-12T04:45:19.420Z"}
{"level":"info","message":{"ip":"::1","method":"GET","timestamp":"2025-07-12T04:45:19.672Z","url":"/api/institutes/profile"},"timestamp":"2025-07-12T04:45:19.673Z"}
{"level":"info","message":{"ip":"::1","method":"PATCH","timestamp":"2025-07-12T04:48:59.317Z","url":"/api/institutes/me/contact"},"timestamp":"2025-07-12T04:48:59.317Z"}
{"level":"info","message":{"ip":"::1","method":"GET","timestamp":"2025-07-12T04:49:21.544Z","url":"/api/institutes/profile"},"timestamp":"2025-07-12T04:49:21.544Z"}
{"level":"info","message":{"ip":"::1","method":"GET","timestamp":"2025-07-12T04:53:35.813Z","url":"/api/institutes/profile"},"timestamp":"2025-07-12T04:53:35.814Z"}
{"level":"info","message":{"ip":"::1","method":"GET","timestamp":"2025-07-12T04:53:39.688Z","url":"/api/institutes/profile"},"timestamp":"2025-07-12T04:53:39.688Z"}
{"level":"info","message":{"ip":"::1","method":"PATCH","timestamp":"2025-07-12T04:54:03.487Z","url":"/api/institutes/me/contact"},"timestamp":"2025-07-12T04:54:03.487Z"}
{"level":"info","message":{"ip":"::1","method":"GET","timestamp":"2025-07-12T04:54:07.199Z","url":"/api/institutes/profile"},"timestamp":"2025-07-12T04:54:07.199Z"}
{"level":"info","message":{"ip":"::1","method":"GET","timestamp":"2025-07-12T04:54:15.783Z","url":"/api/institutes/profile"},"timestamp":"2025-07-12T04:54:15.783Z"}
{"level":"info","message":{"ip":"::1","method":"GET","timestamp":"2025-07-12T04:54:22.898Z","url":"/api/institutes/profile"},"timestamp":"2025-07-12T04:54:22.898Z"}
{"level":"info","message":{"ip":"::1","method":"GET","timestamp":"2025-07-12T04:57:11.690Z","url":"/api/institutes/profile"},"timestamp":"2025-07-12T04:57:11.690Z"}
{"level":"info","message":{"ip":"::1","method":"GET","timestamp":"2025-07-12T04:57:14.678Z","url":"/api/institutes/profile"},"timestamp":"2025-07-12T04:57:14.678Z"}
{"level":"info","message":{"ip":"::1","method":"PATCH","timestamp":"2025-07-12T04:58:24.258Z","url":"/api/institutes/me/contact"},"timestamp":"2025-07-12T04:58:24.258Z"}
{"level":"info","message":{"ip":"::1","method":"GET","timestamp":"2025-07-12T04:58:27.911Z","url":"/api/institutes/profile"},"timestamp":"2025-07-12T04:58:27.911Z"}
{"level":"info","message":{"ip":"::1","method":"GET","timestamp":"2025-07-12T05:00:59.720Z","url":"/api/institutes/profile"},"timestamp":"2025-07-12T05:00:59.720Z"}
{"level":"info","message":{"ip":"::1","method":"GET","timestamp":"2025-07-12T05:01:00.744Z","url":"/api/institutes/profile"},"timestamp":"2025-07-12T05:01:00.744Z"}
{"level":"info","message":{"ip":"::1","method":"GET","timestamp":"2025-07-12T05:01:03.697Z","url":"/api/institutes/profile"},"timestamp":"2025-07-12T05:01:03.697Z"}
{"level":"info","message":{"ip":"::1","method":"GET","timestamp":"2025-07-12T05:01:05.720Z","url":"/api/institutes/profile"},"timestamp":"2025-07-12T05:01:05.720Z"}
{"level":"info","message":{"ip":"::1","method":"GET","timestamp":"2025-07-12T05:01:08.691Z","url":"/api/institutes/profile"},"timestamp":"2025-07-12T05:01:08.691Z"}
{"level":"info","message":{"ip":"::1","method":"GET","timestamp":"2025-07-12T05:02:02.703Z","url":"/api/institutes/profile"},"timestamp":"2025-07-12T05:02:02.703Z"}
{"level":"info","message":{"ip":"::1","method":"GET","timestamp":"2025-07-12T05:02:05.697Z","url":"/api/institutes/profile"},"timestamp":"2025-07-12T05:02:05.697Z"}
{"level":"info","message":{"ip":"::1","method":"GET","timestamp":"2025-07-12T05:02:34.695Z","url":"/api/institutes/profile"},"timestamp":"2025-07-12T05:02:34.695Z"}
{"level":"info","message":{"ip":"::1","method":"GET","timestamp":"2025-07-12T05:02:52.697Z","url":"/api/institutes/profile"},"timestamp":"2025-07-12T05:02:52.697Z"}
{"level":"info","message":{"ip":"::1","method":"GET","timestamp":"2025-07-12T05:03:00.714Z","url":"/api/institutes/profile"},"timestamp":"2025-07-12T05:03:00.714Z"}
{"level":"info","message":{"ip":"::1","method":"GET","timestamp":"2025-07-12T05:03:23.702Z","url":"/api/institutes/profile"},"timestamp":"2025-07-12T05:03:23.702Z"}
{"level":"info","message":{"ip":"::1","method":"GET","timestamp":"2025-07-12T05:03:29.710Z","url":"/api/institutes/profile"},"timestamp":"2025-07-12T05:03:29.711Z"}
{"level":"info","message":{"ip":"::1","method":"GET","timestamp":"2025-07-12T05:03:36.707Z","url":"/api/institutes/profile"},"timestamp":"2025-07-12T05:03:36.707Z"}
{"level":"info","message":{"ip":"::1","method":"GET","timestamp":"2025-07-12T05:03:44.192Z","url":"/api/institutes/profile"},"timestamp":"2025-07-12T05:03:44.193Z"}
{"level":"info","message":{"ip":"::1","method":"GET","timestamp":"2025-07-12T05:03:44.202Z","url":"/api/students/profile"},"timestamp":"2025-07-12T05:03:44.202Z"}
{"level":"info","message":{"ip":"::1","method":"GET","timestamp":"2025-07-12T05:03:44.217Z","url":"/api/students/profile"},"timestamp":"2025-07-12T05:03:44.217Z"}
{"level":"info","message":{"ip":"::1","method":"GET","timestamp":"2025-07-12T05:03:44.863Z","url":"/api/institutes/profile"},"timestamp":"2025-07-12T05:03:44.863Z"}
{"level":"info","message":{"ip":"::1","method":"GET","timestamp":"2025-07-12T05:03:45.109Z","url":"/api/institutes/profile"},"timestamp":"2025-07-12T05:03:45.109Z"}
{"level":"info","message":{"ip":"::1","method":"GET","timestamp":"2025-07-12T05:03:56.639Z","url":"/api/institutes/profile"},"timestamp":"2025-07-12T05:03:56.639Z"}
{"level":"info","message":{"ip":"::1","method":"GET","timestamp":"2025-07-12T05:05:51.689Z","url":"/api/institutes/profile"},"timestamp":"2025-07-12T05:05:51.689Z"}
{"level":"info","message":{"ip":"::1","method":"GET","timestamp":"2025-07-12T05:05:56.685Z","url":"/api/institutes/profile"},"timestamp":"2025-07-12T05:05:56.685Z"}
{"level":"info","message":{"ip":"::1","method":"GET","timestamp":"2025-07-12T05:05:57.709Z","url":"/api/institutes/profile"},"timestamp":"2025-07-12T05:05:57.709Z"}
{"level":"info","message":{"ip":"::1","method":"GET","timestamp":"2025-07-12T05:06:37.709Z","url":"/api/institutes/profile"},"timestamp":"2025-07-12T05:06:37.709Z"}
{"level":"info","message":{"ip":"::1","method":"GET","timestamp":"2025-07-12T05:06:42.697Z","url":"/api/institutes/profile"},"timestamp":"2025-07-12T05:06:42.697Z"}
{"level":"info","message":{"ip":"::1","method":"PATCH","timestamp":"2025-07-12T05:07:01.259Z","url":"/api/institutes/me/contact"},"timestamp":"2025-07-12T05:07:01.259Z"}
{"level":"info","message":{"ip":"::1","method":"GET","timestamp":"2025-07-12T05:07:05.158Z","url":"/api/institutes/profile"},"timestamp":"2025-07-12T05:07:05.158Z"}
{"level":"info","message":{"ip":"::1","method":"GET","timestamp":"2025-07-12T05:07:31.684Z","url":"/api/institutes/profile"},"timestamp":"2025-07-12T05:07:31.684Z"}
{"level":"info","message":{"ip":"::1","method":"GET","timestamp":"2025-07-12T05:07:31.695Z","url":"/api/students/profile"},"timestamp":"2025-07-12T05:07:31.695Z"}
{"level":"info","message":{"ip":"::1","method":"GET","timestamp":"2025-07-12T05:07:31.708Z","url":"/api/students/profile"},"timestamp":"2025-07-12T05:07:31.708Z"}
{"level":"info","message":{"ip":"::1","method":"GET","timestamp":"2025-07-12T05:07:32.167Z","url":"/api/institutes/profile"},"timestamp":"2025-07-12T05:07:32.167Z"}
{"level":"info","message":{"ip":"::1","method":"GET","timestamp":"2025-07-12T05:07:32.446Z","url":"/api/institutes/profile"},"timestamp":"2025-07-12T05:07:32.446Z"}
{"level":"info","message":{"ip":"::1","method":"PATCH","timestamp":"2025-07-12T05:09:25.120Z","url":"/api/institutes/me/contact"},"timestamp":"2025-07-12T05:09:25.120Z"}
{"level":"info","message":{"ip":"::1","method":"GET","timestamp":"2025-07-12T05:15:20.735Z","url":"/api/institutes/profile"},"timestamp":"2025-07-12T05:15:20.735Z"}
{"level":"info","message":{"ip":"::1","method":"GET","timestamp":"2025-07-12T05:15:24.693Z","url":"/api/institutes/profile"},"timestamp":"2025-07-12T05:15:24.693Z"}
{"level":"info","message":{"ip":"::1","method":"PATCH","timestamp":"2025-07-12T05:16:42.838Z","url":"/api/institutes/me/courses"},"timestamp":"2025-07-12T05:16:42.838Z"}
{"level":"info","message":{"ip":"::1","method":"GET","timestamp":"2025-07-12T05:24:26.764Z","url":"/api/institutes/profile"},"timestamp":"2025-07-12T05:24:26.764Z"}
{"level":"info","message":{"ip":"::1","method":"GET","timestamp":"2025-07-12T05:24:30.713Z","url":"/api/institutes/profile"},"timestamp":"2025-07-12T05:24:30.713Z"}
{"level":"info","message":{"ip":"::1","method":"PATCH","timestamp":"2025-07-12T05:24:39.467Z","url":"/api/institutes/me/courses"},"timestamp":"2025-07-12T05:24:39.467Z"}
{"level":"info","message":{"ip":"::1","method":"PATCH","timestamp":"2025-07-12T05:24:47.386Z","url":"/api/institutes/me/courses"},"timestamp":"2025-07-12T05:24:47.386Z"}
{"level":"info","message":{"ip":"::1","method":"PATCH","timestamp":"2025-07-12T05:27:22.586Z","url":"/api/institutes/me/courses"},"timestamp":"2025-07-12T05:27:22.586Z"}
{"level":"info","message":{"ip":"::1","method":"GET","timestamp":"2025-07-12T05:29:39.735Z","url":"/api/institutes/profile"},"timestamp":"2025-07-12T05:29:39.735Z"}
{"level":"info","message":{"ip":"::1","method":"GET","timestamp":"2025-07-12T05:29:42.767Z","url":"/api/institutes/profile"},"timestamp":"2025-07-12T05:29:42.767Z"}
{"level":"info","message":{"ip":"::1","method":"GET","timestamp":"2025-07-12T05:29:45.732Z","url":"/api/institutes/profile"},"timestamp":"2025-07-12T05:29:45.732Z"}
{"level":"info","message":{"ip":"::1","method":"PATCH","timestamp":"2025-07-12T05:29:59.981Z","url":"/api/institutes/me/courses"},"timestamp":"2025-07-12T05:29:59.981Z"}
{"level":"info","message":{"ip":"::1","method":"PATCH","timestamp":"2025-07-12T05:32:22.877Z","url":"/api/institutes/me/courses"},"timestamp":"2025-07-12T05:32:22.877Z"}
{"level":"info","message":{"ip":"::1","method":"PATCH","timestamp":"2025-07-12T05:32:26.136Z","url":"/api/institutes/me/courses"},"timestamp":"2025-07-12T05:32:26.136Z"}
{"level":"info","message":{"ip":"::1","method":"PATCH","timestamp":"2025-07-12T05:32:43.587Z","url":"/api/institutes/me/courses"},"timestamp":"2025-07-12T05:32:43.587Z"}
{"level":"info","message":{"ip":"::1","method":"PATCH","timestamp":"2025-07-12T05:33:17.267Z","url":"/api/institutes/me/courses"},"timestamp":"2025-07-12T05:33:17.267Z"}
{"level":"info","message":{"ip":"::1","method":"PATCH","timestamp":"2025-07-12T05:34:28.235Z","url":"/api/institutes/me/courses"},"timestamp":"2025-07-12T05:34:28.235Z"}
{"level":"info","message":{"ip":"::1","method":"GET","timestamp":"2025-07-12T05:34:37.395Z","url":"/api/institutes/profile"},"timestamp":"2025-07-12T05:34:37.395Z"}
{"level":"info","message":{"ip":"::1","method":"GET","timestamp":"2025-07-12T05:35:14.726Z","url":"/api/institutes/profile"},"timestamp":"2025-07-12T05:35:14.726Z"}
{"level":"info","message":{"ip":"::1","method":"GET","timestamp":"2025-07-12T05:35:21.730Z","url":"/api/institutes/profile"},"timestamp":"2025-07-12T05:35:21.730Z"}
{"level":"info","message":{"ip":"::1","method":"GET","timestamp":"2025-07-12T05:35:36.707Z","url":"/api/institutes/profile"},"timestamp":"2025-07-12T05:35:36.707Z"}
{"level":"info","message":{"ip":"::1","method":"GET","timestamp":"2025-07-12T05:35:48.706Z","url":"/api/institutes/profile"},"timestamp":"2025-07-12T05:35:48.706Z"}
{"level":"info","message":{"ip":"::1","method":"GET","timestamp":"2025-07-12T05:35:56.715Z","url":"/api/institutes/profile"},"timestamp":"2025-07-12T05:35:56.715Z"}
{"level":"info","message":{"ip":"::1","method":"GET","timestamp":"2025-07-12T05:36:12.781Z","url":"/api/institutes/profile"},"timestamp":"2025-07-12T05:36:12.781Z"}
{"level":"info","message":{"ip":"::1","method":"GET","timestamp":"2025-07-12T05:36:16.729Z","url":"/api/institutes/profile"},"timestamp":"2025-07-12T05:36:16.730Z"}
{"level":"info","message":{"ip":"::1","method":"GET","timestamp":"2025-07-12T05:36:23.702Z","url":"/api/institutes/profile"},"timestamp":"2025-07-12T05:36:23.702Z"}
{"level":"info","message":{"ip":"::1","method":"GET","timestamp":"2025-07-12T05:36:27.727Z","url":"/api/institutes/profile"},"timestamp":"2025-07-12T05:36:27.727Z"}
{"level":"info","message":{"ip":"::1","method":"GET","timestamp":"2025-07-12T05:36:47.715Z","url":"/api/institutes/profile"},"timestamp":"2025-07-12T05:36:47.715Z"}
{"level":"info","message":{"ip":"::1","method":"GET","timestamp":"2025-07-12T05:37:07.715Z","url":"/api/institutes/profile"},"timestamp":"2025-07-12T05:37:07.715Z"}
{"level":"info","message":{"ip":"::1","method":"GET","timestamp":"2025-07-12T05:37:29.337Z","url":"/api/students/profile"},"timestamp":"2025-07-12T05:37:29.337Z"}
{"level":"info","message":{"ip":"::1","method":"GET","timestamp":"2025-07-12T05:37:29.355Z","url":"/api/institutes/profile"},"timestamp":"2025-07-12T05:37:29.355Z"}
{"level":"info","message":{"ip":"::1","method":"GET","timestamp":"2025-07-12T05:37:29.364Z","url":"/api/students/profile"},"timestamp":"2025-07-12T05:37:29.364Z"}
{"level":"info","message":{"ip":"::1","method":"GET","timestamp":"2025-07-12T05:37:29.915Z","url":"/api/institutes/profile"},"timestamp":"2025-07-12T05:37:29.915Z"}
{"level":"info","message":{"ip":"::1","method":"GET","timestamp":"2025-07-12T05:37:30.153Z","url":"/api/institutes/profile"},"timestamp":"2025-07-12T05:37:30.153Z"}
{"level":"info","message":{"ip":"::1","method":"GET","timestamp":"2025-07-12T05:42:55.751Z","url":"/api/institutes/profile"},"timestamp":"2025-07-12T05:42:55.751Z"}
{"level":"info","message":{"ip":"::1","method":"GET","timestamp":"2025-07-12T05:42:59.659Z","url":"/api/institutes/profile"},"timestamp":"2025-07-12T05:42:59.659Z"}
{"level":"info","message":{"ip":"::1","method":"GET","timestamp":"2025-07-12T05:43:11.857Z","url":"/api/students/profile"},"timestamp":"2025-07-12T05:43:11.857Z"}
{"level":"info","message":{"ip":"::1","method":"GET","timestamp":"2025-07-12T05:43:11.864Z","url":"/api/institutes/profile"},"timestamp":"2025-07-12T05:43:11.864Z"}
{"level":"info","message":{"ip":"::1","method":"GET","timestamp":"2025-07-12T05:43:11.872Z","url":"/api/students/profile"},"timestamp":"2025-07-12T05:43:11.872Z"}
{"level":"info","message":{"ip":"::1","method":"GET","timestamp":"2025-07-12T05:43:12.162Z","url":"/api/institutes/profile"},"timestamp":"2025-07-12T05:43:12.162Z"}
{"level":"info","message":{"ip":"::1","method":"GET","timestamp":"2025-07-12T05:43:12.406Z","url":"/api/institutes/profile"},"timestamp":"2025-07-12T05:43:12.406Z"}
{"level":"info","message":{"ip":"::1","method":"PATCH","timestamp":"2025-07-12T05:43:38.679Z","url":"/api/institutes/me/courses"},"timestamp":"2025-07-12T05:43:38.679Z"}
{"level":"info","message":{"ip":"::1","method":"GET","timestamp":"2025-07-12T05:44:16.225Z","url":"/api/institutes/profile"},"timestamp":"2025-07-12T05:44:16.225Z"}
{"level":"info","message":{"ip":"::1","method":"GET","timestamp":"2025-07-12T05:44:43.737Z","url":"/api/institutes/profile"},"timestamp":"2025-07-12T05:44:43.737Z"}
{"level":"info","message":{"ip":"::1","method":"GET","timestamp":"2025-07-12T05:44:47.705Z","url":"/api/institutes/profile"},"timestamp":"2025-07-12T05:44:47.705Z"}
{"level":"info","message":{"ip":"::1","method":"GET","timestamp":"2025-07-12T05:44:48.705Z","url":"/api/institutes/profile"},"timestamp":"2025-07-12T05:44:48.705Z"}
{"level":"info","message":{"ip":"::1","method":"GET","timestamp":"2025-07-12T05:44:51.710Z","url":"/api/institutes/profile"},"timestamp":"2025-07-12T05:44:51.710Z"}
{"level":"info","message":{"ip":"::1","method":"GET","timestamp":"2025-07-12T05:44:55.694Z","url":"/api/institutes/profile"},"timestamp":"2025-07-12T05:44:55.694Z"}
{"level":"info","message":{"ip":"::1","method":"GET","timestamp":"2025-07-12T05:45:03.056Z","url":"/api/students/profile"},"timestamp":"2025-07-12T05:45:03.056Z"}
{"level":"info","message":{"ip":"::1","method":"GET","timestamp":"2025-07-12T05:45:03.065Z","url":"/api/students/profile"},"timestamp":"2025-07-12T05:45:03.065Z"}
{"level":"info","message":{"ip":"::1","method":"GET","timestamp":"2025-07-12T05:45:03.090Z","url":"/api/institutes/profile"},"timestamp":"2025-07-12T05:45:03.090Z"}
{"level":"info","message":{"ip":"::1","method":"GET","timestamp":"2025-07-12T05:45:03.674Z","url":"/api/institutes/profile"},"timestamp":"2025-07-12T05:45:03.675Z"}
{"level":"info","message":{"ip":"::1","method":"GET","timestamp":"2025-07-12T05:45:03.953Z","url":"/api/institutes/profile"},"timestamp":"2025-07-12T05:45:03.953Z"}
{"level":"info","message":{"ip":"::1","method":"PATCH","timestamp":"2025-07-12T05:45:13.559Z","url":"/api/institutes/me/courses"},"timestamp":"2025-07-12T05:45:13.559Z"}
{"level":"info","message":{"ip":"::1","method":"PATCH","timestamp":"2025-07-12T05:56:10.331Z","url":"/api/institutes/me/faculties"},"timestamp":"2025-07-12T05:56:10.331Z"}
{"level":"info","message":{"ip":"::1","method":"GET","timestamp":"2025-07-12T05:57:34.382Z","url":"/api/institutes/profile"},"timestamp":"2025-07-12T05:57:34.382Z"}
{"level":"info","message":{"ip":"::1","method":"PATCH","timestamp":"2025-07-12T05:58:15.578Z","url":"/api/institutes/me/facilities"},"timestamp":"2025-07-12T05:58:15.578Z"}
{"level":"info","message":{"ip":"::1","method":"PATCH","timestamp":"2025-07-12T06:04:51.534Z","url":"/api/institutes/me/facilities"},"timestamp":"2025-07-12T06:04:51.535Z"}
{"level":"info","message":{"ip":"::1","method":"PATCH","timestamp":"2025-07-12T06:05:23.103Z","url":"/api/institutes/me/facilities"},"timestamp":"2025-07-12T06:05:23.105Z"}
{"level":"info","message":{"ip":"::1","method":"PATCH","timestamp":"2025-07-12T06:05:47.366Z","url":"/api/institutes/me/facilities"},"timestamp":"2025-07-12T06:05:47.366Z"}
{"level":"info","message":{"ip":"::1","method":"PATCH","timestamp":"2025-07-12T06:06:02.297Z","url":"/api/institutes/me/facilities"},"timestamp":"2025-07-12T06:06:02.300Z"}
{"level":"info","message":{"ip":"::1","method":"GET","timestamp":"2025-07-12T06:06:12.138Z","url":"/api/institutes/profile"},"timestamp":"2025-07-12T06:06:12.138Z"}
{"level":"info","message":{"ip":"::1","method":"GET","timestamp":"2025-07-12T06:06:52.739Z","url":"/api/institutes/profile"},"timestamp":"2025-07-12T06:06:52.739Z"}
{"level":"info","message":{"ip":"::1","method":"GET","timestamp":"2025-07-12T06:06:54.737Z","url":"/api/institutes/profile"},"timestamp":"2025-07-12T06:06:54.737Z"}
{"level":"info","message":{"ip":"::1","method":"PATCH","timestamp":"2025-07-12T06:06:59.899Z","url":"/api/institutes/me/facilities"},"timestamp":"2025-07-12T06:06:59.899Z"}
{"level":"info","message":{"ip":"::1","method":"GET","timestamp":"2025-07-12T06:07:04.757Z","url":"/api/institutes/profile"},"timestamp":"2025-07-12T06:07:04.757Z"}
{"level":"info","message":{"ip":"::1","method":"PATCH","timestamp":"2025-07-12T06:07:08.644Z","url":"/api/institutes/me/facilities"},"timestamp":"2025-07-12T06:07:08.644Z"}
{"level":"info","message":{"ip":"::1","method":"GET","timestamp":"2025-07-12T06:07:19.394Z","url":"/api/institutes/profile"},"timestamp":"2025-07-12T06:07:19.394Z"}
{"level":"info","message":{"ip":"::1","method":"GET","timestamp":"2025-07-12T06:07:22.580Z","url":"/api/institutes/profile"},"timestamp":"2025-07-12T06:07:22.580Z"}
{"level":"info","message":{"ip":"::1","method":"PATCH","timestamp":"2025-07-12T06:08:14.982Z","url":"/api/institutes/me/courses"},"timestamp":"2025-07-12T06:08:14.983Z"}
{"level":"info","message":{"ip":"::1","method":"GET","timestamp":"2025-07-12T06:22:11.818Z","url":"/api/institutes/profile"},"timestamp":"2025-07-12T06:22:11.820Z"}
{"level":"info","message":{"ip":"::1","method":"GET","timestamp":"2025-07-12T06:22:14.823Z","url":"/api/institutes/profile"},"timestamp":"2025-07-12T06:22:14.823Z"}
{"level":"info","message":{"ip":"::1","method":"PATCH","timestamp":"2025-07-12T06:26:09.532Z","url":"/api/institutes/me/faculties"},"timestamp":"2025-07-12T06:26:09.532Z"}
{"level":"info","message":{"ip":"::1","method":"GET","timestamp":"2025-07-12T06:26:46.510Z","url":"/api/institutes/profile"},"timestamp":"2025-07-12T06:26:46.510Z"}
{"level":"info","message":{"ip":"::1","method":"GET","timestamp":"2025-07-12T06:37:08.779Z","url":"/api/institutes/profile"},"timestamp":"2025-07-12T06:37:08.780Z"}
{"level":"info","message":{"ip":"::1","method":"GET","timestamp":"2025-07-12T06:46:56.739Z","url":"/api/institutes/profile"},"timestamp":"2025-07-12T06:46:56.740Z"}
{"level":"info","message":{"ip":"::1","method":"GET","timestamp":"2025-07-12T06:47:00.151Z","url":"/api/institutes/profile"},"timestamp":"2025-07-12T06:47:00.151Z"}
{"level":"info","message":{"ip":"::1","method":"GET","timestamp":"2025-07-12T06:47:05.868Z","url":"/api/students/profile"},"timestamp":"2025-07-12T06:47:05.868Z"}
{"level":"info","message":{"ip":"::1","method":"GET","timestamp":"2025-07-12T06:47:05.887Z","url":"/api/institutes/profile"},"timestamp":"2025-07-12T06:47:05.887Z"}
{"level":"info","message":{"ip":"::1","method":"GET","timestamp":"2025-07-12T06:47:05.902Z","url":"/api/students/profile"},"timestamp":"2025-07-12T06:47:05.903Z"}
{"level":"info","message":{"ip":"::1","method":"GET","timestamp":"2025-07-12T06:47:06.180Z","url":"/api/institutes/profile"},"timestamp":"2025-07-12T06:47:06.180Z"}
{"level":"info","message":{"ip":"::1","method":"GET","timestamp":"2025-07-12T06:47:06.477Z","url":"/api/institutes/profile"},"timestamp":"2025-07-12T06:47:06.477Z"}
{"level":"info","message":{"ip":"::1","method":"PATCH","timestamp":"2025-07-12T06:48:32.445Z","url":"/api/institutes/me/faculties"},"timestamp":"2025-07-12T06:48:32.445Z"}
{"level":"info","message":{"ip":"::1","method":"GET","timestamp":"2025-07-12T06:49:37.011Z","url":"/api/institutes/profile"},"timestamp":"2025-07-12T06:49:37.011Z"}
{"level":"info","message":{"ip":"::1","method":"GET","timestamp":"2025-07-12T06:53:51.788Z","url":"/api/institutes/profile"},"timestamp":"2025-07-12T06:53:51.788Z"}
{"level":"info","message":{"ip":"::1","method":"GET","timestamp":"2025-07-12T06:53:57.221Z","url":"/api/institutes/profile"},"timestamp":"2025-07-12T06:53:57.221Z"}
{"level":"info","message":{"ip":"::1","method":"GET","timestamp":"2025-07-12T06:53:58.750Z","url":"/api/institutes/profile"},"timestamp":"2025-07-12T06:53:58.750Z"}
{"level":"info","message":{"ip":"::1","method":"PATCH","timestamp":"2025-07-12T06:55:28.976Z","url":"/api/institutes/me/faculties"},"timestamp":"2025-07-12T06:55:28.977Z"}
{"level":"info","message":{"ip":"::1","method":"GET","timestamp":"2025-07-12T06:56:13.878Z","url":"/api/institutes/profile"},"timestamp":"2025-07-12T06:56:13.878Z"}
{"level":"info","message":{"ip":"::1","method":"GET","timestamp":"2025-07-12T07:05:25.265Z","url":"/api/students/profile"},"timestamp":"2025-07-12T07:05:25.265Z"}
{"level":"info","message":{"ip":"::1","method":"GET","timestamp":"2025-07-12T07:05:25.302Z","url":"/api/institutes/profile"},"timestamp":"2025-07-12T07:05:25.302Z"}
{"level":"info","message":{"ip":"::1","method":"GET","timestamp":"2025-07-12T07:05:25.311Z","url":"/api/students/profile"},"timestamp":"2025-07-12T07:05:25.311Z"}
{"level":"info","message":{"ip":"::1","method":"GET","timestamp":"2025-07-12T07:05:28.307Z","url":"/api/institutes/profile"},"timestamp":"2025-07-12T07:05:28.307Z"}
{"level":"info","message":{"ip":"::1","method":"GET","timestamp":"2025-07-12T07:05:28.615Z","url":"/api/institutes/profile"},"timestamp":"2025-07-12T07:05:28.615Z"}
{"level":"info","message":{"ip":"::1","method":"GET","timestamp":"2025-07-12T07:08:05.876Z","url":"/api/students/profile"},"timestamp":"2025-07-12T07:08:05.876Z"}
{"level":"info","message":{"ip":"::1","method":"GET","timestamp":"2025-07-12T07:08:05.884Z","url":"/api/institutes/profile"},"timestamp":"2025-07-12T07:08:05.884Z"}
{"level":"info","message":{"ip":"::1","method":"GET","timestamp":"2025-07-12T07:08:05.890Z","url":"/api/students/profile"},"timestamp":"2025-07-12T07:08:05.890Z"}
{"level":"info","message":{"ip":"::1","method":"GET","timestamp":"2025-07-12T07:08:06.409Z","url":"/api/institutes/profile"},"timestamp":"2025-07-12T07:08:06.409Z"}
{"level":"info","message":{"ip":"::1","method":"GET","timestamp":"2025-07-12T07:08:06.655Z","url":"/api/institutes/profile"},"timestamp":"2025-07-12T07:08:06.655Z"}
{"level":"info","message":{"ip":"::1","method":"GET","timestamp":"2025-07-12T07:25:37.798Z","url":"/api/institutes/profile"},"timestamp":"2025-07-12T07:25:37.798Z"}
{"level":"info","message":{"ip":"::1","method":"GET","timestamp":"2025-07-12T07:25:37.916Z","url":"/api/students/profile"},"timestamp":"2025-07-12T07:25:37.924Z"}
{"level":"info","message":{"ip":"::1","method":"GET","timestamp":"2025-07-12T07:25:37.980Z","url":"/api/students/profile"},"timestamp":"2025-07-12T07:25:37.980Z"}
{"level":"info","message":{"ip":"::1","method":"GET","timestamp":"2025-07-12T07:25:38.475Z","url":"/api/institutes/profile"},"timestamp":"2025-07-12T07:25:38.475Z"}
{"level":"info","message":{"ip":"::1","method":"GET","timestamp":"2025-07-12T07:25:38.505Z","url":"/api/institutes/profile"},"timestamp":"2025-07-12T07:25:38.505Z"}
{"level":"info","message":{"ip":"::1","method":"GET","timestamp":"2025-07-12T07:25:41.847Z","url":"/api/institutes/profile"},"timestamp":"2025-07-12T07:25:41.847Z"}
{"level":"info","message":{"ip":"::1","method":"GET","timestamp":"2025-07-12T07:25:41.904Z","url":"/api/students/profile"},"timestamp":"2025-07-12T07:25:41.904Z"}
{"level":"info","message":{"ip":"::1","method":"GET","timestamp":"2025-07-12T07:25:41.940Z","url":"/api/students/profile"},"timestamp":"2025-07-12T07:25:41.940Z"}
{"level":"info","message":{"ip":"::1","method":"GET","timestamp":"2025-07-12T07:25:42.084Z","url":"/api/institutes/profile"},"timestamp":"2025-07-12T07:25:42.085Z"}
{"level":"info","message":{"ip":"::1","method":"GET","timestamp":"2025-07-12T07:25:42.124Z","url":"/api/institutes/profile"},"timestamp":"2025-07-12T07:25:42.124Z"}
{"level":"info","message":{"ip":"::1","method":"GET","timestamp":"2025-07-12T07:28:02.205Z","url":"/api/institutes/profile"},"timestamp":"2025-07-12T07:28:02.205Z"}
{"level":"info","message":{"ip":"::1","method":"GET","timestamp":"2025-07-12T07:28:02.239Z","url":"/api/students/profile"},"timestamp":"2025-07-12T07:28:02.239Z"}
{"level":"info","message":{"ip":"::1","method":"GET","timestamp":"2025-07-12T07:42:02.208Z","url":"/api/students/profile"},"timestamp":"2025-07-12T07:42:02.208Z"}
{"level":"info","message":{"ip":"::1","method":"GET","timestamp":"2025-07-12T07:47:38.769Z","url":"/api/students/profile"},"timestamp":"2025-07-12T07:47:38.800Z"}
{"level":"info","message":{"ip":"::1","method":"GET","timestamp":"2025-07-12T07:47:38.878Z","url":"/api/institutes/profile"},"timestamp":"2025-07-12T07:47:38.878Z"}
{"level":"info","message":{"ip":"::1","method":"GET","timestamp":"2025-07-12T07:47:38.936Z","url":"/api/students/profile"},"timestamp":"2025-07-12T07:47:38.936Z"}
{"level":"info","message":{"ip":"::1","method":"GET","timestamp":"2025-07-12T07:47:40.849Z","url":"/api/institutes/profile"},"timestamp":"2025-07-12T07:47:40.849Z"}
{"level":"info","message":{"ip":"::1","method":"GET","timestamp":"2025-07-12T07:47:40.855Z","url":"/api/students/profile"},"timestamp":"2025-07-12T07:47:40.855Z"}
{"level":"info","message":{"ip":"::1","method":"GET","timestamp":"2025-07-12T07:47:40.865Z","url":"/api/students/profile"},"timestamp":"2025-07-12T07:47:40.865Z"}
{"level":"info","message":{"ip":"::1","method":"GET","timestamp":"2025-07-12T07:55:12.570Z","url":"/api/institutes/profile"},"timestamp":"2025-07-12T07:55:12.570Z"}
{"level":"info","message":{"ip":"::1","method":"GET","timestamp":"2025-07-12T07:55:17.180Z","url":"/api/students/profile"},"timestamp":"2025-07-12T07:55:17.180Z"}
{"level":"info","message":{"ip":"::1","method":"GET","timestamp":"2025-07-12T07:55:17.238Z","url":"/api/students/profile"},"timestamp":"2025-07-12T07:55:17.238Z"}
{"level":"info","message":{"ip":"::1","method":"GET","timestamp":"2025-07-12T07:55:17.288Z","url":"/api/institutes/profile"},"timestamp":"2025-07-12T07:55:17.288Z"}
{"level":"info","message":{"ip":"::1","method":"GET","timestamp":"2025-07-12T07:55:33.822Z","url":"/api/institutes/profile"},"timestamp":"2025-07-12T07:55:33.822Z"}
{"level":"info","message":{"ip":"::1","method":"GET","timestamp":"2025-07-12T07:55:35.617Z","url":"/api/institutes/profile"},"timestamp":"2025-07-12T07:55:35.617Z"}
{"level":"info","message":{"ip":"::1","method":"GET","timestamp":"2025-07-12T07:55:38.093Z","url":"/api/students/profile"},"timestamp":"2025-07-12T07:55:38.093Z"}
{"level":"info","message":{"ip":"::1","method":"GET","timestamp":"2025-07-12T07:55:38.103Z","url":"/api/institutes/profile"},"timestamp":"2025-07-12T07:55:38.103Z"}
{"level":"info","message":{"ip":"::1","method":"GET","timestamp":"2025-07-12T07:55:38.115Z","url":"/api/students/profile"},"timestamp":"2025-07-12T07:55:38.115Z"}
{"level":"info","message":{"ip":"::1","method":"GET","timestamp":"2025-07-12T07:55:38.390Z","url":"/api/institutes/profile"},"timestamp":"2025-07-12T07:55:38.390Z"}
{"level":"info","message":{"ip":"::1","method":"GET","timestamp":"2025-07-12T07:55:38.780Z","url":"/api/institutes/profile"},"timestamp":"2025-07-12T07:55:38.780Z"}
{"level":"info","message":{"ip":"::1","method":"PATCH","timestamp":"2025-07-12T07:59:03.369Z","url":"/api/institutes/me/faculties"},"timestamp":"2025-07-12T07:59:03.370Z"}
{"level":"info","message":{"ip":"::1","method":"GET","timestamp":"2025-07-12T07:59:27.213Z","url":"/api/institutes/profile"},"timestamp":"2025-07-12T07:59:27.213Z"}
{"level":"info","message":{"ip":"::1","method":"GET","timestamp":"2025-07-12T08:04:34.750Z","url":"/api/institutes/profile"},"timestamp":"2025-07-12T08:04:34.751Z"}
{"level":"info","message":{"ip":"::1","method":"PATCH","timestamp":"2025-07-12T08:05:27.585Z","url":"/api/institutes/upload/image"},"timestamp":"2025-07-12T08:05:27.585Z"}
{"level":"info","message":{"ip":"::1","method":"PATCH","timestamp":"2025-07-12T08:05:29.336Z","url":"/api/institutes/me/faculties"},"timestamp":"2025-07-12T08:05:29.336Z"}
{"level":"info","message":{"ip":"::1","method":"GET","timestamp":"2025-07-12T08:12:19.197Z","url":"/api/institutes/profile"},"timestamp":"2025-07-12T08:12:19.198Z"}
{"level":"info","message":{"ip":"::1","method":"PATCH","timestamp":"2025-07-12T08:13:23.447Z","url":"/api/institutes/upload/image"},"timestamp":"2025-07-12T08:13:23.447Z"}
{"level":"info","message":{"ip":"::1","method":"PATCH","timestamp":"2025-07-12T08:13:46.656Z","url":"/api/institutes/me/faculties"},"timestamp":"2025-07-12T08:13:46.656Z"}
{"level":"info","message":{"ip":"::1","method":"GET","timestamp":"2025-07-12T08:14:24.484Z","url":"/api/institutes/profile"},"timestamp":"2025-07-12T08:14:24.484Z"}
{"level":"info","message":{"ip":"::1","method":"GET","timestamp":"2025-07-12T08:14:58.698Z","url":"/api/institutes/profile"},"timestamp":"2025-07-12T08:14:58.698Z"}
{"level":"info","message":{"ip":"::1","method":"GET","timestamp":"2025-07-12T09:03:18.473Z","url":"/api/institutes/profile"},"timestamp":"2025-07-12T09:03:18.476Z"}
{"level":"info","message":{"ip":"::1","method":"GET","timestamp":"2025-07-12T09:03:18.700Z","url":"/api/students/profile"},"timestamp":"2025-07-12T09:03:18.700Z"}
{"level":"info","message":{"ip":"::1","method":"GET","timestamp":"2025-07-12T09:03:18.804Z","url":"/api/students/profile"},"timestamp":"2025-07-12T09:03:18.804Z"}
{"level":"info","message":{"ip":"::1","method":"GET","timestamp":"2025-07-12T09:03:22.064Z","url":"/api/institutes/profile"},"timestamp":"2025-07-12T09:03:22.064Z"}
{"level":"info","message":{"ip":"::1","method":"GET","timestamp":"2025-07-12T09:03:22.324Z","url":"/api/institutes/profile"},"timestamp":"2025-07-12T09:03:22.324Z"}
{"level":"info","message":{"ip":"::1","method":"GET","timestamp":"2025-07-12T09:05:08.734Z","url":"/api/institutes/profile"},"timestamp":"2025-07-12T09:05:08.734Z"}
{"level":"info","message":{"ip":"::1","method":"GET","timestamp":"2025-07-12T09:05:25.782Z","url":"/api/institutes/profile"},"timestamp":"2025-07-12T09:05:25.782Z"}
{"level":"info","message":{"ip":"::1","method":"GET","timestamp":"2025-07-12T09:05:31.762Z","url":"/api/institutes/profile"},"timestamp":"2025-07-12T09:05:31.762Z"}
{"level":"info","message":{"ip":"::1","method":"GET","timestamp":"2025-07-12T09:05:33.730Z","url":"/api/institutes/profile"},"timestamp":"2025-07-12T09:05:33.730Z"}
{"level":"info","message":{"ip":"::1","method":"GET","timestamp":"2025-07-12T09:06:01.707Z","url":"/api/institutes/profile"},"timestamp":"2025-07-12T09:06:01.707Z"}
{"level":"info","message":{"ip":"::1","method":"GET","timestamp":"2025-07-12T09:06:06.710Z","url":"/api/institutes/profile"},"timestamp":"2025-07-12T09:06:06.710Z"}
{"level":"info","message":{"ip":"::1","method":"GET","timestamp":"2025-07-12T09:06:08.765Z","url":"/api/institutes/profile"},"timestamp":"2025-07-12T09:06:08.766Z"}
{"level":"info","message":{"ip":"::1","method":"GET","timestamp":"2025-07-12T09:06:35.744Z","url":"/api/institutes/profile"},"timestamp":"2025-07-12T09:06:35.744Z"}
{"level":"info","message":{"ip":"::1","method":"GET","timestamp":"2025-07-12T09:06:41.724Z","url":"/api/institutes/profile"},"timestamp":"2025-07-12T09:06:41.725Z"}
{"level":"info","message":{"ip":"::1","method":"GET","timestamp":"2025-07-12T09:11:29.773Z","url":"/api/institutes/profile"},"timestamp":"2025-07-12T09:11:29.773Z"}
{"level":"info","message":{"ip":"::1","method":"GET","timestamp":"2025-07-12T09:11:29.892Z","url":"/api/students/profile"},"timestamp":"2025-07-12T09:11:29.892Z"}
{"level":"info","message":{"ip":"::1","method":"GET","timestamp":"2025-07-12T09:11:29.908Z","url":"/api/students/profile"},"timestamp":"2025-07-12T09:11:29.908Z"}
{"level":"info","message":{"ip":"::1","method":"GET","timestamp":"2025-07-12T09:11:32.073Z","url":"/api/institutes/profile"},"timestamp":"2025-07-12T09:11:32.073Z"}
{"level":"info","message":{"ip":"::1","method":"GET","timestamp":"2025-07-12T09:11:32.317Z","url":"/api/institutes/profile"},"timestamp":"2025-07-12T09:11:32.317Z"}
{"level":"info","message":{"ip":"::1","method":"GET","timestamp":"2025-07-12T09:12:32.714Z","url":"/api/institutes/profile"},"timestamp":"2025-07-12T09:12:32.714Z"}
{"level":"info","message":{"ip":"::1","method":"GET","timestamp":"2025-07-12T09:12:35.721Z","url":"/api/institutes/profile"},"timestamp":"2025-07-12T09:12:35.721Z"}
{"level":"info","message":{"ip":"::1","method":"GET","timestamp":"2025-07-12T09:12:37.708Z","url":"/api/institutes/profile"},"timestamp":"2025-07-12T09:12:37.708Z"}
{"level":"info","message":{"ip":"::1","method":"PATCH","timestamp":"2025-07-12T09:13:29.349Z","url":"/api/institutes/upload/image"},"timestamp":"2025-07-12T09:13:29.350Z"}
{"level":"info","message":{"ip":"::1","method":"PATCH","timestamp":"2025-07-12T09:13:32.356Z","url":"/api/institutes/me/faculties"},"timestamp":"2025-07-12T09:13:32.356Z"}
{"level":"info","message":{"ip":"::1","method":"GET","timestamp":"2025-07-12T09:14:34.323Z","url":"/api/institutes/profile"},"timestamp":"2025-07-12T09:14:34.323Z"}
{"level":"info","message":{"ip":"::1","method":"PATCH","timestamp":"2025-07-12T09:15:28.816Z","url":"/api/institutes/upload/image"},"timestamp":"2025-07-12T09:15:28.816Z"}
{"level":"info","message":{"ip":"::1","method":"PATCH","timestamp":"2025-07-12T09:15:50.125Z","url":"/api/institutes/me/faculties"},"timestamp":"2025-07-12T09:15:50.126Z"}
{"level":"info","message":{"ip":"::1","method":"GET","timestamp":"2025-07-12T09:50:11.522Z","url":"/api/institutes/profile"},"timestamp":"2025-07-12T09:50:11.525Z"}
{"level":"info","message":{"ip":"::1","method":"PATCH","timestamp":"2025-07-12T09:51:18.132Z","url":"/api/institutes/upload/image"},"timestamp":"2025-07-12T09:51:18.132Z"}
{"level":"info","message":{"ip":"::1","method":"PATCH","timestamp":"2025-07-12T09:51:45.372Z","url":"/api/institutes/me/faculties"},"timestamp":"2025-07-12T09:51:45.372Z"}
{"level":"info","message":{"ip":"::1","method":"GET","timestamp":"2025-07-12T09:54:21.566Z","url":"/api/institutes/profile"},"timestamp":"2025-07-12T09:54:21.566Z"}
{"level":"info","message":{"ip":"::1","method":"GET","timestamp":"2025-07-12T09:54:26.186Z","url":"/api/institutes/profile"},"timestamp":"2025-07-12T09:54:26.186Z"}
{"level":"info","message":{"ip":"::1","method":"GET","timestamp":"2025-07-12T09:54:26.199Z","url":"/api/students/profile"},"timestamp":"2025-07-12T09:54:26.199Z"}
{"level":"info","message":{"ip":"::1","method":"GET","timestamp":"2025-07-12T09:54:26.344Z","url":"/api/students/profile"},"timestamp":"2025-07-12T09:54:26.344Z"}
{"level":"info","message":{"ip":"::1","method":"GET","timestamp":"2025-07-12T09:54:26.629Z","url":"/api/institutes/profile"},"timestamp":"2025-07-12T09:54:26.629Z"}
{"level":"info","message":{"ip":"::1","method":"GET","timestamp":"2025-07-12T09:54:27.836Z","url":"/api/institutes/profile"},"timestamp":"2025-07-12T09:54:27.836Z"}
{"level":"info","message":{"ip":"::1","method":"PATCH","timestamp":"2025-07-12T09:55:19.069Z","url":"/api/institutes/upload/image"},"timestamp":"2025-07-12T09:55:19.069Z"}
{"level":"info","message":{"ip":"::1","method":"PATCH","timestamp":"2025-07-12T09:55:32.601Z","url":"/api/institutes/me/faculties"},"timestamp":"2025-07-12T09:55:32.601Z"}
{"level":"info","message":{"ip":"::1","method":"GET","timestamp":"2025-07-12T10:07:59.789Z","url":"/api/students/profile"},"timestamp":"2025-07-12T10:07:59.792Z"}
{"level":"info","message":{"ip":"::1","method":"GET","timestamp":"2025-07-12T10:07:59.909Z","url":"/api/students/profile"},"timestamp":"2025-07-12T10:07:59.909Z"}
{"level":"info","message":{"ip":"::1","method":"GET","timestamp":"2025-07-12T10:07:59.974Z","url":"/api/institutes/profile"},"timestamp":"2025-07-12T10:07:59.974Z"}
{"level":"info","message":{"ip":"::1","method":"GET","timestamp":"2025-07-12T10:08:05.222Z","url":"/api/institutes/profile"},"timestamp":"2025-07-12T10:08:05.222Z"}
{"level":"info","message":{"ip":"::1","method":"GET","timestamp":"2025-07-12T10:08:05.299Z","url":"/api/institutes/profile"},"timestamp":"2025-07-12T10:08:05.299Z"}
{"level":"info","message":{"ip":"::1","method":"GET","timestamp":"2025-07-12T10:08:33.771Z","url":"/api/institutes/profile"},"timestamp":"2025-07-12T10:08:33.772Z"}
{"level":"info","message":{"ip":"::1","method":"GET","timestamp":"2025-07-12T10:08:38.798Z","url":"/api/institutes/profile"},"timestamp":"2025-07-12T10:08:38.798Z"}
{"level":"info","message":{"ip":"::1","method":"GET","timestamp":"2025-07-12T10:08:38.807Z","url":"/api/students/profile"},"timestamp":"2025-07-12T10:08:38.807Z"}
{"level":"info","message":{"ip":"::1","method":"GET","timestamp":"2025-07-12T10:08:38.821Z","url":"/api/students/profile"},"timestamp":"2025-07-12T10:08:38.821Z"}
{"level":"info","message":{"ip":"::1","method":"GET","timestamp":"2025-07-12T10:08:44.127Z","url":"/api/institutes/profile"},"timestamp":"2025-07-12T10:08:44.127Z"}
{"level":"info","message":{"ip":"::1","method":"GET","timestamp":"2025-07-12T10:08:44.747Z","url":"/api/institutes/profile"},"timestamp":"2025-07-12T10:08:44.747Z"}
{"level":"info","message":{"ip":"::1","method":"GET","timestamp":"2025-07-12T10:09:22.755Z","url":"/api/institutes/profile"},"timestamp":"2025-07-12T10:09:22.755Z"}
{"level":"info","message":{"ip":"::1","method":"GET","timestamp":"2025-07-12T10:09:53.730Z","url":"/api/institutes/profile"},"timestamp":"2025-07-12T10:09:53.730Z"}
{"level":"info","message":{"ip":"::1","method":"GET","timestamp":"2025-07-12T10:11:53.868Z","url":"/api/institutes/profile"},"timestamp":"2025-07-12T10:11:53.868Z"}
{"level":"info","message":{"ip":"::1","method":"GET","timestamp":"2025-07-12T10:12:55.766Z","url":"/api/institutes/profile"},"timestamp":"2025-07-12T10:12:55.766Z"}
{"level":"info","message":{"ip":"::1","method":"GET","timestamp":"2025-07-12T10:15:32.716Z","url":"/api/institutes/profile"},"timestamp":"2025-07-12T10:15:32.716Z"}
{"level":"info","message":{"ip":"::1","method":"GET","timestamp":"2025-07-12T10:15:35.890Z","url":"/api/institutes/profile"},"timestamp":"2025-07-12T10:15:35.890Z"}
{"level":"info","message":{"ip":"::1","method":"GET","timestamp":"2025-07-12T10:15:36.188Z","url":"/api/institutes/profile"},"timestamp":"2025-07-12T10:15:36.188Z"}
{"level":"info","message":{"ip":"::1","method":"GET","timestamp":"2025-07-12T10:15:38.756Z","url":"/api/institutes/profile"},"timestamp":"2025-07-12T10:15:38.756Z"}
{"level":"info","message":{"ip":"::1","method":"GET","timestamp":"2025-07-12T10:15:54.723Z","url":"/api/institutes/profile"},"timestamp":"2025-07-12T10:15:54.723Z"}
{"level":"info","message":{"ip":"::1","method":"GET","timestamp":"2025-07-12T10:15:57.733Z","url":"/api/institutes/profile"},"timestamp":"2025-07-12T10:15:57.733Z"}
{"level":"info","message":{"ip":"::1","method":"GET","timestamp":"2025-07-12T10:16:01.726Z","url":"/api/institutes/profile"},"timestamp":"2025-07-12T10:16:01.726Z"}
{"level":"info","message":{"ip":"::1","method":"GET","timestamp":"2025-07-12T10:16:03.746Z","url":"/api/institutes/profile"},"timestamp":"2025-07-12T10:16:03.746Z"}
{"level":"info","message":{"ip":"::1","method":"GET","timestamp":"2025-07-12T10:16:13.726Z","url":"/api/institutes/profile"},"timestamp":"2025-07-12T10:16:13.727Z"}
{"level":"info","message":{"ip":"::1","method":"GET","timestamp":"2025-07-12T10:16:16.093Z","url":"/api/institutes/profile"},"timestamp":"2025-07-12T10:16:16.093Z"}
{"level":"info","message":{"ip":"::1","method":"GET","timestamp":"2025-07-12T10:16:29.721Z","url":"/api/institutes/profile"},"timestamp":"2025-07-12T10:16:29.721Z"}
{"level":"info","message":{"ip":"::1","method":"GET","timestamp":"2025-07-12T10:16:32.606Z","url":"/api/institutes/profile"},"timestamp":"2025-07-12T10:16:32.607Z"}
{"level":"info","message":{"ip":"::1","method":"GET","timestamp":"2025-07-12T10:16:37.039Z","url":"/api/institutes/profile"},"timestamp":"2025-07-12T10:16:37.039Z"}
{"level":"info","message":{"ip":"::1","method":"GET","timestamp":"2025-07-12T10:16:38.178Z","url":"/api/institutes/profile"},"timestamp":"2025-07-12T10:16:38.178Z"}
{"level":"info","message":{"ip":"::1","method":"GET","timestamp":"2025-07-12T10:16:42.031Z","url":"/api/institutes/profile"},"timestamp":"2025-07-12T10:16:42.031Z"}
{"level":"info","message":{"ip":"::1","method":"GET","timestamp":"2025-07-12T10:16:44.713Z","url":"/api/institutes/profile"},"timestamp":"2025-07-12T10:16:44.713Z"}
{"level":"info","message":{"ip":"::1","method":"GET","timestamp":"2025-07-12T10:16:49.923Z","url":"/api/institutes/profile"},"timestamp":"2025-07-12T10:16:49.923Z"}
{"level":"info","message":{"ip":"::1","method":"GET","timestamp":"2025-07-12T10:16:55.028Z","url":"/api/institutes/profile"},"timestamp":"2025-07-12T10:16:55.028Z"}
{"level":"info","message":{"ip":"::1","method":"GET","timestamp":"2025-07-12T10:17:06.916Z","url":"/api/institutes/profile"},"timestamp":"2025-07-12T10:17:06.916Z"}
{"level":"info","message":{"ip":"::1","method":"GET","timestamp":"2025-07-12T10:17:10.297Z","url":"/api/institutes/profile"},"timestamp":"2025-07-12T10:17:10.297Z"}
{"level":"info","message":{"ip":"::1","method":"GET","timestamp":"2025-07-12T10:17:12.751Z","url":"/api/institutes/profile"},"timestamp":"2025-07-12T10:17:12.751Z"}
{"level":"info","message":{"ip":"::1","method":"GET","timestamp":"2025-07-12T10:17:15.043Z","url":"/api/institutes/profile"},"timestamp":"2025-07-12T10:17:15.043Z"}
{"level":"info","message":{"ip":"::1","method":"GET","timestamp":"2025-07-12T10:18:57.734Z","url":"/api/institutes/profile"},"timestamp":"2025-07-12T10:18:57.734Z"}
{"level":"info","message":{"ip":"::1","method":"GET","timestamp":"2025-07-12T10:18:59.723Z","url":"/api/institutes/profile"},"timestamp":"2025-07-12T10:18:59.724Z"}
{"level":"info","message":{"ip":"::1","method":"GET","timestamp":"2025-07-12T10:19:03.720Z","url":"/api/institutes/profile"},"timestamp":"2025-07-12T10:19:03.720Z"}
{"level":"info","message":{"ip":"::1","method":"GET","timestamp":"2025-07-12T10:19:05.745Z","url":"/api/institutes/profile"},"timestamp":"2025-07-12T10:19:05.745Z"}
{"level":"info","message":{"ip":"::1","method":"GET","timestamp":"2025-07-12T10:19:15.727Z","url":"/api/institutes/profile"},"timestamp":"2025-07-12T10:19:15.727Z"}
{"level":"info","message":{"ip":"::1","method":"GET","timestamp":"2025-07-12T10:19:15.741Z","url":"/api/students/profile"},"timestamp":"2025-07-12T10:19:15.741Z"}
{"level":"info","message":{"ip":"::1","method":"GET","timestamp":"2025-07-12T10:19:15.763Z","url":"/api/students/profile"},"timestamp":"2025-07-12T10:19:15.763Z"}
{"level":"info","message":{"ip":"::1","method":"GET","timestamp":"2025-07-12T10:19:16.774Z","url":"/api/institutes/profile"},"timestamp":"2025-07-12T10:19:16.774Z"}
{"level":"info","message":{"ip":"::1","method":"GET","timestamp":"2025-07-12T10:19:17.325Z","url":"/api/institutes/profile"},"timestamp":"2025-07-12T10:19:17.325Z"}
{"level":"info","message":{"ip":"::1","method":"PATCH","timestamp":"2025-07-12T10:19:51.124Z","url":"/api/institutes/upload/image"},"timestamp":"2025-07-12T10:19:51.124Z"}
{"level":"info","message":{"ip":"::1","method":"PATCH","timestamp":"2025-07-12T10:19:54.785Z","url":"/api/institutes/me/faculties"},"timestamp":"2025-07-12T10:19:54.785Z"}
{"level":"info","message":{"ip":"::1","method":"GET","timestamp":"2025-07-12T10:25:14.294Z","url":"/api/institutes/profile"},"timestamp":"2025-07-12T10:25:14.294Z"}
{"level":"info","message":{"ip":"::1","method":"GET","timestamp":"2025-07-12T10:25:27.131Z","url":"/api/institutes/profile"},"timestamp":"2025-07-12T10:25:27.131Z"}
{"level":"info","message":{"ip":"::1","method":"GET","timestamp":"2025-07-12T10:25:27.160Z","url":"/api/students/profile"},"timestamp":"2025-07-12T10:25:27.160Z"}
{"level":"info","message":{"ip":"::1","method":"GET","timestamp":"2025-07-12T10:25:27.179Z","url":"/api/students/profile"},"timestamp":"2025-07-12T10:25:27.179Z"}
{"level":"info","message":{"ip":"::1","method":"GET","timestamp":"2025-07-12T10:25:32.371Z","url":"/api/institutes/profile"},"timestamp":"2025-07-12T10:25:32.371Z"}
{"level":"info","message":{"ip":"::1","method":"GET","timestamp":"2025-07-12T10:25:32.702Z","url":"/api/institutes/profile"},"timestamp":"2025-07-12T10:25:32.702Z"}
{"level":"info","message":{"ip":"::1","method":"PATCH","timestamp":"2025-07-12T10:26:08.146Z","url":"/api/institutes/upload/image"},"timestamp":"2025-07-12T10:26:08.146Z"}
{"level":"info","message":{"ip":"::1","method":"PATCH","timestamp":"2025-07-12T10:26:16.010Z","url":"/api/institutes/me/faculties"},"timestamp":"2025-07-12T10:26:16.010Z"}
{"level":"info","message":{"ip":"::1","method":"GET","timestamp":"2025-07-12T10:30:35.631Z","url":"/api/students/profile"},"timestamp":"2025-07-12T10:30:35.632Z"}
{"level":"info","message":{"ip":"::1","method":"GET","timestamp":"2025-07-12T10:30:35.685Z","url":"/api/students/profile"},"timestamp":"2025-07-12T10:30:35.685Z"}
{"level":"info","message":{"ip":"::1","method":"GET","timestamp":"2025-07-12T10:30:38.995Z","url":"/api/students/profile"},"timestamp":"2025-07-12T10:30:38.995Z"}
{"level":"info","message":{"ip":"::1","method":"GET","timestamp":"2025-07-12T10:30:39.011Z","url":"/api/students/profile"},"timestamp":"2025-07-12T10:30:39.011Z"}
{"level":"info","message":{"ip":"::1","method":"GET","timestamp":"2025-07-12T10:30:39.133Z","url":"/api/institutes/profile"},"timestamp":"2025-07-12T10:30:39.133Z"}
{"level":"info","message":{"ip":"::1","method":"GET","timestamp":"2025-07-12T10:30:45.180Z","url":"/api/institutes/profile"},"timestamp":"2025-07-12T10:30:45.180Z"}
{"level":"info","message":{"ip":"::1","method":"GET","timestamp":"2025-07-12T10:30:45.232Z","url":"/api/institutes/profile"},"timestamp":"2025-07-12T10:30:45.232Z"}
{"level":"info","message":{"ip":"::1","method":"GET","timestamp":"2025-07-12T10:41:32.701Z","url":"/api/institutes/profile"},"timestamp":"2025-07-12T10:41:32.704Z"}
{"level":"info","message":{"ip":"::1","method":"GET","timestamp":"2025-07-12T10:41:32.731Z","url":"/api/students/profile"},"timestamp":"2025-07-12T10:41:32.731Z"}
{"level":"info","message":{"ip":"::1","method":"GET","timestamp":"2025-07-12T10:41:32.815Z","url":"/api/students/profile"},"timestamp":"2025-07-12T10:41:32.815Z"}
{"level":"info","message":{"ip":"::1","method":"GET","timestamp":"2025-07-12T10:41:33.099Z","url":"/api/institutes/profile"},"timestamp":"2025-07-12T10:41:33.099Z"}
{"level":"info","message":{"ip":"::1","method":"GET","timestamp":"2025-07-12T10:41:33.193Z","url":"/api/institutes/profile"},"timestamp":"2025-07-12T10:41:33.193Z"}
{"level":"info","message":{"ip":"::1","method":"GET","timestamp":"2025-07-12T13:06:38.562Z","url":"/api/institutes/profile"},"timestamp":"2025-07-12T13:06:38.562Z"}
{"level":"info","message":{"ip":"::1","method":"GET","timestamp":"2025-07-12T13:06:38.614Z","url":"/api/students/profile"},"timestamp":"2025-07-12T13:06:38.615Z"}
{"level":"info","message":{"ip":"::1","method":"GET","timestamp":"2025-07-12T13:06:38.642Z","url":"/api/students/profile"},"timestamp":"2025-07-12T13:06:38.643Z"}
{"level":"info","message":{"ip":"::1","method":"GET","timestamp":"2025-07-12T13:06:41.566Z","url":"/api/institutes/profile"},"timestamp":"2025-07-12T13:06:41.566Z"}
{"level":"info","message":{"ip":"::1","method":"GET","timestamp":"2025-07-12T13:06:41.812Z","url":"/api/institutes/profile"},"timestamp":"2025-07-12T13:06:41.812Z"}
{"level":"info","message":{"ip":"::1","method":"PATCH","timestamp":"2025-07-12T13:12:21.295Z","url":"/api/institutes/upload/image"},"timestamp":"2025-07-12T13:12:21.296Z"}
{"level":"info","message":{"ip":"::1","method":"PATCH","timestamp":"2025-07-12T13:12:26.727Z","url":"/api/institutes/me/faculties"},"timestamp":"2025-07-12T13:12:26.727Z"}
{"level":"info","message":{"ip":"::1","method":"GET","timestamp":"2025-07-12T13:17:47.836Z","url":"/api/institutes/profile"},"timestamp":"2025-07-12T13:17:47.837Z"}
{"level":"info","message":{"ip":"::1","method":"GET","timestamp":"2025-07-12T13:19:58.924Z","url":"/api/institutes/profile"},"timestamp":"2025-07-12T13:19:58.924Z"}
{"level":"info","message":{"ip":"::1","method":"GET","timestamp":"2025-07-12T13:21:34.839Z","url":"/api/institutes/profile"},"timestamp":"2025-07-12T13:21:34.839Z"}
{"level":"info","message":{"ip":"::1","method":"GET","timestamp":"2025-07-12T13:23:46.895Z","url":"/api/institutes/profile"},"timestamp":"2025-07-12T13:23:46.895Z"}
{"level":"info","message":{"ip":"::1","method":"PATCH","timestamp":"2025-07-12T13:24:27.483Z","url":"/api/institutes/upload/image"},"timestamp":"2025-07-12T13:24:27.483Z"}
{"level":"info","message":{"ip":"::1","method":"PATCH","timestamp":"2025-07-12T13:24:32.850Z","url":"/api/institutes/me/faculties"},"timestamp":"2025-07-12T13:24:32.850Z"}
{"level":"info","message":{"ip":"::1","method":"GET","timestamp":"2025-07-12T13:25:06.270Z","url":"/api/institutes/profile"},"timestamp":"2025-07-12T13:25:06.270Z"}
{"level":"info","message":{"ip":"::1","method":"GET","timestamp":"2025-07-12T13:26:04.860Z","url":"/api/institutes/profile"},"timestamp":"2025-07-12T13:26:04.860Z"}
{"level":"info","message":{"ip":"::1","method":"GET","timestamp":"2025-07-12T13:26:10.884Z","url":"/api/institutes/profile"},"timestamp":"2025-07-12T13:26:10.884Z"}
{"level":"info","message":{"ip":"::1","method":"GET","timestamp":"2025-07-12T13:27:35.874Z","url":"/api/institutes/profile"},"timestamp":"2025-07-12T13:27:35.874Z"}
{"level":"info","message":{"ip":"::1","method":"GET","timestamp":"2025-07-12T13:27:39.866Z","url":"/api/institutes/profile"},"timestamp":"2025-07-12T13:27:39.866Z"}
{"level":"info","message":{"ip":"::1","method":"GET","timestamp":"2025-07-12T13:32:05.893Z","url":"/api/institutes/profile"},"timestamp":"2025-07-12T13:32:05.893Z"}
{"level":"info","message":{"ip":"::1","method":"GET","timestamp":"2025-07-12T13:32:09.322Z","url":"/api/institutes/profile"},"timestamp":"2025-07-12T13:32:09.322Z"}
{"level":"info","message":{"ip":"::1","method":"GET","timestamp":"2025-07-12T13:32:26.955Z","url":"/api/institutes/profile"},"timestamp":"2025-07-12T13:32:26.955Z"}
{"level":"info","message":{"ip":"::1","method":"GET","timestamp":"2025-07-12T13:32:30.857Z","url":"/api/institutes/profile"},"timestamp":"2025-07-12T13:32:30.857Z"}
{"level":"info","message":{"ip":"::1","method":"GET","timestamp":"2025-07-12T13:32:33.907Z","url":"/api/institutes/profile"},"timestamp":"2025-07-12T13:32:33.907Z"}
{"level":"info","message":{"ip":"::1","method":"PATCH","timestamp":"2025-07-12T13:32:36.693Z","url":"/api/institutes/me/faculties"},"timestamp":"2025-07-12T13:32:36.693Z"}
{"level":"info","message":{"ip":"::1","method":"GET","timestamp":"2025-07-12T13:32:42.149Z","url":"/api/institutes/profile"},"timestamp":"2025-07-12T13:32:42.149Z"}
{"level":"info","message":{"ip":"::1","method":"PATCH","timestamp":"2025-07-12T13:32:45.254Z","url":"/api/institutes/me/faculties"},"timestamp":"2025-07-12T13:32:45.254Z"}
{"level":"info","message":{"ip":"::1","method":"GET","timestamp":"2025-07-12T13:32:50.964Z","url":"/api/institutes/profile"},"timestamp":"2025-07-12T13:32:50.964Z"}
{"level":"info","message":{"ip":"::1","method":"GET","timestamp":"2025-07-12T13:35:01.143Z","url":"/api/institutes/profile"},"timestamp":"2025-07-12T13:35:01.143Z"}
{"level":"info","message":{"ip":"::1","method":"GET","timestamp":"2025-07-12T13:35:10.622Z","url":"/api/institutes/profile"},"timestamp":"2025-07-12T13:35:10.622Z"}
{"level":"info","message":{"ip":"::1","method":"PATCH","timestamp":"2025-07-12T13:35:23.453Z","url":"/api/institutes/me/basic-info"},"timestamp":"2025-07-12T13:35:23.453Z"}
{"level":"info","message":{"ip":"::1","method":"GET","timestamp":"2025-07-12T13:35:24.793Z","url":"/api/institutes/profile"},"timestamp":"2025-07-12T13:35:24.793Z"}
{"level":"info","message":{"ip":"::1","method":"PATCH","timestamp":"2025-07-12T13:35:29.240Z","url":"/api/institutes/me/contact"},"timestamp":"2025-07-12T13:35:29.240Z"}
{"level":"info","message":{"ip":"::1","method":"GET","timestamp":"2025-07-12T13:35:30.303Z","url":"/api/institutes/profile"},"timestamp":"2025-07-12T13:35:30.303Z"}
{"level":"info","message":{"ip":"::1","method":"PATCH","timestamp":"2025-07-12T13:35:35.830Z","url":"/api/institutes/me/courses"},"timestamp":"2025-07-12T13:35:35.830Z"}
{"level":"info","message":{"ip":"::1","method":"GET","timestamp":"2025-07-12T13:35:36.768Z","url":"/api/institutes/profile"},"timestamp":"2025-07-12T13:35:36.768Z"}
{"level":"info","message":{"ip":"::1","method":"PATCH","timestamp":"2025-07-12T13:35:39.987Z","url":"/api/institutes/me/faculties"},"timestamp":"2025-07-12T13:35:39.987Z"}
{"level":"info","message":{"ip":"::1","method":"GET","timestamp":"2025-07-12T13:35:44.068Z","url":"/api/institutes/profile"},"timestamp":"2025-07-12T13:35:44.068Z"}
{"level":"info","message":{"ip":"::1","method":"GET","timestamp":"2025-07-12T13:36:57.881Z","url":"/api/institutes/profile"},"timestamp":"2025-07-12T13:36:57.881Z"}
{"level":"info","message":{"ip":"::1","method":"GET","timestamp":"2025-07-12T13:36:59.903Z","url":"/api/institutes/profile"},"timestamp":"2025-07-12T13:36:59.903Z"}
{"level":"info","message":{"ip":"::1","method":"GET","timestamp":"2025-07-12T13:37:03.874Z","url":"/api/institutes/profile"},"timestamp":"2025-07-12T13:37:03.874Z"}
{"level":"info","message":{"ip":"::1","method":"GET","timestamp":"2025-07-12T13:37:04.920Z","url":"/api/institutes/profile"},"timestamp":"2025-07-12T13:37:04.920Z"}
{"level":"info","message":{"ip":"::1","method":"PATCH","timestamp":"2025-07-12T13:37:07.909Z","url":"/api/institutes/me/faculties"},"timestamp":"2025-07-12T13:37:07.909Z"}
{"level":"info","message":{"ip":"::1","method":"GET","timestamp":"2025-07-12T13:37:11.052Z","url":"/api/institutes/profile"},"timestamp":"2025-07-12T13:37:11.052Z"}
{"level":"info","message":{"ip":"::1","method":"PATCH","timestamp":"2025-07-12T13:37:20.295Z","url":"/api/institutes/me/faculties"},"timestamp":"2025-07-12T13:37:20.296Z"}
{"level":"info","message":{"ip":"::1","method":"GET","timestamp":"2025-07-12T13:37:23.896Z","url":"/api/institutes/profile"},"timestamp":"2025-07-12T13:37:23.896Z"}
{"level":"info","message":{"ip":"::1","method":"PATCH","timestamp":"2025-07-12T13:44:34.245Z","url":"/api/institutes/me/faculties"},"timestamp":"2025-07-12T13:44:34.246Z"}
{"level":"info","message":{"ip":"::1","method":"GET","timestamp":"2025-07-12T13:44:41.021Z","url":"/api/institutes/profile"},"timestamp":"2025-07-12T13:44:41.021Z"}
{"level":"info","message":{"ip":"::1","method":"GET","timestamp":"2025-07-12T13:46:05.049Z","url":"/api/institutes/profile"},"timestamp":"2025-07-12T13:46:05.049Z"}
{"level":"info","message":{"ip":"::1","method":"PATCH","timestamp":"2025-07-12T13:46:07.651Z","url":"/api/institutes/me/faculties"},"timestamp":"2025-07-12T13:46:07.651Z"}
{"level":"info","message":{"ip":"::1","method":"GET","timestamp":"2025-07-12T13:46:10.585Z","url":"/api/institutes/profile"},"timestamp":"2025-07-12T13:46:10.585Z"}
{"level":"info","message":{"ip":"::1","method":"GET","timestamp":"2025-07-12T13:47:57.936Z","url":"/api/institutes/profile"},"timestamp":"2025-07-12T13:47:57.936Z"}
{"level":"info","message":{"ip":"::1","method":"GET","timestamp":"2025-07-12T13:48:00.890Z","url":"/api/institutes/profile"},"timestamp":"2025-07-12T13:48:00.890Z"}
{"level":"info","message":{"ip":"::1","method":"GET","timestamp":"2025-07-12T13:48:41.849Z","url":"/api/institutes/profile"},"timestamp":"2025-07-12T13:48:41.849Z"}
{"level":"info","message":{"ip":"::1","method":"GET","timestamp":"2025-07-12T13:48:43.882Z","url":"/api/institutes/profile"},"timestamp":"2025-07-12T13:48:43.882Z"}
{"level":"info","message":{"ip":"::1","method":"GET","timestamp":"2025-07-12T13:49:08.866Z","url":"/api/institutes/profile"},"timestamp":"2025-07-12T13:49:08.866Z"}
{"level":"info","message":{"ip":"::1","method":"GET","timestamp":"2025-07-12T13:49:10.860Z","url":"/api/institutes/profile"},"timestamp":"2025-07-12T13:49:10.860Z"}
{"level":"info","message":{"ip":"::1","method":"GET","timestamp":"2025-07-12T13:54:13.911Z","url":"/api/institutes/profile"},"timestamp":"2025-07-12T13:54:13.911Z"}
{"level":"info","message":{"ip":"::1","method":"PATCH","timestamp":"2025-07-12T13:54:16.548Z","url":"/api/institutes/me/faculties"},"timestamp":"2025-07-12T13:54:16.548Z"}
{"level":"info","message":{"ip":"::1","method":"GET","timestamp":"2025-07-12T13:54:19.649Z","url":"/api/institutes/profile"},"timestamp":"2025-07-12T13:54:19.649Z"}
{"level":"info","message":{"ip":"::1","method":"PATCH","timestamp":"2025-07-12T13:54:22.112Z","url":"/api/institutes/me/faculties"},"timestamp":"2025-07-12T13:54:22.112Z"}
{"level":"info","message":{"ip":"::1","method":"GET","timestamp":"2025-07-12T13:54:24.500Z","url":"/api/institutes/profile"},"timestamp":"2025-07-12T13:54:24.500Z"}
{"level":"info","message":{"ip":"::1","method":"GET","timestamp":"2025-07-12T13:56:45.895Z","url":"/api/institutes/profile"},"timestamp":"2025-07-12T13:56:45.895Z"}
{"level":"info","message":{"ip":"::1","method":"PATCH","timestamp":"2025-07-12T13:56:51.419Z","url":"/api/institutes/me/faculties"},"timestamp":"2025-07-12T13:56:51.419Z"}
{"level":"info","message":{"ip":"::1","method":"GET","timestamp":"2025-07-12T13:56:56.003Z","url":"/api/institutes/profile"},"timestamp":"2025-07-12T13:56:56.003Z"}
{"level":"info","message":{"ip":"::1","method":"PATCH","timestamp":"2025-07-12T13:56:59.644Z","url":"/api/institutes/me/faculties"},"timestamp":"2025-07-12T13:56:59.644Z"}
{"level":"info","message":{"ip":"::1","method":"GET","timestamp":"2025-07-12T13:57:02.890Z","url":"/api/institutes/profile"},"timestamp":"2025-07-12T13:57:02.890Z"}
{"level":"info","message":{"ip":"::1","method":"GET","timestamp":"2025-07-12T13:57:08.865Z","url":"/api/institutes/profile"},"timestamp":"2025-07-12T13:57:08.865Z"}
{"level":"info","message":{"ip":"::1","method":"GET","timestamp":"2025-07-12T13:57:57.903Z","url":"/api/institutes/profile"},"timestamp":"2025-07-12T13:57:57.904Z"}
{"level":"info","message":{"ip":"::1","method":"GET","timestamp":"2025-07-12T13:57:59.896Z","url":"/api/institutes/profile"},"timestamp":"2025-07-12T13:57:59.896Z"}
{"level":"info","message":{"ip":"::1","method":"GET","timestamp":"2025-07-12T13:58:23.886Z","url":"/api/institutes/profile"},"timestamp":"2025-07-12T13:58:23.886Z"}
{"level":"info","message":{"ip":"::1","method":"GET","timestamp":"2025-07-12T13:58:25.869Z","url":"/api/institutes/profile"},"timestamp":"2025-07-12T13:58:25.869Z"}
{"level":"info","message":{"ip":"::1","method":"GET","timestamp":"2025-07-12T13:58:55.858Z","url":"/api/institutes/profile"},"timestamp":"2025-07-12T13:58:55.858Z"}
{"level":"info","message":{"ip":"::1","method":"GET","timestamp":"2025-07-12T13:59:00.854Z","url":"/api/institutes/profile"},"timestamp":"2025-07-12T13:59:00.854Z"}
{"level":"info","message":{"ip":"::1","method":"GET","timestamp":"2025-07-12T13:59:08.882Z","url":"/api/institutes/profile"},"timestamp":"2025-07-12T13:59:08.882Z"}
{"level":"info","message":{"ip":"::1","method":"PATCH","timestamp":"2025-07-12T13:59:14.101Z","url":"/api/institutes/me/faculties"},"timestamp":"2025-07-12T13:59:14.101Z"}
{"level":"info","message":{"ip":"::1","method":"PATCH","timestamp":"2025-07-12T13:59:17.066Z","url":"/api/institutes/me/faculties"},"timestamp":"2025-07-12T13:59:17.066Z"}
{"level":"info","message":{"ip":"::1","method":"PATCH","timestamp":"2025-07-12T13:59:22.358Z","url":"/api/institutes/me/faculties"},"timestamp":"2025-07-12T13:59:22.358Z"}
{"level":"info","message":{"ip":"::1","method":"PATCH","timestamp":"2025-07-12T13:59:24.011Z","url":"/api/institutes/me/faculties"},"timestamp":"2025-07-12T13:59:24.011Z"}
{"level":"info","message":{"ip":"::1","method":"PATCH","timestamp":"2025-07-12T13:59:49.844Z","url":"/api/institutes/me/faculties"},"timestamp":"2025-07-12T13:59:49.844Z"}
{"level":"info","message":{"ip":"::1","method":"PATCH","timestamp":"2025-07-12T13:59:52.173Z","url":"/api/institutes/me/faculties"},"timestamp":"2025-07-12T13:59:52.173Z"}
{"level":"info","message":{"ip":"::1","method":"PATCH","timestamp":"2025-07-12T13:59:54.098Z","url":"/api/institutes/me/faculties"},"timestamp":"2025-07-12T13:59:54.098Z"}
{"level":"info","message":{"ip":"::1","method":"PATCH","timestamp":"2025-07-12T13:59:58.343Z","url":"/api/institutes/me/faculties"},"timestamp":"2025-07-12T13:59:58.343Z"}
{"level":"info","message":{"ip":"::1","method":"PATCH","timestamp":"2025-07-12T14:00:00.254Z","url":"/api/institutes/me/faculties"},"timestamp":"2025-07-12T14:00:00.254Z"}
{"level":"info","message":{"ip":"::1","method":"GET","timestamp":"2025-07-12T14:00:07.850Z","url":"/api/institutes/profile"},"timestamp":"2025-07-12T14:00:07.850Z"}
{"level":"info","message":{"ip":"::1","method":"GET","timestamp":"2025-07-12T14:00:08.839Z","url":"/api/institutes/profile"},"timestamp":"2025-07-12T14:00:08.839Z"}
{"level":"info","message":{"ip":"::1","method":"GET","timestamp":"2025-07-12T14:00:10.834Z","url":"/api/institutes/profile"},"timestamp":"2025-07-12T14:00:10.834Z"}
{"level":"info","message":{"ip":"::1","method":"GET","timestamp":"2025-07-12T14:00:13.839Z","url":"/api/institutes/profile"},"timestamp":"2025-07-12T14:00:13.839Z"}
{"level":"info","message":{"ip":"::1","method":"PATCH","timestamp":"2025-07-12T14:00:16.294Z","url":"/api/institutes/me/faculties"},"timestamp":"2025-07-12T14:00:16.294Z"}
{"level":"info","message":{"ip":"::1","method":"GET","timestamp":"2025-07-12T14:00:19.491Z","url":"/api/institutes/profile"},"timestamp":"2025-07-12T14:00:19.491Z"}
{"level":"info","message":{"ip":"::1","method":"GET","timestamp":"2025-07-12T14:01:47.675Z","url":"/api/institutes/profile"},"timestamp":"2025-07-12T14:01:47.675Z"}
{"level":"info","message":{"ip":"::1","method":"GET","timestamp":"2025-07-12T14:01:54.775Z","url":"/api/institutes/profile"},"timestamp":"2025-07-12T14:01:54.775Z"}
{"level":"info","message":{"ip":"::1","method":"PATCH","timestamp":"2025-07-12T14:01:59.278Z","url":"/api/institutes/me/basic-info"},"timestamp":"2025-07-12T14:01:59.279Z"}
{"level":"info","message":{"ip":"::1","method":"GET","timestamp":"2025-07-12T14:02:00.348Z","url":"/api/institutes/profile"},"timestamp":"2025-07-12T14:02:00.348Z"}
{"level":"info","message":{"ip":"::1","method":"PATCH","timestamp":"2025-07-12T14:02:03.067Z","url":"/api/institutes/me/contact"},"timestamp":"2025-07-12T14:02:03.067Z"}
{"level":"info","message":{"ip":"::1","method":"GET","timestamp":"2025-07-12T14:02:04.344Z","url":"/api/institutes/profile"},"timestamp":"2025-07-12T14:02:04.344Z"}
{"level":"info","message":{"ip":"::1","method":"PATCH","timestamp":"2025-07-12T14:02:09.519Z","url":"/api/institutes/me/courses"},"timestamp":"2025-07-12T14:02:09.519Z"}
{"level":"info","message":{"ip":"::1","method":"GET","timestamp":"2025-07-12T14:02:10.879Z","url":"/api/institutes/profile"},"timestamp":"2025-07-12T14:02:10.879Z"}
{"level":"info","message":{"ip":"::1","method":"PATCH","timestamp":"2025-07-12T14:02:13.259Z","url":"/api/institutes/me/faculties"},"timestamp":"2025-07-12T14:02:13.259Z"}
{"level":"info","message":{"ip":"::1","method":"GET","timestamp":"2025-07-12T14:02:16.594Z","url":"/api/institutes/profile"},"timestamp":"2025-07-12T14:02:16.594Z"}
{"level":"info","message":{"ip":"::1","method":"GET","timestamp":"2025-07-12T14:08:12.858Z","url":"/api/institutes/profile"},"timestamp":"2025-07-12T14:08:12.859Z"}
{"level":"info","message":{"ip":"::1","method":"GET","timestamp":"2025-07-12T14:08:15.838Z","url":"/api/institutes/profile"},"timestamp":"2025-07-12T14:08:15.838Z"}
{"level":"info","message":{"ip":"::1","method":"PATCH","timestamp":"2025-07-12T14:08:18.706Z","url":"/api/institutes/me/faculties"},"timestamp":"2025-07-12T14:08:18.706Z"}
{"level":"info","message":{"ip":"::1","method":"GET","timestamp":"2025-07-12T14:08:22.181Z","url":"/api/institutes/profile"},"timestamp":"2025-07-12T14:08:22.181Z"}
{"level":"info","message":{"ip":"::1","method":"GET","timestamp":"2025-07-12T14:08:46.834Z","url":"/api/institutes/profile"},"timestamp":"2025-07-12T14:08:46.834Z"}
{"level":"info","message":{"ip":"::1","method":"GET","timestamp":"2025-07-12T14:08:53.830Z","url":"/api/institutes/profile"},"timestamp":"2025-07-12T14:08:53.830Z"}
{"level":"info","message":{"ip":"::1","method":"GET","timestamp":"2025-07-12T14:08:57.854Z","url":"/api/institutes/profile"},"timestamp":"2025-07-12T14:08:57.854Z"}
{"level":"info","message":{"ip":"::1","method":"GET","timestamp":"2025-07-12T14:08:57.861Z","url":"/api/students/profile"},"timestamp":"2025-07-12T14:08:57.861Z"}
{"level":"info","message":{"ip":"::1","method":"GET","timestamp":"2025-07-12T14:08:57.876Z","url":"/api/students/profile"},"timestamp":"2025-07-12T14:08:57.876Z"}
{"level":"info","message":{"ip":"::1","method":"GET","timestamp":"2025-07-12T14:08:58.096Z","url":"/api/institutes/profile"},"timestamp":"2025-07-12T14:08:58.096Z"}
{"level":"info","message":{"ip":"::1","method":"GET","timestamp":"2025-07-12T14:08:58.374Z","url":"/api/institutes/profile"},"timestamp":"2025-07-12T14:08:58.374Z"}
{"level":"info","message":{"ip":"::1","method":"GET","timestamp":"2025-07-12T14:09:21.872Z","url":"/api/institutes/profile"},"timestamp":"2025-07-12T14:09:21.872Z"}
{"level":"info","message":{"ip":"::1","method":"GET","timestamp":"2025-07-12T14:09:22.865Z","url":"/api/institutes/profile"},"timestamp":"2025-07-12T14:09:22.865Z"}
{"level":"info","message":{"ip":"::1","method":"GET","timestamp":"2025-07-12T14:09:31.065Z","url":"/api/institutes/profile"},"timestamp":"2025-07-12T14:09:31.065Z"}
{"level":"info","message":{"ip":"::1","method":"GET","timestamp":"2025-07-12T14:09:31.086Z","url":"/api/students/profile"},"timestamp":"2025-07-12T14:09:31.086Z"}
{"level":"info","message":{"ip":"::1","method":"GET","timestamp":"2025-07-12T14:09:31.101Z","url":"/api/students/profile"},"timestamp":"2025-07-12T14:09:31.101Z"}
{"level":"info","message":{"ip":"::1","method":"GET","timestamp":"2025-07-12T14:09:31.309Z","url":"/api/institutes/profile"},"timestamp":"2025-07-12T14:09:31.309Z"}
{"level":"info","message":{"ip":"::1","method":"GET","timestamp":"2025-07-12T14:09:31.541Z","url":"/api/institutes/profile"},"timestamp":"2025-07-12T14:09:31.541Z"}
{"level":"info","message":{"ip":"::1","method":"PATCH","timestamp":"2025-07-12T14:10:34.057Z","url":"/api/institutes/upload/image"},"timestamp":"2025-07-12T14:10:34.057Z"}
{"level":"info","message":{"ip":"::1","method":"PATCH","timestamp":"2025-07-12T14:10:42.239Z","url":"/api/institutes/me/faculties"},"timestamp":"2025-07-12T14:10:42.239Z"}
{"level":"info","message":{"ip":"::1","method":"GET","timestamp":"2025-07-12T14:10:58.942Z","url":"/api/institutes/profile"},"timestamp":"2025-07-12T14:10:58.942Z"}
{"level":"info","message":{"ip":"::1","method":"PATCH","timestamp":"2025-07-12T14:11:54.538Z","url":"/api/institutes/me/faculties"},"timestamp":"2025-07-12T14:11:54.538Z"}
{"level":"info","message":{"ip":"::1","method":"GET","timestamp":"2025-07-12T14:11:58.116Z","url":"/api/institutes/profile"},"timestamp":"2025-07-12T14:11:58.116Z"}
{"level":"info","message":{"ip":"::1","method":"PATCH","timestamp":"2025-07-12T14:14:43.135Z","url":"/api/institutes/me/faculties"},"timestamp":"2025-07-12T14:14:43.135Z"}
{"level":"info","message":{"ip":"::1","method":"PATCH","timestamp":"2025-07-12T14:14:52.629Z","url":"/api/institutes/me/faculties"},"timestamp":"2025-07-12T14:14:52.629Z"}
{"level":"info","message":{"ip":"::1","method":"GET","timestamp":"2025-07-12T14:14:58.281Z","url":"/api/institutes/profile"},"timestamp":"2025-07-12T14:14:58.281Z"}
{"level":"info","message":{"ip":"::1","method":"PATCH","timestamp":"2025-07-12T14:15:02.570Z","url":"/api/institutes/me/faculties"},"timestamp":"2025-07-12T14:15:02.570Z"}
{"level":"info","message":{"ip":"::1","method":"GET","timestamp":"2025-07-12T14:15:06.052Z","url":"/api/institutes/profile"},"timestamp":"2025-07-12T14:15:06.052Z"}
{"level":"info","message":{"ip":"::1","method":"GET","timestamp":"2025-07-12T14:15:39.886Z","url":"/api/institutes/profile"},"timestamp":"2025-07-12T14:15:39.886Z"}
{"level":"info","message":{"ip":"::1","method":"PATCH","timestamp":"2025-07-12T14:19:26.470Z","url":"/api/institutes/me/faculties"},"timestamp":"2025-07-12T14:19:26.470Z"}
{"level":"info","message":{"ip":"::1","method":"GET","timestamp":"2025-07-12T14:19:30.139Z","url":"/api/institutes/profile"},"timestamp":"2025-07-12T14:19:30.139Z"}
{"level":"info","message":{"ip":"::1","method":"GET","timestamp":"2025-07-12T14:19:32.834Z","url":"/api/institutes/profile"},"timestamp":"2025-07-12T14:19:32.834Z"}
{"level":"info","message":{"ip":"::1","method":"GET","timestamp":"2025-07-12T14:19:48.162Z","url":"/api/institutes/profile"},"timestamp":"2025-07-12T14:19:48.163Z"}
{"level":"info","message":{"ip":"::1","method":"PATCH","timestamp":"2025-07-12T14:27:08.977Z","url":"/api/institutes/me/courses"},"timestamp":"2025-07-12T14:27:08.977Z"}
{"level":"info","message":{"ip":"::1","method":"GET","timestamp":"2025-07-12T14:27:13.319Z","url":"/api/institutes/profile"},"timestamp":"2025-07-12T14:27:13.319Z"}
{"level":"info","message":{"ip":"::1","method":"PATCH","timestamp":"2025-07-12T14:27:19.571Z","url":"/api/institutes/me/faculties"},"timestamp":"2025-07-12T14:27:19.571Z"}
{"level":"info","message":{"ip":"::1","method":"GET","timestamp":"2025-07-12T14:27:23.968Z","url":"/api/institutes/profile"},"timestamp":"2025-07-12T14:27:23.968Z"}
{"level":"info","message":{"ip":"::1","method":"PATCH","timestamp":"2025-07-12T14:28:24.633Z","url":"/api/institutes/upload/image"},"timestamp":"2025-07-12T14:28:24.633Z"}
{"level":"info","message":{"ip":"::1","method":"PATCH","timestamp":"2025-07-12T14:28:26.310Z","url":"/api/institutes/me/faculties"},"timestamp":"2025-07-12T14:28:26.310Z"}
{"level":"info","message":{"ip":"::1","method":"GET","timestamp":"2025-07-12T14:28:43.001Z","url":"/api/institutes/profile"},"timestamp":"2025-07-12T14:28:43.001Z"}
{"level":"info","message":{"ip":"::1","method":"GET","timestamp":"2025-07-12T14:29:32.886Z","url":"/api/institutes/profile"},"timestamp":"2025-07-12T14:29:32.886Z"}
{"level":"info","message":{"ip":"::1","method":"GET","timestamp":"2025-07-12T14:29:34.858Z","url":"/api/institutes/profile"},"timestamp":"2025-07-12T14:29:34.858Z"}
{"level":"info","message":{"ip":"::1","method":"PATCH","timestamp":"2025-07-12T14:30:10.012Z","url":"/api/institutes/me/faculties"},"timestamp":"2025-07-12T14:30:10.012Z"}
{"level":"info","message":{"ip":"::1","method":"GET","timestamp":"2025-07-12T14:30:14.151Z","url":"/api/institutes/profile"},"timestamp":"2025-07-12T14:30:14.151Z"}
{"level":"info","message":{"ip":"::1","method":"GET","timestamp":"2025-07-12T14:30:22.838Z","url":"/api/institutes/profile"},"timestamp":"2025-07-12T14:30:22.838Z"}
{"level":"info","message":{"ip":"::1","method":"GET","timestamp":"2025-07-12T14:30:23.868Z","url":"/api/institutes/profile"},"timestamp":"2025-07-12T14:30:23.868Z"}
{"level":"info","message":{"ip":"::1","method":"GET","timestamp":"2025-07-12T14:30:24.881Z","url":"/api/institutes/profile"},"timestamp":"2025-07-12T14:30:24.881Z"}
{"level":"info","message":{"ip":"::1","method":"PATCH","timestamp":"2025-07-12T14:30:35.848Z","url":"/api/institutes/upload/image"},"timestamp":"2025-07-12T14:30:35.848Z"}
{"level":"info","message":{"ip":"::1","method":"PATCH","timestamp":"2025-07-12T14:30:39.703Z","url":"/api/institutes/me/faculties"},"timestamp":"2025-07-12T14:30:39.703Z"}
{"level":"error","message":"Server error: File too large","method":"PATCH","stack":"MulterError: File too large\n    at abortWithCode (C:\\Users\\Dell\\OneDrive\\Documents 1\\GitHub\\Nextute\\backend\\node_modules\\multer\\lib\\make-middleware.js:73:22)\n    at FileStream.<anonymous> (C:\\Users\\Dell\\OneDrive\\Documents 1\\GitHub\\Nextute\\backend\\node_modules\\multer\\lib\\make-middleware.js:136:11)\n    at FileStream.emit (node:events:518:28)\n    at SBMH.ssCb [as _cb] (C:\\Users\\Dell\\OneDrive\\Documents 1\\GitHub\\Nextute\\backend\\node_modules\\busboy\\lib\\types\\multipart.js:479:32)\n    at feed (C:\\Users\\Dell\\OneDrive\\Documents 1\\GitHub\\Nextute\\backend\\node_modules\\streamsearch\\lib\\sbmh.js:219:14)\n    at SBMH.push (C:\\Users\\Dell\\OneDrive\\Documents 1\\GitHub\\Nextute\\backend\\node_modules\\streamsearch\\lib\\sbmh.js:104:16)\n    at Multipart._write (C:\\Users\\Dell\\OneDrive\\Documents 1\\GitHub\\Nextute\\backend\\node_modules\\busboy\\lib\\types\\multipart.js:567:19)\n    at writeOrBuffer (node:internal/streams/writable:572:12)\n    at _write (node:internal/streams/writable:501:10)\n    at Writable.write (node:internal/streams/writable:510:10)","timestamp":"2025-07-12T14:30:43.614Z","url":"/api/institutes/upload/image"}
{"level":"info","message":{"ip":"::1","method":"GET","timestamp":"2025-07-12T14:34:29.688Z","url":"/api/institutes/profile"},"timestamp":"2025-07-12T14:34:29.688Z"}
{"level":"info","message":{"ip":"::1","method":"PATCH","timestamp":"2025-07-12T14:34:40.204Z","url":"/api/institutes/upload/image"},"timestamp":"2025-07-12T14:34:40.204Z"}
{"level":"info","message":{"ip":"::1","method":"PATCH","timestamp":"2025-07-12T14:34:43.308Z","url":"/api/institutes/me/faculties"},"timestamp":"2025-07-12T14:34:43.308Z"}
{"level":"info","message":{"ip":"::1","method":"GET","timestamp":"2025-07-12T14:34:47.445Z","url":"/api/institutes/profile"},"timestamp":"2025-07-12T14:34:47.445Z"}
{"level":"error","message":"Server error: File too large","method":"PATCH","stack":"MulterError: File too large\n    at abortWithCode (C:\\Users\\Dell\\OneDrive\\Documents 1\\GitHub\\Nextute\\backend\\node_modules\\multer\\lib\\make-middleware.js:73:22)\n    at FileStream.<anonymous> (C:\\Users\\Dell\\OneDrive\\Documents 1\\GitHub\\Nextute\\backend\\node_modules\\multer\\lib\\make-middleware.js:136:11)\n    at FileStream.emit (node:events:518:28)\n    at SBMH.ssCb [as _cb] (C:\\Users\\Dell\\OneDrive\\Documents 1\\GitHub\\Nextute\\backend\\node_modules\\busboy\\lib\\types\\multipart.js:479:32)\n    at feed (C:\\Users\\Dell\\OneDrive\\Documents 1\\GitHub\\Nextute\\backend\\node_modules\\streamsearch\\lib\\sbmh.js:219:14)\n    at SBMH.push (C:\\Users\\Dell\\OneDrive\\Documents 1\\GitHub\\Nextute\\backend\\node_modules\\streamsearch\\lib\\sbmh.js:104:16)\n    at Multipart._write (C:\\Users\\Dell\\OneDrive\\Documents 1\\GitHub\\Nextute\\backend\\node_modules\\busboy\\lib\\types\\multipart.js:567:19)\n    at writeOrBuffer (node:internal/streams/writable:572:12)\n    at _write (node:internal/streams/writable:501:10)\n    at Writable.write (node:internal/streams/writable:510:10)","timestamp":"2025-07-12T14:34:47.463Z","url":"/api/institutes/upload/image"}
{"level":"info","message":{"ip":"::1","method":"GET","timestamp":"2025-07-12T14:35:18.869Z","url":"/api/institutes/profile"},"timestamp":"2025-07-12T14:35:18.869Z"}
{"level":"info","message":{"ip":"::1","method":"GET","timestamp":"2025-07-12T14:35:20.898Z","url":"/api/institutes/profile"},"timestamp":"2025-07-12T14:35:20.898Z"}
{"level":"info","message":{"ip":"::1","method":"PATCH","timestamp":"2025-07-12T14:35:29.238Z","url":"/api/institutes/upload/image"},"timestamp":"2025-07-12T14:35:29.238Z"}
{"level":"info","message":{"ip":"::1","method":"PATCH","timestamp":"2025-07-12T14:35:30.925Z","url":"/api/institutes/me/faculties"},"timestamp":"2025-07-12T14:35:30.925Z"}
{"level":"info","message":{"ip":"::1","method":"GET","timestamp":"2025-07-12T14:35:34.068Z","url":"/api/institutes/profile"},"timestamp":"2025-07-12T14:35:34.068Z"}
{"level":"error","message":"Server error: File too large","method":"PATCH","stack":"MulterError: File too large\n    at abortWithCode (C:\\Users\\Dell\\OneDrive\\Documents 1\\GitHub\\Nextute\\backend\\node_modules\\multer\\lib\\make-middleware.js:73:22)\n    at FileStream.<anonymous> (C:\\Users\\Dell\\OneDrive\\Documents 1\\GitHub\\Nextute\\backend\\node_modules\\multer\\lib\\make-middleware.js:136:11)\n    at FileStream.emit (node:events:518:28)\n    at SBMH.ssCb [as _cb] (C:\\Users\\Dell\\OneDrive\\Documents 1\\GitHub\\Nextute\\backend\\node_modules\\busboy\\lib\\types\\multipart.js:479:32)\n    at feed (C:\\Users\\Dell\\OneDrive\\Documents 1\\GitHub\\Nextute\\backend\\node_modules\\streamsearch\\lib\\sbmh.js:219:14)\n    at SBMH.push (C:\\Users\\Dell\\OneDrive\\Documents 1\\GitHub\\Nextute\\backend\\node_modules\\streamsearch\\lib\\sbmh.js:104:16)\n    at Multipart._write (C:\\Users\\Dell\\OneDrive\\Documents 1\\GitHub\\Nextute\\backend\\node_modules\\busboy\\lib\\types\\multipart.js:567:19)\n    at writeOrBuffer (node:internal/streams/writable:572:12)\n    at _write (node:internal/streams/writable:501:10)\n    at Writable.write (node:internal/streams/writable:510:10)","timestamp":"2025-07-12T14:35:36.175Z","url":"/api/institutes/upload/image"}
{"level":"info","message":{"ip":"::1","method":"PATCH","timestamp":"2025-07-12T14:35:51.968Z","url":"/api/institutes/upload/image"},"timestamp":"2025-07-12T14:35:51.969Z"}
{"level":"info","message":{"ip":"::1","method":"PATCH","timestamp":"2025-07-12T14:35:53.820Z","url":"/api/institutes/me/faculties"},"timestamp":"2025-07-12T14:35:53.820Z"}
{"level":"info","message":{"ip":"::1","method":"GET","timestamp":"2025-07-12T14:35:59.720Z","url":"/api/institutes/profile"},"timestamp":"2025-07-12T14:35:59.720Z"}
{"level":"info","message":{"ip":"::1","method":"GET","timestamp":"2025-07-12T14:39:43.914Z","url":"/api/institutes/profile"},"timestamp":"2025-07-12T14:39:43.914Z"}
{"level":"info","message":{"ip":"::1","method":"PATCH","timestamp":"2025-07-12T14:39:54.928Z","url":"/api/institutes/upload/image"},"timestamp":"2025-07-12T14:39:54.928Z"}
{"level":"info","message":{"ip":"::1","method":"PATCH","timestamp":"2025-07-12T14:39:56.231Z","url":"/api/institutes/me/faculties"},"timestamp":"2025-07-12T14:39:56.231Z"}
{"level":"info","message":{"ip":"::1","method":"GET","timestamp":"2025-07-12T14:40:11.522Z","url":"/api/institutes/profile"},"timestamp":"2025-07-12T14:40:11.522Z"}
{"level":"info","message":{"ip":"::1","method":"GET","timestamp":"2025-07-12T14:40:20.910Z","url":"/api/institutes/profile"},"timestamp":"2025-07-12T14:40:20.910Z"}
{"level":"info","message":{"ip":"::1","method":"GET","timestamp":"2025-07-12T14:40:35.521Z","url":"/api/institutes/profile"},"timestamp":"2025-07-12T14:40:35.521Z"}
{"level":"info","message":{"ip":"::1","method":"PATCH","timestamp":"2025-07-12T14:40:40.987Z","url":"/api/institutes/me/contact"},"timestamp":"2025-07-12T14:40:40.987Z"}
{"level":"info","message":{"ip":"::1","method":"GET","timestamp":"2025-07-12T14:40:42.085Z","url":"/api/institutes/profile"},"timestamp":"2025-07-12T14:40:42.085Z"}
{"level":"info","message":{"ip":"::1","method":"PATCH","timestamp":"2025-07-12T14:40:45.577Z","url":"/api/institutes/me/courses"},"timestamp":"2025-07-12T14:40:45.577Z"}
{"level":"info","message":{"ip":"::1","method":"GET","timestamp":"2025-07-12T14:40:46.457Z","url":"/api/institutes/profile"},"timestamp":"2025-07-12T14:40:46.457Z"}
{"level":"info","message":{"ip":"::1","method":"PATCH","timestamp":"2025-07-12T14:41:17.070Z","url":"/api/institutes/upload/image"},"timestamp":"2025-07-12T14:41:17.070Z"}
{"level":"info","message":{"ip":"::1","method":"PATCH","timestamp":"2025-07-12T14:41:26.373Z","url":"/api/institutes/me/faculties"},"timestamp":"2025-07-12T14:41:26.373Z"}
{"level":"info","message":{"ip":"::1","method":"GET","timestamp":"2025-07-12T14:41:31.926Z","url":"/api/institutes/profile"},"timestamp":"2025-07-12T14:41:31.926Z"}
{"level":"info","message":{"ip":"::1","method":"PATCH","timestamp":"2025-07-12T14:41:52.605Z","url":"/api/institutes/me/faculties"},"timestamp":"2025-07-12T14:41:52.605Z"}
{"level":"info","message":{"ip":"::1","method":"GET","timestamp":"2025-07-12T14:42:01.083Z","url":"/api/institutes/profile"},"timestamp":"2025-07-12T14:42:01.083Z"}
{"level":"info","message":{"ip":"::1","method":"PATCH","timestamp":"2025-07-12T14:42:30.868Z","url":"/api/institutes/me/faculties"},"timestamp":"2025-07-12T14:42:30.868Z"}
{"level":"info","message":{"ip":"::1","method":"GET","timestamp":"2025-07-12T14:42:56.141Z","url":"/api/institutes/profile"},"timestamp":"2025-07-12T14:42:56.141Z"}
{"level":"info","message":{"ip":"::1","method":"GET","timestamp":"2025-07-12T14:43:09.310Z","url":"/api/institutes/profile"},"timestamp":"2025-07-12T14:43:09.310Z"}
{"level":"info","message":{"ip":"::1","method":"PATCH","timestamp":"2025-07-12T14:43:56.602Z","url":"/api/institutes/me/contact"},"timestamp":"2025-07-12T14:43:56.602Z"}
{"level":"info","message":{"ip":"::1","method":"GET","timestamp":"2025-07-12T14:43:57.392Z","url":"/api/institutes/profile"},"timestamp":"2025-07-12T14:43:57.392Z"}
{"level":"info","message":{"ip":"::1","method":"PATCH","timestamp":"2025-07-12T14:44:00.389Z","url":"/api/institutes/me/courses"},"timestamp":"2025-07-12T14:44:00.389Z"}
{"level":"info","message":{"ip":"::1","method":"GET","timestamp":"2025-07-12T14:44:01.015Z","url":"/api/institutes/profile"},"timestamp":"2025-07-12T14:44:01.015Z"}
{"level":"info","message":{"ip":"::1","method":"GET","timestamp":"2025-07-12T14:44:03.670Z","url":"/api/institutes/profile"},"timestamp":"2025-07-12T14:44:03.670Z"}
{"level":"info","message":{"ip":"::1","method":"GET","timestamp":"2025-07-12T14:44:05.688Z","url":"/api/institutes/profile"},"timestamp":"2025-07-12T14:44:05.688Z"}
{"level":"info","message":{"ip":"::1","method":"GET","timestamp":"2025-07-12T14:44:10.411Z","url":"/api/institutes/profile"},"timestamp":"2025-07-12T14:44:10.411Z"}
{"level":"info","message":{"ip":"::1","method":"PATCH","timestamp":"2025-07-12T14:44:14.491Z","url":"/api/institutes/me/basic-info"},"timestamp":"2025-07-12T14:44:14.491Z"}
{"level":"info","message":{"ip":"::1","method":"GET","timestamp":"2025-07-12T14:44:15.864Z","url":"/api/institutes/profile"},"timestamp":"2025-07-12T14:44:15.864Z"}
{"level":"info","message":{"ip":"::1","method":"PATCH","timestamp":"2025-07-12T14:44:21.464Z","url":"/api/institutes/me/contact"},"timestamp":"2025-07-12T14:44:21.464Z"}
{"level":"info","message":{"ip":"::1","method":"GET","timestamp":"2025-07-12T14:44:22.204Z","url":"/api/institutes/profile"},"timestamp":"2025-07-12T14:44:22.204Z"}
{"level":"info","message":{"ip":"::1","method":"PATCH","timestamp":"2025-07-12T14:44:24.614Z","url":"/api/institutes/me/courses"},"timestamp":"2025-07-12T14:44:24.614Z"}
{"level":"info","message":{"ip":"::1","method":"GET","timestamp":"2025-07-12T14:44:25.351Z","url":"/api/institutes/profile"},"timestamp":"2025-07-12T14:44:25.351Z"}
{"level":"info","message":{"ip":"::1","method":"PATCH","timestamp":"2025-07-12T14:44:29.519Z","url":"/api/institutes/me/faculties"},"timestamp":"2025-07-12T14:44:29.519Z"}
{"level":"info","message":{"ip":"::1","method":"GET","timestamp":"2025-07-12T14:48:45.037Z","url":"/api/students/profile"},"timestamp":"2025-07-12T14:48:45.038Z"}
{"level":"info","message":{"ip":"::1","method":"GET","timestamp":"2025-07-12T14:48:45.106Z","url":"/api/students/profile"},"timestamp":"2025-07-12T14:48:45.106Z"}
{"level":"info","message":{"ip":"::1","method":"GET","timestamp":"2025-07-12T14:48:45.185Z","url":"/api/institutes/profile"},"timestamp":"2025-07-12T14:48:45.185Z"}
{"level":"info","message":{"ip":"::1","method":"GET","timestamp":"2025-07-12T14:48:48.178Z","url":"/api/institutes/profile"},"timestamp":"2025-07-12T14:48:48.178Z"}
{"level":"info","message":{"ip":"::1","method":"GET","timestamp":"2025-07-12T15:03:15.975Z","url":"/api/institutes/profile"},"timestamp":"2025-07-12T15:03:15.977Z"}
{"level":"info","message":{"ip":"::1","method":"PATCH","timestamp":"2025-07-12T15:03:25.150Z","url":"/api/institutes/me/faculties"},"timestamp":"2025-07-12T15:03:25.150Z"}
{"level":"info","message":{"ip":"::1","method":"GET","timestamp":"2025-07-12T15:07:58.243Z","url":"/api/students/profile"},"timestamp":"2025-07-12T15:07:58.248Z"}
{"level":"info","message":{"ip":"::1","method":"GET","timestamp":"2025-07-12T15:07:58.274Z","url":"/api/students/profile"},"timestamp":"2025-07-12T15:07:58.274Z"}
{"level":"info","message":{"ip":"::1","method":"GET","timestamp":"2025-07-12T15:07:58.341Z","url":"/api/institutes/profile"},"timestamp":"2025-07-12T15:07:58.341Z"}
{"level":"info","message":{"ip":"::1","method":"GET","timestamp":"2025-07-12T15:07:59.569Z","url":"/api/institutes/profile"},"timestamp":"2025-07-12T15:07:59.569Z"}
{"level":"info","message":{"ip":"::1","method":"GET","timestamp":"2025-07-13T03:55:21.167Z","url":"/api/students/profile"},"timestamp":"2025-07-13T03:55:21.168Z"}
{"level":"info","message":{"ip":"::1","method":"GET","timestamp":"2025-07-13T03:55:21.203Z","url":"/api/institutes/profile"},"timestamp":"2025-07-13T03:55:21.204Z"}
{"level":"info","message":{"ip":"::ffff:127.0.0.1","method":"GET","timestamp":"2025-07-13T03:55:24.310Z","url":"/api/institutes/profile"},"timestamp":"2025-07-13T03:55:24.310Z"}
{"level":"info","message":{"ip":"::1","method":"GET","timestamp":"2025-07-13T03:55:47.547Z","url":"/api/institutes/profile"},"timestamp":"2025-07-13T03:55:47.547Z"}
{"level":"info","message":{"ip":"::1","method":"GET","timestamp":"2025-07-13T03:55:47.559Z","url":"/api/students/profile"},"timestamp":"2025-07-13T03:55:47.560Z"}
{"level":"info","message":{"ip":"::1","method":"GET","timestamp":"2025-07-13T03:55:47.598Z","url":"/api/students/profile"},"timestamp":"2025-07-13T03:55:47.598Z"}
{"level":"info","message":{"ip":"::1","method":"GET","timestamp":"2025-07-13T03:55:48.062Z","url":"/api/institutes/profile"},"timestamp":"2025-07-13T03:55:48.062Z"}
{"level":"info","message":{"ip":"::1","method":"GET","timestamp":"2025-07-13T03:55:48.318Z","url":"/api/institutes/profile"},"timestamp":"2025-07-13T03:55:48.318Z"}
{"level":"info","message":{"ip":"::1","method":"GET","timestamp":"2025-07-13T03:55:50.443Z","url":"/api/institutes/profile"},"timestamp":"2025-07-13T03:55:50.443Z"}
{"level":"info","message":{"ip":"::1","method":"GET","timestamp":"2025-07-13T03:55:53.764Z","url":"/api/institutes/profile"},"timestamp":"2025-07-13T03:55:53.764Z"}
{"level":"info","message":{"ip":"::1","method":"GET","timestamp":"2025-07-13T03:55:56.870Z","url":"/api/institutes/profile"},"timestamp":"2025-07-13T03:55:56.870Z"}
{"level":"info","message":{"ip":"::1","method":"PATCH","timestamp":"2025-07-13T03:56:35.358Z","url":"/api/institutes/me/faculties"},"timestamp":"2025-07-13T03:56:35.358Z"}
{"level":"info","message":{"ip":"::1","method":"GET","timestamp":"2025-07-13T04:02:27.940Z","url":"/api/student-achievements"},"timestamp":"2025-07-13T04:02:27.940Z"}
{"level":"info","message":{"ip":"::1","method":"GET","timestamp":"2025-07-13T04:02:32.810Z","url":"/api/student-achievements"},"timestamp":"2025-07-13T04:02:32.810Z"}
{"level":"info","message":{"ip":"::1","method":"GET","timestamp":"2025-07-13T04:03:28.824Z","url":"/api/institutes/profile"},"timestamp":"2025-07-13T04:03:28.824Z"}
{"level":"info","message":{"ip":"::1","method":"GET","timestamp":"2025-07-13T04:03:40.010Z","url":"/api/institutes/profile"},"timestamp":"2025-07-13T04:03:40.010Z"}
{"level":"info","message":{"ip":"::1","method":"GET","timestamp":"2025-07-13T04:03:40.029Z","url":"/api/students/profile"},"timestamp":"2025-07-13T04:03:40.029Z"}
{"level":"info","message":{"ip":"::1","method":"GET","timestamp":"2025-07-13T04:03:40.083Z","url":"/api/students/profile"},"timestamp":"2025-07-13T04:03:40.083Z"}
{"level":"info","message":{"ip":"::1","method":"GET","timestamp":"2025-07-13T04:03:40.284Z","url":"/api/institutes/profile"},"timestamp":"2025-07-13T04:03:40.284Z"}
{"level":"info","message":{"ip":"::1","method":"GET","timestamp":"2025-07-13T04:03:40.552Z","url":"/api/institutes/profile"},"timestamp":"2025-07-13T04:03:40.552Z"}
{"level":"info","message":{"ip":"::1","method":"GET","timestamp":"2025-07-13T04:04:06.858Z","url":"/api/institutes/profile"},"timestamp":"2025-07-13T04:04:06.858Z"}
{"level":"info","message":{"ip":"::1","method":"GET","timestamp":"2025-07-13T04:04:08.821Z","url":"/api/institutes/profile"},"timestamp":"2025-07-13T04:04:08.821Z"}
{"level":"info","message":{"ip":"::1","method":"GET","timestamp":"2025-07-13T04:05:52.912Z","url":"/api/institutes/profile"},"timestamp":"2025-07-13T04:05:52.912Z"}
{"level":"info","message":{"ip":"::1","method":"GET","timestamp":"2025-07-13T04:06:21.823Z","url":"/api/institutes/profile"},"timestamp":"2025-07-13T04:06:21.823Z"}
{"level":"info","message":{"ip":"::1","method":"GET","timestamp":"2025-07-13T04:06:22.842Z","url":"/api/institutes/profile"},"timestamp":"2025-07-13T04:06:22.842Z"}
{"level":"info","message":{"ip":"::1","method":"GET","timestamp":"2025-07-13T04:06:45.823Z","url":"/api/institutes/profile"},"timestamp":"2025-07-13T04:06:45.823Z"}
{"level":"info","message":{"ip":"::1","method":"GET","timestamp":"2025-07-13T04:06:48.803Z","url":"/api/institutes/profile"},"timestamp":"2025-07-13T04:06:48.803Z"}
{"level":"info","message":{"ip":"::1","method":"GET","timestamp":"2025-07-13T04:06:49.829Z","url":"/api/institutes/profile"},"timestamp":"2025-07-13T04:06:49.829Z"}
{"level":"info","message":{"ip":"::1","method":"GET","timestamp":"2025-07-13T04:06:57.841Z","url":"/api/institutes/profile"},"timestamp":"2025-07-13T04:06:57.841Z"}
{"level":"info","message":{"ip":"::1","method":"GET","timestamp":"2025-07-13T04:07:05.803Z","url":"/api/institutes/profile"},"timestamp":"2025-07-13T04:07:05.803Z"}
{"level":"info","message":{"ip":"::1","method":"GET","timestamp":"2025-07-13T04:07:07.804Z","url":"/api/institutes/profile"},"timestamp":"2025-07-13T04:07:07.804Z"}
{"level":"info","message":{"ip":"::1","method":"GET","timestamp":"2025-07-13T04:07:08.822Z","url":"/api/institutes/profile"},"timestamp":"2025-07-13T04:07:08.822Z"}
{"level":"info","message":{"ip":"::1","method":"GET","timestamp":"2025-07-13T04:07:12.842Z","url":"/api/institutes/profile"},"timestamp":"2025-07-13T04:07:12.842Z"}
{"level":"info","message":{"ip":"::1","method":"GET","timestamp":"2025-07-13T04:07:39.820Z","url":"/api/institutes/profile"},"timestamp":"2025-07-13T04:07:39.820Z"}
{"level":"info","message":{"ip":"::1","method":"GET","timestamp":"2025-07-13T04:07:41.821Z","url":"/api/institutes/profile"},"timestamp":"2025-07-13T04:07:41.821Z"}
{"level":"info","message":{"ip":"::1","method":"GET","timestamp":"2025-07-13T04:07:46.814Z","url":"/api/institutes/profile"},"timestamp":"2025-07-13T04:07:46.814Z"}
{"level":"info","message":{"ip":"::1","method":"POST","timestamp":"2025-07-13T04:09:06.638Z","url":"/api/upload/documents"},"timestamp":"2025-07-13T04:09:06.638Z"}
{"level":"info","message":{"ip":"::1","method":"GET","timestamp":"2025-07-13T04:10:18.954Z","url":"/api/institutes/profile"},"timestamp":"2025-07-13T04:10:18.954Z"}
{"level":"info","message":{"ip":"::1","method":"GET","timestamp":"2025-07-13T04:10:21.757Z","url":"/api/institutes/profile"},"timestamp":"2025-07-13T04:10:21.757Z"}
{"level":"info","message":{"ip":"::1","method":"PATCH","timestamp":"2025-07-13T04:11:25.128Z","url":"/api/upload/documents"},"timestamp":"2025-07-13T04:11:25.128Z"}
{"level":"info","message":{"ip":"::1","method":"GET","timestamp":"2025-07-13T04:12:31.820Z","url":"/api/institutes/profile"},"timestamp":"2025-07-13T04:12:31.820Z"}
{"level":"info","message":{"ip":"::1","method":"GET","timestamp":"2025-07-13T04:12:33.818Z","url":"/api/institutes/profile"},"timestamp":"2025-07-13T04:12:33.818Z"}
{"level":"info","message":{"ip":"::1","method":"PATCH","timestamp":"2025-07-13T04:14:44.190Z","url":"/api/institutes/upload/documents"},"timestamp":"2025-07-13T04:14:44.190Z"}
{"level":"error","message":"Server error: Image file format png not allowed","method":"PATCH","timestamp":"2025-07-13T04:14:48.452Z","url":"/api/institutes/upload/documents"}
{"level":"info","message":{"ip":"::1","method":"POST","timestamp":"2025-07-13T04:14:55.329Z","url":"/api/institutes/me/student-achievements"},"timestamp":"2025-07-13T04:14:55.330Z"}
{"level":"info","message":{"ip":"::1","method":"POST","timestamp":"2025-07-13T04:21:35.745Z","url":"/api/institutes/me/student-achievements"},"timestamp":"2025-07-13T04:21:35.745Z"}
{"level":"info","message":{"ip":"::1","method":"GET","timestamp":"2025-07-13T04:24:12.817Z","url":"/api/institutes/profile"},"timestamp":"2025-07-13T04:24:12.817Z"}
{"level":"info","message":{"ip":"::1","method":"GET","timestamp":"2025-07-13T04:24:16.952Z","url":"/api/institutes/profile"},"timestamp":"2025-07-13T04:24:16.952Z"}
{"level":"info","message":{"ip":"::1","method":"PATCH","timestamp":"2025-07-13T04:25:12.987Z","url":"/api/institutes/upload/documents"},"timestamp":"2025-07-13T04:25:12.987Z"}
{"level":"error","message":"Server error: Image file format png not allowed","method":"PATCH","timestamp":"2025-07-13T04:25:15.946Z","url":"/api/institutes/upload/documents"}
{"level":"info","message":{"ip":"::1","method":"PATCH","timestamp":"2025-07-13T04:30:33.102Z","url":"/api/institutes/upload/documents"},"timestamp":"2025-07-13T04:30:33.103Z"}
{"level":"error","message":"Server error: Image file format png not allowed","method":"PATCH","timestamp":"2025-07-13T04:30:39.093Z","url":"/api/institutes/upload/documents"}
{"level":"info","message":{"ip":"::1","method":"GET","timestamp":"2025-07-13T04:36:23.814Z","url":"/api/institutes/profile"},"timestamp":"2025-07-13T04:36:23.814Z"}
{"level":"info","message":{"ip":"::1","method":"GET","timestamp":"2025-07-13T04:36:26.811Z","url":"/api/institutes/profile"},"timestamp":"2025-07-13T04:36:26.812Z"}
{"level":"info","message":{"ip":"::1","method":"GET","timestamp":"2025-07-13T04:36:42.832Z","url":"/api/institutes/profile"},"timestamp":"2025-07-13T04:36:42.833Z"}
{"level":"info","message":{"ip":"::1","method":"GET","timestamp":"2025-07-13T04:37:29.935Z","url":"/api/institutes/profile"},"timestamp":"2025-07-13T04:37:29.935Z"}
{"level":"info","message":{"ip":"::1","method":"GET","timestamp":"2025-07-13T04:37:29.946Z","url":"/api/students/profile"},"timestamp":"2025-07-13T04:37:29.946Z"}
{"level":"info","message":{"ip":"::1","method":"GET","timestamp":"2025-07-13T04:37:29.979Z","url":"/api/students/profile"},"timestamp":"2025-07-13T04:37:29.979Z"}
{"level":"info","message":{"ip":"::1","method":"GET","timestamp":"2025-07-13T04:37:30.025Z","url":"/api/institutes/profile"},"timestamp":"2025-07-13T04:37:30.025Z"}
{"level":"info","message":{"ip":"::1","method":"GET","timestamp":"2025-07-13T04:37:30.096Z","url":"/api/institutes/profile"},"timestamp":"2025-07-13T04:37:30.096Z"}
{"level":"info","message":{"ip":"::1","method":"GET","timestamp":"2025-07-13T04:38:00.861Z","url":"/api/institutes/profile"},"timestamp":"2025-07-13T04:38:00.861Z"}
{"level":"info","message":{"ip":"::1","method":"GET","timestamp":"2025-07-13T04:38:04.629Z","url":"/api/institutes/profile"},"timestamp":"2025-07-13T04:38:04.629Z"}
{"level":"info","message":{"ip":"::1","method":"GET","timestamp":"2025-07-13T04:38:21.939Z","url":"/api/institutes/profile"},"timestamp":"2025-07-13T04:38:21.939Z"}
{"level":"info","message":{"ip":"::1","method":"GET","timestamp":"2025-07-13T04:38:43.026Z","url":"/api/students/profile"},"timestamp":"2025-07-13T04:38:43.026Z"}
{"level":"info","message":{"ip":"::1","method":"GET","timestamp":"2025-07-13T04:38:43.032Z","url":"/api/students/profile"},"timestamp":"2025-07-13T04:38:43.032Z"}
{"level":"info","message":{"ip":"::1","method":"GET","timestamp":"2025-07-13T04:38:43.076Z","url":"/api/institutes/profile"},"timestamp":"2025-07-13T04:38:43.076Z"}
{"level":"info","message":{"ip":"::1","method":"GET","timestamp":"2025-07-13T04:38:43.082Z","url":"/api/institutes/profile"},"timestamp":"2025-07-13T04:38:43.082Z"}
{"level":"info","message":{"ip":"::1","method":"POST","timestamp":"2025-07-13T04:38:57.891Z","url":"/api/institutes/auth/login"},"timestamp":"2025-07-13T04:38:57.891Z"}
{"level":"info","message":{"ip":"::1","method":"GET","timestamp":"2025-07-13T04:39:01.596Z","url":"/api/students/profile"},"timestamp":"2025-07-13T04:39:01.596Z"}
{"level":"info","message":{"ip":"::1","method":"GET","timestamp":"2025-07-13T04:39:01.605Z","url":"/api/students/profile"},"timestamp":"2025-07-13T04:39:01.605Z"}
{"level":"info","message":{"ip":"::1","method":"GET","timestamp":"2025-07-13T04:39:01.668Z","url":"/api/institutes/profile"},"timestamp":"2025-07-13T04:39:01.668Z"}
{"level":"info","message":{"ip":"::1","method":"GET","timestamp":"2025-07-13T04:39:02.304Z","url":"/api/institutes/profile"},"timestamp":"2025-07-13T04:39:02.304Z"}
{"level":"info","message":{"ip":"::1","method":"GET","timestamp":"2025-07-13T04:39:09.173Z","url":"/api/institutes/profile"},"timestamp":"2025-07-13T04:39:09.173Z"}
{"level":"info","message":{"ip":"::1","method":"GET","timestamp":"2025-07-13T04:39:09.177Z","url":"/api/students/profile"},"timestamp":"2025-07-13T04:39:09.177Z"}
{"level":"info","message":{"ip":"::1","method":"GET","timestamp":"2025-07-13T04:39:09.186Z","url":"/api/students/profile"},"timestamp":"2025-07-13T04:39:09.186Z"}
{"level":"info","message":{"ip":"::1","method":"GET","timestamp":"2025-07-13T04:39:09.449Z","url":"/api/institutes/profile"},"timestamp":"2025-07-13T04:39:09.449Z"}
{"level":"info","message":{"ip":"::1","method":"GET","timestamp":"2025-07-13T04:39:09.761Z","url":"/api/institutes/profile"},"timestamp":"2025-07-13T04:39:09.761Z"}
{"level":"info","message":{"ip":"::1","method":"PATCH","timestamp":"2025-07-13T04:39:23.518Z","url":"/api/institutes/me/basic-info"},"timestamp":"2025-07-13T04:39:23.518Z"}
{"level":"info","message":{"ip":"::1","method":"GET","timestamp":"2025-07-13T04:39:24.818Z","url":"/api/institutes/profile"},"timestamp":"2025-07-13T04:39:24.818Z"}
{"level":"info","message":{"ip":"::1","method":"PATCH","timestamp":"2025-07-13T04:39:31.480Z","url":"/api/institutes/me/contact"},"timestamp":"2025-07-13T04:39:31.480Z"}
{"level":"info","message":{"ip":"::1","method":"GET","timestamp":"2025-07-13T04:39:32.551Z","url":"/api/institutes/profile"},"timestamp":"2025-07-13T04:39:32.551Z"}
{"level":"info","message":{"ip":"::1","method":"PATCH","timestamp":"2025-07-13T04:39:35.626Z","url":"/api/institutes/me/courses"},"timestamp":"2025-07-13T04:39:35.626Z"}
{"level":"info","message":{"ip":"::1","method":"GET","timestamp":"2025-07-13T04:39:36.582Z","url":"/api/institutes/profile"},"timestamp":"2025-07-13T04:39:36.582Z"}
{"level":"info","message":{"ip":"::1","method":"PATCH","timestamp":"2025-07-13T04:39:40.298Z","url":"/api/institutes/me/faculties"},"timestamp":"2025-07-13T04:39:40.298Z"}
{"level":"info","message":{"ip":"::1","method":"GET","timestamp":"2025-07-13T04:39:41.616Z","url":"/api/institutes/profile"},"timestamp":"2025-07-13T04:39:41.616Z"}
{"level":"info","message":{"ip":"::1","method":"PATCH","timestamp":"2025-07-13T04:40:33.294Z","url":"/api/institutes/upload/image"},"timestamp":"2025-07-13T04:40:33.294Z"}
{"level":"error","message":"Server error: Unexpected field","method":"PATCH","stack":"MulterError: Unexpected field\n    at wrappedFileFilter (C:\\Users\\Dell\\OneDrive\\Documents 1\\GitHub\\Nextute\\backend\\node_modules\\multer\\index.js:40:19)\n    at Multipart.<anonymous> (C:\\Users\\Dell\\OneDrive\\Documents 1\\GitHub\\Nextute\\backend\\node_modules\\multer\\lib\\make-middleware.js:109:7)\n    at Multipart.emit (node:events:518:28)\n    at HeaderParser.cb (C:\\Users\\Dell\\OneDrive\\Documents 1\\GitHub\\Nextute\\backend\\node_modules\\busboy\\lib\\types\\multipart.js:358:14)\n    at HeaderParser.push (C:\\Users\\Dell\\OneDrive\\Documents 1\\GitHub\\Nextute\\backend\\node_modules\\busboy\\lib\\types\\multipart.js:162:20)\n    at SBMH.ssCb [as _cb] (C:\\Users\\Dell\\OneDrive\\Documents 1\\GitHub\\Nextute\\backend\\node_modules\\busboy\\lib\\types\\multipart.js:394:37)\n    at feed (C:\\Users\\Dell\\OneDrive\\Documents 1\\GitHub\\Nextute\\backend\\node_modules\\streamsearch\\lib\\sbmh.js:219:14)\n    at SBMH.push (C:\\Users\\Dell\\OneDrive\\Documents 1\\GitHub\\Nextute\\backend\\node_modules\\streamsearch\\lib\\sbmh.js:104:16)\n    at Multipart._write (C:\\Users\\Dell\\OneDrive\\Documents 1\\GitHub\\Nextute\\backend\\node_modules\\busboy\\lib\\types\\multipart.js:567:19)\n    at writeOrBuffer (node:internal/streams/writable:572:12)","timestamp":"2025-07-13T04:40:33.769Z","url":"/api/institutes/upload/image"}
{"level":"info","message":{"ip":"::1","method":"GET","timestamp":"2025-07-13T04:42:20.818Z","url":"/api/institutes/profile"},"timestamp":"2025-07-13T04:42:20.818Z"}
{"level":"info","message":{"ip":"::1","method":"PATCH","timestamp":"2025-07-13T04:43:04.001Z","url":"/api/institutes/upload/image"},"timestamp":"2025-07-13T04:43:04.001Z"}
{"level":"info","message":{"ip":"::1","method":"PATCH","timestamp":"2025-07-13T04:43:27.921Z","url":"/api/institutes/upload/image"},"timestamp":"2025-07-13T04:43:27.921Z"}
{"level":"info","message":{"ip":"::1","method":"PATCH","timestamp":"2025-07-13T04:43:36.226Z","url":"/api/institutes/me/student-achievements"},"timestamp":"2025-07-13T04:43:36.226Z"}
{"level":"info","message":{"ip":"::1","method":"GET","timestamp":"2025-07-13T04:43:37.264Z","url":"/api/institutes/profile"},"timestamp":"2025-07-13T04:43:37.264Z"}
{"level":"info","message":{"ip":"::1","method":"GET","timestamp":"2025-07-13T04:44:03.166Z","url":"/api/institutes/profile"},"timestamp":"2025-07-13T04:44:03.166Z"}
{"level":"info","message":{"ip":"::1","method":"GET","timestamp":"2025-07-13T04:46:05.831Z","url":"/api/institutes/profile"},"timestamp":"2025-07-13T04:46:05.831Z"}
{"level":"info","message":{"ip":"::1","method":"GET","timestamp":"2025-07-13T04:46:07.806Z","url":"/api/institutes/profile"},"timestamp":"2025-07-13T04:46:07.806Z"}
{"level":"info","message":{"ip":"::1","method":"GET","timestamp":"2025-07-13T04:46:17.813Z","url":"/api/institutes/profile"},"timestamp":"2025-07-13T04:46:17.813Z"}
{"level":"info","message":{"ip":"::1","method":"GET","timestamp":"2025-07-13T04:46:52.809Z","url":"/api/institutes/profile"},"timestamp":"2025-07-13T04:46:52.809Z"}
{"level":"info","message":{"ip":"::1","method":"GET","timestamp":"2025-07-13T04:46:56.802Z","url":"/api/institutes/profile"},"timestamp":"2025-07-13T04:46:56.802Z"}
{"level":"info","message":{"ip":"::1","method":"GET","timestamp":"2025-07-13T04:47:02.802Z","url":"/api/institutes/profile"},"timestamp":"2025-07-13T04:47:02.802Z"}
{"level":"info","message":{"ip":"::1","method":"GET","timestamp":"2025-07-13T04:47:23.829Z","url":"/api/institutes/profile"},"timestamp":"2025-07-13T04:47:23.829Z"}
{"level":"info","message":{"ip":"::1","method":"GET","timestamp":"2025-07-13T04:47:25.799Z","url":"/api/institutes/profile"},"timestamp":"2025-07-13T04:47:25.799Z"}
{"level":"info","message":{"ip":"::1","method":"GET","timestamp":"2025-07-13T04:47:31.800Z","url":"/api/institutes/profile"},"timestamp":"2025-07-13T04:47:31.800Z"}
{"level":"info","message":{"ip":"::1","method":"GET","timestamp":"2025-07-13T04:47:32.820Z","url":"/api/institutes/profile"},"timestamp":"2025-07-13T04:47:32.820Z"}
{"level":"info","message":{"ip":"::1","method":"GET","timestamp":"2025-07-13T04:47:35.808Z","url":"/api/institutes/profile"},"timestamp":"2025-07-13T04:47:35.808Z"}
{"level":"info","message":{"ip":"::1","method":"PATCH","timestamp":"2025-07-13T04:47:44.717Z","url":"/api/institutes/me/student-achievements"},"timestamp":"2025-07-13T04:47:44.717Z"}
{"level":"info","message":{"ip":"::1","method":"GET","timestamp":"2025-07-13T04:47:46.115Z","url":"/api/institutes/profile"},"timestamp":"2025-07-13T04:47:46.115Z"}
{"level":"info","message":{"ip":"::1","method":"GET","timestamp":"2025-07-13T04:47:50.930Z","url":"/api/institutes/profile"},"timestamp":"2025-07-13T04:47:50.930Z"}
{"level":"info","message":{"ip":"::1","method":"GET","timestamp":"2025-07-13T04:48:34.800Z","url":"/api/institutes/profile"},"timestamp":"2025-07-13T04:48:34.800Z"}
{"level":"info","message":{"ip":"::1","method":"GET","timestamp":"2025-07-13T04:48:35.805Z","url":"/api/institutes/profile"},"timestamp":"2025-07-13T04:48:35.805Z"}
{"level":"info","message":{"ip":"::1","method":"GET","timestamp":"2025-07-13T04:48:37.810Z","url":"/api/institutes/profile"},"timestamp":"2025-07-13T04:48:37.810Z"}
{"level":"info","message":{"ip":"::1","method":"GET","timestamp":"2025-07-13T04:48:41.814Z","url":"/api/institutes/profile"},"timestamp":"2025-07-13T04:48:41.814Z"}
{"level":"info","message":{"ip":"::1","method":"PATCH","timestamp":"2025-07-13T04:48:51.970Z","url":"/api/institutes/me/student-achievements"},"timestamp":"2025-07-13T04:48:51.970Z"}
{"level":"info","message":{"ip":"::1","method":"GET","timestamp":"2025-07-13T04:48:52.967Z","url":"/api/institutes/profile"},"timestamp":"2025-07-13T04:48:52.967Z"}
{"level":"info","message":{"ip":"::1","method":"GET","timestamp":"2025-07-13T04:48:56.937Z","url":"/api/institutes/profile"},"timestamp":"2025-07-13T04:48:56.937Z"}
{"level":"info","message":{"ip":"::1","method":"PATCH","timestamp":"2025-07-13T04:49:02.404Z","url":"/api/institutes/me/student-achievements"},"timestamp":"2025-07-13T04:49:02.405Z"}
{"level":"info","message":{"ip":"::1","method":"GET","timestamp":"2025-07-13T04:49:03.110Z","url":"/api/institutes/profile"},"timestamp":"2025-07-13T04:49:03.110Z"}
{"level":"info","message":{"ip":"::1","method":"GET","timestamp":"2025-07-13T04:49:13.381Z","url":"/api/institutes/profile"},"timestamp":"2025-07-13T04:49:13.381Z"}
{"level":"info","message":{"ip":"::1","method":"PATCH","timestamp":"2025-07-13T04:49:32.691Z","url":"/api/institutes/me/student-achievements"},"timestamp":"2025-07-13T04:49:32.691Z"}
{"level":"info","message":{"ip":"::1","method":"GET","timestamp":"2025-07-13T04:49:33.989Z","url":"/api/institutes/profile"},"timestamp":"2025-07-13T04:49:33.989Z"}
{"level":"info","message":{"ip":"::1","method":"GET","timestamp":"2025-07-13T04:49:44.954Z","url":"/api/institutes/profile"},"timestamp":"2025-07-13T04:49:44.954Z"}
{"level":"info","message":{"ip":"::1","method":"GET","timestamp":"2025-07-13T07:53:35.883Z","url":"/api/institutes/profile"},"timestamp":"2025-07-13T07:53:35.883Z"}
{"level":"info","message":{"ip":"::1","method":"GET","timestamp":"2025-07-13T07:53:35.916Z","url":"/api/students/profile"},"timestamp":"2025-07-13T07:53:35.916Z"}
{"level":"info","message":{"ip":"::1","method":"GET","timestamp":"2025-07-13T07:53:35.930Z","url":"/api/students/profile"},"timestamp":"2025-07-13T07:53:35.930Z"}
{"level":"info","message":{"ip":"::1","method":"GET","timestamp":"2025-07-13T07:53:39.431Z","url":"/api/institutes/profile"},"timestamp":"2025-07-13T07:53:39.431Z"}
{"level":"info","message":{"ip":"::1","method":"GET","timestamp":"2025-07-13T07:53:39.732Z","url":"/api/institutes/profile"},"timestamp":"2025-07-13T07:53:39.732Z"}
{"level":"info","message":{"ip":"::1","method":"GET","timestamp":"2025-07-13T08:38:00.052Z","url":"/api/institutes/profile"},"timestamp":"2025-07-13T08:38:00.052Z"}
{"level":"info","message":{"ip":"::1","method":"GET","timestamp":"2025-07-13T08:38:00.060Z","url":"/api/students/profile"},"timestamp":"2025-07-13T08:38:00.060Z"}
{"level":"info","message":{"ip":"::1","method":"GET","timestamp":"2025-07-13T08:38:00.068Z","url":"/api/students/profile"},"timestamp":"2025-07-13T08:38:00.068Z"}
{"level":"info","message":{"ip":"::1","method":"GET","timestamp":"2025-07-13T08:38:03.011Z","url":"/api/institutes/profile"},"timestamp":"2025-07-13T08:38:03.011Z"}
{"level":"info","message":{"ip":"::1","method":"GET","timestamp":"2025-07-13T08:38:03.250Z","url":"/api/institutes/profile"},"timestamp":"2025-07-13T08:38:03.250Z"}
{"level":"info","message":{"ip":"::1","method":"GET","timestamp":"2025-07-13T10:28:10.903Z","url":"/api/institutes/profile"},"timestamp":"2025-07-13T10:28:10.904Z"}
{"level":"info","message":{"ip":"::1","method":"GET","timestamp":"2025-07-13T10:28:11.071Z","url":"/api/students/profile"},"timestamp":"2025-07-13T10:28:11.071Z"}
{"level":"info","message":{"ip":"::1","method":"GET","timestamp":"2025-07-13T10:28:11.110Z","url":"/api/students/profile"},"timestamp":"2025-07-13T10:28:11.111Z"}
{"level":"info","message":{"ip":"::1","method":"GET","timestamp":"2025-07-13T10:28:11.876Z","url":"/api/institutes/profile"},"timestamp":"2025-07-13T10:28:11.876Z"}
{"level":"info","message":{"ip":"::1","method":"GET","timestamp":"2025-07-13T10:28:14.482Z","url":"/api/institutes/profile"},"timestamp":"2025-07-13T10:28:14.482Z"}
{"level":"info","message":{"ip":"::1","method":"GET","timestamp":"2025-07-13T10:28:14.491Z","url":"/api/students/profile"},"timestamp":"2025-07-13T10:28:14.491Z"}
{"level":"info","message":{"ip":"::1","method":"GET","timestamp":"2025-07-13T10:28:14.518Z","url":"/api/students/profile"},"timestamp":"2025-07-13T10:28:14.518Z"}
{"level":"info","message":{"ip":"::1","method":"GET","timestamp":"2025-07-13T10:28:14.747Z","url":"/api/institutes/profile"},"timestamp":"2025-07-13T10:28:14.747Z"}
{"level":"info","message":{"ip":"::1","method":"GET","timestamp":"2025-07-13T10:28:14.983Z","url":"/api/institutes/profile"},"timestamp":"2025-07-13T10:28:14.983Z"}
{"level":"info","message":{"ip":"::1","method":"GET","timestamp":"2025-07-13T10:42:24.736Z","url":"/api/institutes/profile"},"timestamp":"2025-07-13T10:42:24.736Z"}
{"level":"info","message":{"ip":"::1","method":"GET","timestamp":"2025-07-13T10:42:24.739Z","url":"/api/students/profile"},"timestamp":"2025-07-13T10:42:24.740Z"}
{"level":"info","message":{"ip":"::1","method":"GET","timestamp":"2025-07-13T10:42:24.749Z","url":"/api/students/profile"},"timestamp":"2025-07-13T10:42:24.749Z"}
{"level":"info","message":{"ip":"::1","method":"GET","timestamp":"2025-07-13T10:42:27.709Z","url":"/api/institutes/profile"},"timestamp":"2025-07-13T10:42:27.709Z"}
{"level":"info","message":{"ip":"::1","method":"GET","timestamp":"2025-07-13T10:42:27.964Z","url":"/api/institutes/profile"},"timestamp":"2025-07-13T10:42:27.964Z"}
{"level":"info","message":{"ip":"::1","method":"GET","timestamp":"2025-07-13T11:00:45.733Z","url":"/api/institutes/profile"},"timestamp":"2025-07-13T11:00:45.733Z"}
{"level":"info","message":{"ip":"::1","method":"GET","timestamp":"2025-07-13T11:00:45.741Z","url":"/api/students/profile"},"timestamp":"2025-07-13T11:00:45.741Z"}
{"level":"info","message":{"ip":"::1","method":"GET","timestamp":"2025-07-13T11:00:45.752Z","url":"/api/students/profile"},"timestamp":"2025-07-13T11:00:45.752Z"}
{"level":"info","message":{"ip":"::1","method":"GET","timestamp":"2025-07-13T11:00:49.261Z","url":"/api/institutes/profile"},"timestamp":"2025-07-13T11:00:49.261Z"}
{"level":"info","message":{"ip":"::1","method":"GET","timestamp":"2025-07-13T11:00:49.557Z","url":"/api/institutes/profile"},"timestamp":"2025-07-13T11:00:49.557Z"}
{"level":"info","message":{"ip":"::1","method":"PATCH","timestamp":"2025-07-13T11:14:53.083Z","url":"/api/institutes/me/student-achievements"},"timestamp":"2025-07-13T11:14:53.084Z"}
{"level":"info","message":{"ip":"::1","method":"GET","timestamp":"2025-07-13T11:14:56.988Z","url":"/api/institutes/profile"},"timestamp":"2025-07-13T11:14:56.988Z"}
{"level":"info","message":{"ip":"::1","method":"GET","timestamp":"2025-07-13T11:15:00.745Z","url":"/api/institutes/profile"},"timestamp":"2025-07-13T11:15:00.745Z"}
{"level":"info","message":{"ip":"::1","method":"PATCH","timestamp":"2025-07-13T11:15:14.642Z","url":"/api/institutes/me/student-achievements"},"timestamp":"2025-07-13T11:15:14.642Z"}
{"level":"info","message":{"ip":"::1","method":"GET","timestamp":"2025-07-13T11:15:15.678Z","url":"/api/institutes/profile"},"timestamp":"2025-07-13T11:15:15.678Z"}
{"level":"info","message":{"ip":"::1","method":"GET","timestamp":"2025-07-13T11:15:20.984Z","url":"/api/institutes/profile"},"timestamp":"2025-07-13T11:15:20.984Z"}
{"level":"info","message":{"ip":"::1","method":"GET","timestamp":"2025-07-13T11:42:10.995Z","url":"/api/institutes/profile"},"timestamp":"2025-07-13T11:42:10.996Z"}
{"level":"info","message":{"ip":"::1","method":"GET","timestamp":"2025-07-13T11:42:13.768Z","url":"/api/institutes/profile"},"timestamp":"2025-07-13T11:42:13.768Z"}
{"level":"info","message":{"ip":"::1","method":"PATCH","timestamp":"2025-07-13T11:42:59.865Z","url":"/api/institutes/me/student-achievements"},"timestamp":"2025-07-13T11:42:59.866Z"}
{"level":"info","message":{"ip":"::1","method":"GET","timestamp":"2025-07-13T11:43:00.887Z","url":"/api/institutes/profile"},"timestamp":"2025-07-13T11:43:00.887Z"}
{"level":"info","message":{"ip":"::1","method":"GET","timestamp":"2025-07-13T11:43:03.922Z","url":"/api/institutes/profile"},"timestamp":"2025-07-13T11:43:03.923Z"}
{"level":"info","message":{"ip":"::1","method":"GET","timestamp":"2025-07-13T11:47:13.840Z","url":"/api/institutes/profile"},"timestamp":"2025-07-13T11:47:13.840Z"}
{"level":"info","message":{"ip":"::1","method":"PATCH","timestamp":"2025-07-13T11:47:17.668Z","url":"/api/institutes/me/student-achievements"},"timestamp":"2025-07-13T11:47:17.668Z"}
{"level":"info","message":{"ip":"::1","method":"GET","timestamp":"2025-07-13T11:47:18.411Z","url":"/api/institutes/profile"},"timestamp":"2025-07-13T11:47:18.411Z"}
{"level":"info","message":{"ip":"::1","method":"GET","timestamp":"2025-07-13T11:47:20.814Z","url":"/api/institutes/profile"},"timestamp":"2025-07-13T11:47:20.814Z"}
{"level":"info","message":{"ip":"::1","method":"PATCH","timestamp":"2025-07-13T11:47:23.174Z","url":"/api/institutes/me/student-achievements"},"timestamp":"2025-07-13T11:47:23.174Z"}
{"level":"info","message":{"ip":"::1","method":"GET","timestamp":"2025-07-13T11:47:23.718Z","url":"/api/institutes/profile"},"timestamp":"2025-07-13T11:47:23.718Z"}
{"level":"info","message":{"ip":"::1","method":"GET","timestamp":"2025-07-13T11:47:28.317Z","url":"/api/institutes/profile"},"timestamp":"2025-07-13T11:47:28.317Z"}
{"level":"info","message":{"ip":"::1","method":"GET","timestamp":"2025-07-13T11:47:35.791Z","url":"/api/institutes/profile"},"timestamp":"2025-07-13T11:47:35.791Z"}
{"level":"info","message":{"ip":"::1","method":"GET","timestamp":"2025-07-13T11:54:03.778Z","url":"/api/institutes/profile"},"timestamp":"2025-07-13T11:54:03.778Z"}
{"level":"info","message":{"ip":"::1","method":"GET","timestamp":"2025-07-13T11:54:18.788Z","url":"/api/institutes/profile"},"timestamp":"2025-07-13T11:54:18.788Z"}
{"level":"info","message":{"ip":"::1","method":"GET","timestamp":"2025-07-13T11:54:25.790Z","url":"/api/institutes/profile"},"timestamp":"2025-07-13T11:54:25.790Z"}
{"level":"info","message":{"ip":"::1","method":"GET","timestamp":"2025-07-13T11:54:27.780Z","url":"/api/institutes/profile"},"timestamp":"2025-07-13T11:54:27.780Z"}
{"level":"info","message":{"ip":"::1","method":"GET","timestamp":"2025-07-13T11:54:29.785Z","url":"/api/institutes/profile"},"timestamp":"2025-07-13T11:54:29.785Z"}
{"level":"info","message":{"ip":"::1","method":"GET","timestamp":"2025-07-13T11:54:32.798Z","url":"/api/institutes/profile"},"timestamp":"2025-07-13T11:54:32.798Z"}
{"level":"info","message":{"ip":"::1","method":"GET","timestamp":"2025-07-13T11:54:57.795Z","url":"/api/institutes/profile"},"timestamp":"2025-07-13T11:54:57.795Z"}
{"level":"info","message":{"ip":"::1","method":"GET","timestamp":"2025-07-13T11:54:59.800Z","url":"/api/institutes/profile"},"timestamp":"2025-07-13T11:54:59.800Z"}
{"level":"info","message":{"ip":"::1","method":"GET","timestamp":"2025-07-13T11:55:02.791Z","url":"/api/institutes/profile"},"timestamp":"2025-07-13T11:55:02.791Z"}
{"level":"info","message":{"ip":"::1","method":"PATCH","timestamp":"2025-07-13T11:55:08.532Z","url":"/api/institutes/me/student-achievements"},"timestamp":"2025-07-13T11:55:08.532Z"}
{"level":"info","message":{"ip":"::1","method":"GET","timestamp":"2025-07-13T11:55:09.813Z","url":"/api/institutes/profile"},"timestamp":"2025-07-13T11:55:09.813Z"}
{"level":"info","message":{"ip":"::1","method":"GET","timestamp":"2025-07-13T11:55:12.380Z","url":"/api/institutes/profile"},"timestamp":"2025-07-13T11:55:12.380Z"}
{"level":"info","message":{"ip":"::1","method":"PATCH","timestamp":"2025-07-13T11:55:33.913Z","url":"/api/institutes/upload/documents"},"timestamp":"2025-07-13T11:55:33.913Z"}
{"level":"error","message":"Server error: Unexpected field","method":"PATCH","stack":"MulterError: Unexpected field\n    at wrappedFileFilter (C:\\Users\\Dell\\OneDrive\\Documents 1\\GitHub\\Nextute\\backend\\node_modules\\multer\\index.js:40:19)\n    at Multipart.<anonymous> (C:\\Users\\Dell\\OneDrive\\Documents 1\\GitHub\\Nextute\\backend\\node_modules\\multer\\lib\\make-middleware.js:109:7)\n    at Multipart.emit (node:events:518:28)\n    at HeaderParser.cb (C:\\Users\\Dell\\OneDrive\\Documents 1\\GitHub\\Nextute\\backend\\node_modules\\busboy\\lib\\types\\multipart.js:358:14)\n    at HeaderParser.push (C:\\Users\\Dell\\OneDrive\\Documents 1\\GitHub\\Nextute\\backend\\node_modules\\busboy\\lib\\types\\multipart.js:162:20)\n    at SBMH.ssCb [as _cb] (C:\\Users\\Dell\\OneDrive\\Documents 1\\GitHub\\Nextute\\backend\\node_modules\\busboy\\lib\\types\\multipart.js:394:37)\n    at feed (C:\\Users\\Dell\\OneDrive\\Documents 1\\GitHub\\Nextute\\backend\\node_modules\\streamsearch\\lib\\sbmh.js:248:10)\n    at SBMH.push (C:\\Users\\Dell\\OneDrive\\Documents 1\\GitHub\\Nextute\\backend\\node_modules\\streamsearch\\lib\\sbmh.js:104:16)\n    at Multipart._write (C:\\Users\\Dell\\OneDrive\\Documents 1\\GitHub\\Nextute\\backend\\node_modules\\busboy\\lib\\types\\multipart.js:567:19)\n    at writeOrBuffer (node:internal/streams/writable:572:12)","timestamp":"2025-07-13T11:55:34.614Z","url":"/api/institutes/upload/documents"}
{"level":"info","message":{"ip":"::1","method":"GET","timestamp":"2025-07-13T11:56:19.843Z","url":"/api/institutes/profile"},"timestamp":"2025-07-13T11:56:19.843Z"}
{"level":"info","message":{"ip":"::1","method":"GET","timestamp":"2025-07-13T11:56:22.801Z","url":"/api/institutes/profile"},"timestamp":"2025-07-13T11:56:22.801Z"}
{"level":"info","message":{"ip":"::1","method":"PATCH","timestamp":"2025-07-13T11:56:40.982Z","url":"/api/institutes/upload/documents"},"timestamp":"2025-07-13T11:56:40.982Z"}
{"level":"error","message":"Server error: Unexpected field","method":"PATCH","stack":"MulterError: Unexpected field\n    at wrappedFileFilter (C:\\Users\\Dell\\OneDrive\\Documents 1\\GitHub\\Nextute\\backend\\node_modules\\multer\\index.js:40:19)\n    at Multipart.<anonymous> (C:\\Users\\Dell\\OneDrive\\Documents 1\\GitHub\\Nextute\\backend\\node_modules\\multer\\lib\\make-middleware.js:109:7)\n    at Multipart.emit (node:events:518:28)\n    at HeaderParser.cb (C:\\Users\\Dell\\OneDrive\\Documents 1\\GitHub\\Nextute\\backend\\node_modules\\busboy\\lib\\types\\multipart.js:358:14)\n    at HeaderParser.push (C:\\Users\\Dell\\OneDrive\\Documents 1\\GitHub\\Nextute\\backend\\node_modules\\busboy\\lib\\types\\multipart.js:162:20)\n    at SBMH.ssCb [as _cb] (C:\\Users\\Dell\\OneDrive\\Documents 1\\GitHub\\Nextute\\backend\\node_modules\\busboy\\lib\\types\\multipart.js:394:37)\n    at feed (C:\\Users\\Dell\\OneDrive\\Documents 1\\GitHub\\Nextute\\backend\\node_modules\\streamsearch\\lib\\sbmh.js:219:14)\n    at SBMH.push (C:\\Users\\Dell\\OneDrive\\Documents 1\\GitHub\\Nextute\\backend\\node_modules\\streamsearch\\lib\\sbmh.js:104:16)\n    at Multipart._write (C:\\Users\\Dell\\OneDrive\\Documents 1\\GitHub\\Nextute\\backend\\node_modules\\busboy\\lib\\types\\multipart.js:567:19)\n    at writeOrBuffer (node:internal/streams/writable:572:12)","timestamp":"2025-07-13T11:56:41.472Z","url":"/api/institutes/upload/documents"}
{"level":"info","message":{"ip":"::1","method":"GET","timestamp":"2025-07-13T11:57:29.829Z","url":"/api/institutes/profile"},"timestamp":"2025-07-13T11:57:29.829Z"}
{"level":"info","message":{"ip":"::1","method":"PATCH","timestamp":"2025-07-13T11:57:43.674Z","url":"/api/institutes/upload/documents"},"timestamp":"2025-07-13T11:57:43.674Z"}
{"level":"info","message":{"ip":"::1","method":"PATCH","timestamp":"2025-07-13T11:57:46.677Z","url":"/api/institutes/me/student-achievements"},"timestamp":"2025-07-13T11:57:46.677Z"}
{"level":"info","message":{"ip":"::1","method":"GET","timestamp":"2025-07-13T11:57:47.626Z","url":"/api/institutes/profile"},"timestamp":"2025-07-13T11:57:47.626Z"}
{"level":"info","message":{"ip":"::1","method":"GET","timestamp":"2025-07-13T11:58:04.168Z","url":"/api/institutes/profile"},"timestamp":"2025-07-13T11:58:04.168Z"}
{"level":"info","message":{"ip":"::1","method":"GET","timestamp":"2025-07-13T12:04:27.821Z","url":"/api/institutes/profile"},"timestamp":"2025-07-13T12:04:27.821Z"}
{"level":"info","message":{"ip":"::1","method":"GET","timestamp":"2025-07-13T12:04:30.495Z","url":"/api/institutes/profile"},"timestamp":"2025-07-13T12:04:30.495Z"}
{"level":"info","message":{"ip":"::1","method":"GET","timestamp":"2025-07-13T12:05:04.808Z","url":"/api/institutes/profile"},"timestamp":"2025-07-13T12:05:04.808Z"}
{"level":"info","message":{"ip":"::1","method":"GET","timestamp":"2025-07-13T12:05:27.804Z","url":"/api/institutes/profile"},"timestamp":"2025-07-13T12:05:27.804Z"}
{"level":"info","message":{"ip":"::1","method":"GET","timestamp":"2025-07-13T12:05:30.809Z","url":"/api/institutes/profile"},"timestamp":"2025-07-13T12:05:30.809Z"}
{"level":"info","message":{"ip":"::1","method":"GET","timestamp":"2025-07-13T12:06:03.809Z","url":"/api/institutes/profile"},"timestamp":"2025-07-13T12:06:03.810Z"}
{"level":"info","message":{"ip":"::1","method":"GET","timestamp":"2025-07-13T12:06:07.812Z","url":"/api/institutes/profile"},"timestamp":"2025-07-13T12:06:07.812Z"}
{"level":"info","message":{"ip":"::1","method":"GET","timestamp":"2025-07-13T12:06:11.811Z","url":"/api/institutes/profile"},"timestamp":"2025-07-13T12:06:11.811Z"}
{"level":"info","message":{"ip":"::1","method":"GET","timestamp":"2025-07-13T12:06:15.808Z","url":"/api/institutes/profile"},"timestamp":"2025-07-13T12:06:15.808Z"}
{"level":"info","message":{"ip":"::1","method":"PATCH","timestamp":"2025-07-13T12:06:46.317Z","url":"/api/institutes/upload/documents"},"timestamp":"2025-07-13T12:06:46.317Z"}
{"level":"info","message":{"ip":"::1","method":"PATCH","timestamp":"2025-07-13T12:06:58.396Z","url":"/api/institutes/me/student-achievements"},"timestamp":"2025-07-13T12:06:58.396Z"}
{"level":"info","message":{"ip":"::1","method":"GET","timestamp":"2025-07-13T12:06:59.204Z","url":"/api/institutes/profile"},"timestamp":"2025-07-13T12:06:59.204Z"}
{"level":"info","message":{"ip":"::1","method":"GET","timestamp":"2025-07-13T12:07:07.493Z","url":"/api/institutes/profile"},"timestamp":"2025-07-13T12:07:07.493Z"}
{"level":"info","message":{"ip":"::1","method":"GET","timestamp":"2025-07-13T12:07:37.755Z","url":"/api/institutes/profile"},"timestamp":"2025-07-13T12:07:37.755Z"}
{"level":"info","message":{"ip":"::1","method":"GET","timestamp":"2025-07-13T12:07:37.764Z","url":"/api/students/profile"},"timestamp":"2025-07-13T12:07:37.764Z"}
{"level":"info","message":{"ip":"::1","method":"GET","timestamp":"2025-07-13T12:07:37.785Z","url":"/api/students/profile"},"timestamp":"2025-07-13T12:07:37.785Z"}
{"level":"info","message":{"ip":"::1","method":"GET","timestamp":"2025-07-13T12:07:38.269Z","url":"/api/institutes/profile"},"timestamp":"2025-07-13T12:07:38.269Z"}
{"level":"info","message":{"ip":"::1","method":"GET","timestamp":"2025-07-13T12:07:38.558Z","url":"/api/institutes/profile"},"timestamp":"2025-07-13T12:07:38.558Z"}
{"level":"info","message":{"ip":"::1","method":"PATCH","timestamp":"2025-07-13T12:07:56.533Z","url":"/api/institutes/upload/documents"},"timestamp":"2025-07-13T12:07:56.533Z"}
{"level":"info","message":{"ip":"::1","method":"GET","timestamp":"2025-07-13T12:13:49.827Z","url":"/api/institutes/profile"},"timestamp":"2025-07-13T12:13:49.827Z"}
{"level":"info","message":{"ip":"::1","method":"GET","timestamp":"2025-07-13T12:13:54.149Z","url":"/api/institutes/profile"},"timestamp":"2025-07-13T12:13:54.149Z"}
{"level":"info","message":{"ip":"::1","method":"GET","timestamp":"2025-07-13T12:15:10.871Z","url":"/api/institutes/profile"},"timestamp":"2025-07-13T12:15:10.871Z"}
{"level":"info","message":{"ip":"::1","method":"GET","timestamp":"2025-07-13T12:15:10.878Z","url":"/api/students/profile"},"timestamp":"2025-07-13T12:15:10.878Z"}
{"level":"info","message":{"ip":"::1","method":"GET","timestamp":"2025-07-13T12:15:10.888Z","url":"/api/students/profile"},"timestamp":"2025-07-13T12:15:10.888Z"}
{"level":"info","message":{"ip":"::1","method":"GET","timestamp":"2025-07-13T12:15:11.382Z","url":"/api/institutes/profile"},"timestamp":"2025-07-13T12:15:11.382Z"}
{"level":"info","message":{"ip":"::1","method":"GET","timestamp":"2025-07-13T12:15:11.815Z","url":"/api/institutes/profile"},"timestamp":"2025-07-13T12:15:11.815Z"}
{"level":"info","message":{"ip":"::1","method":"GET","timestamp":"2025-07-13T12:15:17.805Z","url":"/api/institutes/profile"},"timestamp":"2025-07-13T12:15:17.805Z"}
{"level":"info","message":{"ip":"::1","method":"GET","timestamp":"2025-07-13T12:15:19.814Z","url":"/api/institutes/profile"},"timestamp":"2025-07-13T12:15:19.814Z"}
{"level":"info","message":{"ip":"::1","method":"GET","timestamp":"2025-07-13T12:15:22.800Z","url":"/api/institutes/profile"},"timestamp":"2025-07-13T12:15:22.800Z"}
{"level":"info","message":{"ip":"::1","method":"GET","timestamp":"2025-07-13T12:16:46.812Z","url":"/api/institutes/profile"},"timestamp":"2025-07-13T12:16:46.812Z"}
{"level":"info","message":{"ip":"::1","method":"GET","timestamp":"2025-07-13T12:16:57.804Z","url":"/api/institutes/profile"},"timestamp":"2025-07-13T12:16:57.804Z"}
{"level":"info","message":{"ip":"::1","method":"GET","timestamp":"2025-07-13T12:16:57.841Z","url":"/api/students/profile"},"timestamp":"2025-07-13T12:16:57.841Z"}
{"level":"info","message":{"ip":"::1","method":"GET","timestamp":"2025-07-13T12:16:57.878Z","url":"/api/students/profile"},"timestamp":"2025-07-13T12:16:57.878Z"}
{"level":"info","message":{"ip":"::1","method":"GET","timestamp":"2025-07-13T12:16:58.190Z","url":"/api/institutes/profile"},"timestamp":"2025-07-13T12:16:58.190Z"}
{"level":"info","message":{"ip":"::1","method":"GET","timestamp":"2025-07-13T12:16:58.499Z","url":"/api/institutes/profile"},"timestamp":"2025-07-13T12:16:58.499Z"}
{"level":"info","message":{"ip":"::1","method":"PATCH","timestamp":"2025-07-13T12:17:14.392Z","url":"/api/institutes/upload/documents"},"timestamp":"2025-07-13T12:17:14.392Z"}
{"level":"info","message":{"ip":"::1","method":"PATCH","timestamp":"2025-07-13T12:17:59.787Z","url":"/api/institutes/me/student-achievements"},"timestamp":"2025-07-13T12:17:59.787Z"}
{"level":"info","message":{"ip":"::1","method":"GET","timestamp":"2025-07-13T12:18:01.467Z","url":"/api/institutes/profile"},"timestamp":"2025-07-13T12:18:01.467Z"}
{"level":"info","message":{"ip":"::1","method":"GET","timestamp":"2025-07-13T12:18:22.956Z","url":"/api/institutes/profile"},"timestamp":"2025-07-13T12:18:22.956Z"}
{"level":"info","message":{"ip":"::1","method":"GET","timestamp":"2025-07-13T12:19:15.064Z","url":"/api/institutes/profile"},"timestamp":"2025-07-13T12:19:15.064Z"}
{"level":"info","message":{"ip":"::1","method":"GET","timestamp":"2025-07-13T12:20:41.143Z","url":"/api/institutes/profile"},"timestamp":"2025-07-13T12:20:41.143Z"}
{"level":"info","message":{"ip":"::1","method":"GET","timestamp":"2025-07-13T12:21:17.783Z","url":"/api/institutes/profile"},"timestamp":"2025-07-13T12:21:17.783Z"}
{"level":"info","message":{"ip":"::1","method":"GET","timestamp":"2025-07-13T12:21:25.780Z","url":"/api/institutes/profile"},"timestamp":"2025-07-13T12:21:25.780Z"}
{"level":"info","message":{"ip":"::1","method":"GET","timestamp":"2025-07-13T12:21:28.790Z","url":"/api/institutes/profile"},"timestamp":"2025-07-13T12:21:28.790Z"}
{"level":"info","message":{"ip":"::1","method":"GET","timestamp":"2025-07-13T12:21:30.789Z","url":"/api/institutes/profile"},"timestamp":"2025-07-13T12:21:30.789Z"}
{"level":"info","message":{"ip":"::1","method":"GET","timestamp":"2025-07-13T12:21:33.786Z","url":"/api/institutes/profile"},"timestamp":"2025-07-13T12:21:33.786Z"}
{"level":"info","message":{"ip":"::1","method":"GET","timestamp":"2025-07-13T12:21:39.332Z","url":"/api/institutes/profile"},"timestamp":"2025-07-13T12:21:39.332Z"}
{"level":"info","message":{"ip":"::1","method":"GET","timestamp":"2025-07-13T12:21:41.689Z","url":"/api/institutes/profile"},"timestamp":"2025-07-13T12:21:41.689Z"}
{"level":"info","message":{"ip":"::1","method":"GET","timestamp":"2025-07-13T12:21:43.202Z","url":"/api/institutes/profile"},"timestamp":"2025-07-13T12:21:43.202Z"}
{"level":"info","message":{"ip":"::1","method":"GET","timestamp":"2025-07-13T12:21:44.411Z","url":"/api/institutes/profile"},"timestamp":"2025-07-13T12:21:44.411Z"}
{"level":"info","message":{"ip":"::1","method":"GET","timestamp":"2025-07-13T12:21:45.763Z","url":"/api/institutes/profile"},"timestamp":"2025-07-13T12:21:45.763Z"}
{"level":"info","message":{"ip":"::1","method":"GET","timestamp":"2025-07-13T12:21:46.796Z","url":"/api/institutes/profile"},"timestamp":"2025-07-13T12:21:46.796Z"}
{"level":"info","message":{"ip":"::1","method":"GET","timestamp":"2025-07-13T12:21:47.796Z","url":"/api/institutes/profile"},"timestamp":"2025-07-13T12:21:47.796Z"}
{"level":"info","message":{"ip":"::1","method":"GET","timestamp":"2025-07-13T12:22:01.220Z","url":"/api/institutes/profile"},"timestamp":"2025-07-13T12:22:01.220Z"}
{"level":"info","message":{"ip":"::1","method":"GET","timestamp":"2025-07-13T12:22:03.100Z","url":"/api/institutes/profile"},"timestamp":"2025-07-13T12:22:03.100Z"}
{"level":"info","message":{"ip":"::1","method":"GET","timestamp":"2025-07-13T12:22:51.798Z","url":"/api/institutes/profile"},"timestamp":"2025-07-13T12:22:51.798Z"}
{"level":"info","message":{"ip":"::1","method":"GET","timestamp":"2025-07-13T12:22:53.801Z","url":"/api/institutes/profile"},"timestamp":"2025-07-13T12:22:53.801Z"}
{"level":"info","message":{"ip":"::1","method":"GET","timestamp":"2025-07-13T12:23:08.786Z","url":"/api/institutes/profile"},"timestamp":"2025-07-13T12:23:08.786Z"}
{"level":"info","message":{"ip":"::1","method":"GET","timestamp":"2025-07-13T12:24:01.778Z","url":"/api/institutes/profile"},"timestamp":"2025-07-13T12:24:01.778Z"}
{"level":"info","message":{"ip":"::1","method":"GET","timestamp":"2025-07-13T12:24:02.770Z","url":"/api/institutes/profile"},"timestamp":"2025-07-13T12:24:02.770Z"}
{"level":"info","message":{"ip":"::1","method":"GET","timestamp":"2025-07-13T12:24:23.784Z","url":"/api/institutes/profile"},"timestamp":"2025-07-13T12:24:23.784Z"}
{"level":"info","message":{"ip":"::1","method":"GET","timestamp":"2025-07-13T12:24:27.848Z","url":"/api/institutes/profile"},"timestamp":"2025-07-13T12:24:27.849Z"}
{"level":"info","message":{"ip":"::1","method":"GET","timestamp":"2025-07-13T12:24:50.784Z","url":"/api/institutes/profile"},"timestamp":"2025-07-13T12:24:50.784Z"}
{"level":"info","message":{"ip":"::1","method":"PATCH","timestamp":"2025-07-13T12:25:52.699Z","url":"/api/institutes/upload/documents"},"timestamp":"2025-07-13T12:25:52.699Z"}
{"level":"info","message":{"ip":"::1","method":"GET","timestamp":"2025-07-13T12:26:26.775Z","url":"/api/institutes/profile"},"timestamp":"2025-07-13T12:26:26.775Z"}
{"level":"info","message":{"ip":"::1","method":"GET","timestamp":"2025-07-13T12:26:28.775Z","url":"/api/institutes/profile"},"timestamp":"2025-07-13T12:26:28.775Z"}
{"level":"info","message":{"ip":"::1","method":"PATCH","timestamp":"2025-07-13T12:26:43.224Z","url":"/api/institutes/upload/documents"},"timestamp":"2025-07-13T12:26:43.224Z"}
{"level":"info","message":{"ip":"::1","method":"PATCH","timestamp":"2025-07-13T12:26:59.934Z","url":"/api/institutes/upload/documents"},"timestamp":"2025-07-13T12:26:59.934Z"}
{"level":"info","message":{"ip":"::1","method":"GET","timestamp":"2025-07-13T12:30:43.787Z","url":"/api/institutes/profile"},"timestamp":"2025-07-13T12:30:43.787Z"}
{"level":"info","message":{"ip":"::1","method":"GET","timestamp":"2025-07-13T12:30:46.798Z","url":"/api/institutes/profile"},"timestamp":"2025-07-13T12:30:46.798Z"}
{"level":"info","message":{"ip":"::1","method":"PATCH","timestamp":"2025-07-13T12:31:15.329Z","url":"/api/institutes/upload/documents"},"timestamp":"2025-07-13T12:31:15.329Z"}
{"level":"info","message":{"ip":"::1","method":"PATCH","timestamp":"2025-07-13T12:31:21.427Z","url":"/api/institutes/me/student-achievements"},"timestamp":"2025-07-13T12:31:21.427Z"}
{"level":"info","message":{"ip":"::1","method":"GET","timestamp":"2025-07-13T12:31:22.326Z","url":"/api/institutes/profile"},"timestamp":"2025-07-13T12:31:22.326Z"}
{"level":"info","message":{"ip":"::1","method":"GET","timestamp":"2025-07-13T12:35:24.812Z","url":"/api/institutes/profile"},"timestamp":"2025-07-13T12:35:24.812Z"}
{"level":"info","message":{"ip":"::1","method":"GET","timestamp":"2025-07-13T12:35:26.783Z","url":"/api/institutes/profile"},"timestamp":"2025-07-13T12:35:26.783Z"}
{"level":"info","message":{"ip":"::1","method":"GET","timestamp":"2025-07-13T12:35:30.781Z","url":"/api/institutes/profile"},"timestamp":"2025-07-13T12:35:30.781Z"}
{"level":"info","message":{"ip":"::1","method":"GET","timestamp":"2025-07-13T12:36:55.091Z","url":"/api/institutes/profile"},"timestamp":"2025-07-13T12:36:55.092Z"}
{"level":"info","message":{"ip":"::1","method":"GET","timestamp":"2025-07-13T12:36:55.118Z","url":"/api/students/profile"},"timestamp":"2025-07-13T12:36:55.118Z"}
{"level":"info","message":{"ip":"::1","method":"GET","timestamp":"2025-07-13T12:36:55.176Z","url":"/api/students/profile"},"timestamp":"2025-07-13T12:36:55.176Z"}
{"level":"info","message":{"ip":"::1","method":"GET","timestamp":"2025-07-13T12:36:57.401Z","url":"/api/institutes/profile"},"timestamp":"2025-07-13T12:36:57.401Z"}
{"level":"info","message":{"ip":"::1","method":"GET","timestamp":"2025-07-13T12:36:57.717Z","url":"/api/institutes/profile"},"timestamp":"2025-07-13T12:36:57.717Z"}
{"level":"info","message":{"ip":"::1","method":"PATCH","timestamp":"2025-07-13T12:38:09.561Z","url":"/api/institutes/upload/documents"},"timestamp":"2025-07-13T12:38:09.561Z"}
{"level":"info","message":{"ip":"::1","method":"PATCH","timestamp":"2025-07-13T12:38:16.311Z","url":"/api/institutes/me/institute-achievements"},"timestamp":"2025-07-13T12:38:16.311Z"}
{"level":"info","message":{"ip":"::1","method":"GET","timestamp":"2025-07-13T12:38:17.374Z","url":"/api/institutes/profile"},"timestamp":"2025-07-13T12:38:17.374Z"}
{"level":"info","message":{"ip":"::1","method":"GET","timestamp":"2025-07-13T12:38:26.314Z","url":"/api/institutes/profile"},"timestamp":"2025-07-13T12:38:26.314Z"}
{"level":"info","message":{"ip":"::1","method":"PATCH","timestamp":"2025-07-13T12:39:24.517Z","url":"/api/institutes/me/courses"},"timestamp":"2025-07-13T12:39:24.517Z"}
{"level":"info","message":{"ip":"::1","method":"GET","timestamp":"2025-07-13T12:39:26.266Z","url":"/api/institutes/profile"},"timestamp":"2025-07-13T12:39:26.266Z"}
{"level":"info","message":{"ip":"::1","method":"PATCH","timestamp":"2025-07-13T12:39:31.596Z","url":"/api/institutes/me/faculties"},"timestamp":"2025-07-13T12:39:31.596Z"}
{"level":"info","message":{"ip":"::1","method":"GET","timestamp":"2025-07-13T12:39:32.707Z","url":"/api/institutes/profile"},"timestamp":"2025-07-13T12:39:32.707Z"}
{"level":"info","message":{"ip":"::1","method":"PATCH","timestamp":"2025-07-13T12:39:38.937Z","url":"/api/institutes/me/student-achievements"},"timestamp":"2025-07-13T12:39:38.937Z"}
{"level":"info","message":{"ip":"::1","method":"GET","timestamp":"2025-07-13T12:39:39.900Z","url":"/api/institutes/profile"},"timestamp":"2025-07-13T12:39:39.900Z"}
{"level":"info","message":{"ip":"::1","method":"GET","timestamp":"2025-07-13T12:39:43.406Z","url":"/api/institutes/profile"},"timestamp":"2025-07-13T12:39:43.406Z"}
{"level":"info","message":{"ip":"::1","method":"PATCH","timestamp":"2025-07-13T12:39:57.373Z","url":"/api/institutes/me/student-achievements"},"timestamp":"2025-07-13T12:39:57.373Z"}
{"level":"info","message":{"ip":"::1","method":"GET","timestamp":"2025-07-13T12:39:58.298Z","url":"/api/institutes/profile"},"timestamp":"2025-07-13T12:39:58.298Z"}
{"level":"info","message":{"ip":"::1","method":"PATCH","timestamp":"2025-07-13T12:40:11.978Z","url":"/api/institutes/me/institute-achievements"},"timestamp":"2025-07-13T12:40:11.978Z"}
{"level":"info","message":{"ip":"::1","method":"GET","timestamp":"2025-07-13T12:40:12.757Z","url":"/api/institutes/profile"},"timestamp":"2025-07-13T12:40:12.757Z"}
{"level":"info","message":{"ip":"::1","method":"GET","timestamp":"2025-07-13T12:40:17.199Z","url":"/api/institutes/profile"},"timestamp":"2025-07-13T12:40:17.199Z"}
{"level":"info","message":{"ip":"::1","method":"GET","timestamp":"2025-07-13T12:40:26.081Z","url":"/api/institutes/profile"},"timestamp":"2025-07-13T12:40:26.081Z"}
{"level":"info","message":{"ip":"::1","method":"PATCH","timestamp":"2025-07-13T12:40:28.480Z","url":"/api/institutes/me/institute-achievements"},"timestamp":"2025-07-13T12:40:28.480Z"}
{"level":"info","message":{"ip":"::1","method":"GET","timestamp":"2025-07-13T12:40:29.444Z","url":"/api/institutes/profile"},"timestamp":"2025-07-13T12:40:29.444Z"}
{"level":"info","message":{"ip":"::1","method":"GET","timestamp":"2025-07-13T12:41:29.552Z","url":"/api/institutes/profile"},"timestamp":"2025-07-13T12:41:29.552Z"}
{"level":"info","message":{"ip":"::1","method":"GET","timestamp":"2025-07-13T12:41:34.176Z","url":"/api/institutes/profile"},"timestamp":"2025-07-13T12:41:34.176Z"}
{"level":"info","message":{"ip":"::1","method":"GET","timestamp":"2025-07-13T12:41:50.834Z","url":"/api/institutes/profile"},"timestamp":"2025-07-13T12:41:50.834Z"}
{"level":"info","message":{"ip":"::1","method":"GET","timestamp":"2025-07-13T12:41:53.805Z","url":"/api/institutes/profile"},"timestamp":"2025-07-13T12:41:53.805Z"}
{"level":"info","message":{"ip":"::1","method":"PATCH","timestamp":"2025-07-13T12:41:57.300Z","url":"/api/institutes/me/institute-achievements"},"timestamp":"2025-07-13T12:41:57.300Z"}
{"level":"info","message":{"ip":"::1","method":"GET","timestamp":"2025-07-13T12:42:00.663Z","url":"/api/institutes/profile"},"timestamp":"2025-07-13T12:42:00.663Z"}
{"level":"info","message":{"ip":"::1","method":"GET","timestamp":"2025-07-13T12:43:08.832Z","url":"/api/institutes/profile"},"timestamp":"2025-07-13T12:43:08.832Z"}
{"level":"info","message":{"ip":"::1","method":"GET","timestamp":"2025-07-13T12:43:12.022Z","url":"/api/institutes/profile"},"timestamp":"2025-07-13T12:43:12.022Z"}
{"level":"info","message":{"ip":"::1","method":"PATCH","timestamp":"2025-07-13T12:43:17.672Z","url":"/api/institutes/me/institute-achievements"},"timestamp":"2025-07-13T12:43:17.672Z"}
{"level":"info","message":{"ip":"::1","method":"GET","timestamp":"2025-07-13T12:43:18.314Z","url":"/api/institutes/profile"},"timestamp":"2025-07-13T12:43:18.314Z"}
{"level":"info","message":{"ip":"::1","method":"PATCH","timestamp":"2025-07-13T12:43:25.021Z","url":"/api/institutes/me/facilities"},"timestamp":"2025-07-13T12:43:25.021Z"}
{"level":"info","message":{"ip":"::1","method":"GET","timestamp":"2025-07-13T12:46:20.616Z","url":"/api/institutes/profile"},"timestamp":"2025-07-13T12:46:20.616Z"}
{"level":"info","message":{"ip":"::1","method":"GET","timestamp":"2025-07-13T12:46:25.809Z","url":"/api/students/profile"},"timestamp":"2025-07-13T12:46:25.809Z"}
{"level":"info","message":{"ip":"::1","method":"GET","timestamp":"2025-07-13T12:46:25.818Z","url":"/api/institutes/profile"},"timestamp":"2025-07-13T12:46:25.818Z"}
{"level":"info","message":{"ip":"::1","method":"GET","timestamp":"2025-07-13T12:46:25.823Z","url":"/api/students/profile"},"timestamp":"2025-07-13T12:46:25.824Z"}
{"level":"info","message":{"ip":"::1","method":"GET","timestamp":"2025-07-13T12:46:26.058Z","url":"/api/institutes/profile"},"timestamp":"2025-07-13T12:46:26.058Z"}
{"level":"info","message":{"ip":"::1","method":"GET","timestamp":"2025-07-13T12:46:26.291Z","url":"/api/institutes/profile"},"timestamp":"2025-07-13T12:46:26.291Z"}
{"level":"info","message":{"ip":"::1","method":"PATCH","timestamp":"2025-07-13T12:46:44.517Z","url":"/api/institutes/me/facilities"},"timestamp":"2025-07-13T12:46:44.517Z"}
{"level":"info","message":{"ip":"::1","method":"GET","timestamp":"2025-07-13T12:48:48.031Z","url":"/api/institutes/profile"},"timestamp":"2025-07-13T12:48:48.031Z"}
{"level":"info","message":{"ip":"::1","method":"PATCH","timestamp":"2025-07-13T12:48:59.898Z","url":"/api/institutes/me/facilities"},"timestamp":"2025-07-13T12:48:59.898Z"}
{"level":"info","message":{"ip":"::1","method":"GET","timestamp":"2025-07-13T13:34:20.875Z","url":"/api/students/profile"},"timestamp":"2025-07-13T13:34:20.879Z"}
{"level":"info","message":{"ip":"::1","method":"GET","timestamp":"2025-07-13T13:34:21.004Z","url":"/api/students/profile"},"timestamp":"2025-07-13T13:34:21.005Z"}
{"level":"info","message":{"ip":"::1","method":"GET","timestamp":"2025-07-13T13:34:21.052Z","url":"/api/institutes/profile"},"timestamp":"2025-07-13T13:34:21.053Z"}
{"level":"info","message":{"ip":"::1","method":"GET","timestamp":"2025-07-13T13:34:25.201Z","url":"/api/institutes/profile"},"timestamp":"2025-07-13T13:34:25.201Z"}
{"level":"info","message":{"ip":"::1","method":"GET","timestamp":"2025-07-13T13:39:35.017Z","url":"/api/institutes/profile"},"timestamp":"2025-07-13T13:39:35.017Z"}
{"level":"info","message":{"ip":"::1","method":"GET","timestamp":"2025-07-13T13:39:38.962Z","url":"/api/institutes/profile"},"timestamp":"2025-07-13T13:39:38.962Z"}
{"level":"info","message":{"ip":"::1","method":"GET","timestamp":"2025-07-13T13:41:29.984Z","url":"/api/institutes/profile"},"timestamp":"2025-07-13T13:41:29.984Z"}
{"level":"info","message":{"ip":"::1","method":"GET","timestamp":"2025-07-13T13:41:32.942Z","url":"/api/institutes/profile"},"timestamp":"2025-07-13T13:41:32.942Z"}
{"level":"info","message":{"ip":"::1","method":"GET","timestamp":"2025-07-13T13:41:39.958Z","url":"/api/institutes/profile"},"timestamp":"2025-07-13T13:41:39.958Z"}
{"level":"info","message":{"ip":"::1","method":"GET","timestamp":"2025-07-13T13:41:43.018Z","url":"/api/institutes/profile"},"timestamp":"2025-07-13T13:41:43.018Z"}
{"level":"info","message":{"ip":"::1","method":"GET","timestamp":"2025-07-13T13:41:51.962Z","url":"/api/institutes/profile"},"timestamp":"2025-07-13T13:41:51.962Z"}
{"level":"info","message":{"ip":"::1","method":"GET","timestamp":"2025-07-13T13:41:55.927Z","url":"/api/institutes/profile"},"timestamp":"2025-07-13T13:41:55.927Z"}
{"level":"info","message":{"ip":"::1","method":"GET","timestamp":"2025-07-13T13:42:19.953Z","url":"/api/institutes/profile"},"timestamp":"2025-07-13T13:42:19.953Z"}
{"level":"info","message":{"ip":"::1","method":"GET","timestamp":"2025-07-13T13:42:21.951Z","url":"/api/institutes/profile"},"timestamp":"2025-07-13T13:42:21.952Z"}
{"level":"info","message":{"ip":"::1","method":"GET","timestamp":"2025-07-13T13:42:32.941Z","url":"/api/institutes/profile"},"timestamp":"2025-07-13T13:42:32.941Z"}
{"level":"info","message":{"ip":"::1","method":"GET","timestamp":"2025-07-13T13:42:32.961Z","url":"/api/students/profile"},"timestamp":"2025-07-13T13:42:32.961Z"}
{"level":"info","message":{"ip":"::1","method":"GET","timestamp":"2025-07-13T13:42:33.057Z","url":"/api/students/profile"},"timestamp":"2025-07-13T13:42:33.057Z"}
{"level":"info","message":{"ip":"::1","method":"GET","timestamp":"2025-07-13T13:42:33.249Z","url":"/api/institutes/profile"},"timestamp":"2025-07-13T13:42:33.249Z"}
{"level":"info","message":{"ip":"::1","method":"GET","timestamp":"2025-07-13T13:42:33.550Z","url":"/api/institutes/profile"},"timestamp":"2025-07-13T13:42:33.550Z"}
{"level":"info","message":{"ip":"::1","method":"POST","timestamp":"2025-07-13T13:42:44.167Z","url":"/api/institutes/upload/image"},"timestamp":"2025-07-13T13:42:44.167Z"}
{"level":"info","message":{"ip":"::1","method":"GET","timestamp":"2025-07-13T13:44:12.964Z","url":"/api/institutes/profile"},"timestamp":"2025-07-13T13:44:12.964Z"}
{"level":"info","message":{"ip":"::1","method":"GET","timestamp":"2025-07-13T13:44:19.960Z","url":"/api/institutes/profile"},"timestamp":"2025-07-13T13:44:19.960Z"}
{"level":"info","message":{"ip":"::1","method":"GET","timestamp":"2025-07-13T13:44:20.933Z","url":"/api/institutes/profile"},"timestamp":"2025-07-13T13:44:20.933Z"}
{"level":"info","message":{"ip":"::1","method":"GET","timestamp":"2025-07-13T13:44:24.938Z","url":"/api/institutes/profile"},"timestamp":"2025-07-13T13:44:24.938Z"}
{"level":"info","message":{"ip":"::1","method":"GET","timestamp":"2025-07-13T13:44:26.948Z","url":"/api/institutes/profile"},"timestamp":"2025-07-13T13:44:26.948Z"}
{"level":"info","message":{"ip":"::1","method":"PATCH","timestamp":"2025-07-13T13:45:05.654Z","url":"/api/institutes/upload/image"},"timestamp":"2025-07-13T13:45:05.655Z"}
{"level":"info","message":{"ip":"::1","method":"GET","timestamp":"2025-07-13T13:46:31.973Z","url":"/api/institutes/profile"},"timestamp":"2025-07-13T13:46:31.973Z"}
{"level":"info","message":{"ip":"::1","method":"GET","timestamp":"2025-07-13T13:46:31.982Z","url":"/api/students/profile"},"timestamp":"2025-07-13T13:46:31.982Z"}
{"level":"info","message":{"ip":"::1","method":"GET","timestamp":"2025-07-13T13:46:31.993Z","url":"/api/students/profile"},"timestamp":"2025-07-13T13:46:31.993Z"}
{"level":"info","message":{"ip":"::1","method":"GET","timestamp":"2025-07-13T13:46:32.551Z","url":"/api/institutes/profile"},"timestamp":"2025-07-13T13:46:32.551Z"}
{"level":"info","message":{"ip":"::1","method":"GET","timestamp":"2025-07-13T13:46:32.787Z","url":"/api/institutes/profile"},"timestamp":"2025-07-13T13:46:32.787Z"}
{"level":"info","message":{"ip":"::1","method":"GET","timestamp":"2025-07-13T13:54:38.054Z","url":"/api/institutes/profile"},"timestamp":"2025-07-13T13:54:38.055Z"}
{"level":"info","message":{"ip":"::1","method":"GET","timestamp":"2025-07-13T13:54:38.080Z","url":"/api/students/profile"},"timestamp":"2025-07-13T13:54:38.080Z"}
{"level":"info","message":{"ip":"::1","method":"GET","timestamp":"2025-07-13T13:54:38.101Z","url":"/api/students/profile"},"timestamp":"2025-07-13T13:54:38.101Z"}
{"level":"info","message":{"ip":"::1","method":"GET","timestamp":"2025-07-13T13:54:41.538Z","url":"/api/institutes/profile"},"timestamp":"2025-07-13T13:54:41.538Z"}
{"level":"info","message":{"ip":"::1","method":"GET","timestamp":"2025-07-13T13:54:41.836Z","url":"/api/institutes/profile"},"timestamp":"2025-07-13T13:54:41.836Z"}
{"level":"info","message":{"ip":"::1","method":"GET","timestamp":"2025-07-13T13:54:41.902Z","url":"/api/institutes/profile"},"timestamp":"2025-07-13T13:54:41.902Z"}
{"level":"info","message":{"ip":"::1","method":"GET","timestamp":"2025-07-13T13:54:49.976Z","url":"/api/institutes/profile"},"timestamp":"2025-07-13T13:54:49.976Z"}
{"level":"info","message":{"ip":"::1","method":"GET","timestamp":"2025-07-13T13:54:49.987Z","url":"/api/students/profile"},"timestamp":"2025-07-13T13:54:49.987Z"}
{"level":"info","message":{"ip":"::1","method":"GET","timestamp":"2025-07-13T13:54:50.000Z","url":"/api/students/profile"},"timestamp":"2025-07-13T13:54:50.000Z"}
{"level":"info","message":{"ip":"::1","method":"GET","timestamp":"2025-07-13T13:54:50.231Z","url":"/api/institutes/profile"},"timestamp":"2025-07-13T13:54:50.231Z"}
{"level":"info","message":{"ip":"::1","method":"GET","timestamp":"2025-07-13T13:54:50.542Z","url":"/api/institutes/profile"},"timestamp":"2025-07-13T13:54:50.542Z"}
{"level":"info","message":{"ip":"::1","method":"GET","timestamp":"2025-07-13T13:54:58.007Z","url":"/api/institutes/profile"},"timestamp":"2025-07-13T13:54:58.007Z"}
{"level":"info","message":{"ip":"::1","method":"GET","timestamp":"2025-07-13T13:54:58.016Z","url":"/api/students/profile"},"timestamp":"2025-07-13T13:54:58.016Z"}
{"level":"info","message":{"ip":"::1","method":"GET","timestamp":"2025-07-13T13:54:58.033Z","url":"/api/students/profile"},"timestamp":"2025-07-13T13:54:58.033Z"}
{"level":"info","message":{"ip":"::1","method":"GET","timestamp":"2025-07-13T13:54:58.257Z","url":"/api/institutes/profile"},"timestamp":"2025-07-13T13:54:58.257Z"}
{"level":"info","message":{"ip":"::1","method":"GET","timestamp":"2025-07-13T13:54:58.535Z","url":"/api/institutes/profile"},"timestamp":"2025-07-13T13:54:58.535Z"}
{"level":"info","message":{"ip":"::1","method":"GET","timestamp":"2025-07-13T13:55:02.746Z","url":"/api/institutes/profile"},"timestamp":"2025-07-13T13:55:02.746Z"}
{"level":"info","message":{"ip":"::1","method":"GET","timestamp":"2025-07-13T13:55:02.770Z","url":"/api/students/profile"},"timestamp":"2025-07-13T13:55:02.770Z"}
{"level":"info","message":{"ip":"::1","method":"GET","timestamp":"2025-07-13T13:55:02.787Z","url":"/api/students/profile"},"timestamp":"2025-07-13T13:55:02.787Z"}
{"level":"info","message":{"ip":"::1","method":"GET","timestamp":"2025-07-13T13:55:03.341Z","url":"/api/institutes/profile"},"timestamp":"2025-07-13T13:55:03.341Z"}
{"level":"info","message":{"ip":"::1","method":"GET","timestamp":"2025-07-13T13:55:03.650Z","url":"/api/institutes/profile"},"timestamp":"2025-07-13T13:55:03.650Z"}
{"level":"info","message":{"ip":"::1","method":"PATCH","timestamp":"2025-07-13T13:55:14.085Z","url":"/api/institutes/upload/image"},"timestamp":"2025-07-13T13:55:14.085Z"}
{"level":"info","message":{"ip":"::1","method":"PATCH","timestamp":"2025-07-13T13:55:29.508Z","url":"/api/institutes/upload/image"},"timestamp":"2025-07-13T13:55:29.508Z"}
{"level":"info","message":{"ip":"::1","method":"PATCH","timestamp":"2025-07-13T13:56:26.633Z","url":"/api/institutes/upload/video"},"timestamp":"2025-07-13T13:56:26.633Z"}
{"instituteId":"3aa7a017-3388-48b4-a6cc-8c7ba4c04ba4","level":"info","message":"Video uploaded successfully","timestamp":"2025-07-13T13:56:33.171Z","url":"https://res.cloudinary.com/drhrgs6y5/video/upload/v1752415008/nextute/videos/it0ca9uospnwr4nsr2o5.mp4"}
{"level":"info","message":{"ip":"::1","method":"PATCH","timestamp":"2025-07-13T13:56:39.264Z","url":"/api/institutes/upload/video"},"timestamp":"2025-07-13T13:56:39.264Z"}
{"instituteId":"3aa7a017-3388-48b4-a6cc-8c7ba4c04ba4","level":"info","message":"Video uploaded successfully","timestamp":"2025-07-13T13:56:45.255Z","url":"https://res.cloudinary.com/drhrgs6y5/video/upload/v1752415020/nextute/videos/n6fqkjux2rtrxxbmid2j.mp4"}
{"level":"info","message":{"ip":"::1","method":"GET","timestamp":"2025-07-13T14:05:18.125Z","url":"/api/institutes/profile"},"timestamp":"2025-07-13T14:05:18.127Z"}
{"level":"info","message":{"ip":"::1","method":"GET","timestamp":"2025-07-13T14:05:21.341Z","url":"/api/institutes/profile"},"timestamp":"2025-07-13T14:05:21.341Z"}
{"level":"info","message":{"ip":"::1","method":"GET","timestamp":"2025-07-13T14:05:22.962Z","url":"/api/institutes/profile"},"timestamp":"2025-07-13T14:05:22.962Z"}
{"level":"info","message":{"ip":"::1","method":"PATCH","timestamp":"2025-07-13T14:05:38.721Z","url":"/api/institutes/upload/image"},"timestamp":"2025-07-13T14:05:38.721Z"}
{"level":"info","message":{"ip":"::1","method":"PATCH","timestamp":"2025-07-13T14:06:15.228Z","url":"/api/institutes/upload/image"},"timestamp":"2025-07-13T14:06:15.228Z"}
{"level":"info","message":{"ip":"::1","method":"GET","timestamp":"2025-07-13T14:34:14.006Z","url":"/api/institutes/profile"},"timestamp":"2025-07-13T14:34:14.006Z"}
{"level":"info","message":{"ip":"::1","method":"GET","timestamp":"2025-07-13T14:34:17.991Z","url":"/api/institutes/profile"},"timestamp":"2025-07-13T14:34:17.991Z"}
{"level":"info","message":{"ip":"::1","method":"POST","timestamp":"2025-07-13T14:35:04.041Z","url":"/api/institutes/upload/image"},"timestamp":"2025-07-13T14:35:04.041Z"}
{"level":"info","message":{"ip":"::1","method":"GET","timestamp":"2025-07-13T14:35:23.941Z","url":"/api/institutes/profile"},"timestamp":"2025-07-13T14:35:23.941Z"}
{"level":"info","message":{"ip":"::1","method":"GET","timestamp":"2025-07-13T14:35:24.943Z","url":"/api/institutes/profile"},"timestamp":"2025-07-13T14:35:24.943Z"}
{"level":"info","message":{"ip":"::1","method":"GET","timestamp":"2025-07-13T14:35:30.936Z","url":"/api/institutes/profile"},"timestamp":"2025-07-13T14:35:30.936Z"}
{"level":"info","message":{"ip":"::1","method":"GET","timestamp":"2025-07-13T14:35:38.959Z","url":"/api/institutes/profile"},"timestamp":"2025-07-13T14:35:38.959Z"}
{"level":"info","message":{"ip":"::1","method":"GET","timestamp":"2025-07-13T14:36:26.946Z","url":"/api/institutes/profile"},"timestamp":"2025-07-13T14:36:26.946Z"}
{"level":"info","message":{"ip":"::1","method":"GET","timestamp":"2025-07-13T14:36:26.961Z","url":"/api/students/profile"},"timestamp":"2025-07-13T14:36:26.961Z"}
{"level":"info","message":{"ip":"::1","method":"GET","timestamp":"2025-07-13T14:36:26.993Z","url":"/api/students/profile"},"timestamp":"2025-07-13T14:36:26.993Z"}
{"level":"info","message":{"ip":"::1","method":"GET","timestamp":"2025-07-13T14:36:28.031Z","url":"/api/institutes/profile"},"timestamp":"2025-07-13T14:36:28.031Z"}
{"level":"info","message":{"ip":"::1","method":"GET","timestamp":"2025-07-13T14:36:28.349Z","url":"/api/institutes/profile"},"timestamp":"2025-07-13T14:36:28.349Z"}
{"level":"info","message":{"ip":"::1","method":"GET","timestamp":"2025-07-13T14:36:35.950Z","url":"/api/institutes/profile"},"timestamp":"2025-07-13T14:36:35.950Z"}
{"level":"info","message":{"ip":"::1","method":"GET","timestamp":"2025-07-13T14:36:36.952Z","url":"/api/institutes/profile"},"timestamp":"2025-07-13T14:36:36.952Z"}
{"level":"info","message":{"ip":"::1","method":"GET","timestamp":"2025-07-13T14:36:44.952Z","url":"/api/institutes/profile"},"timestamp":"2025-07-13T14:36:44.952Z"}
{"level":"info","message":{"ip":"::1","method":"GET","timestamp":"2025-07-13T14:37:01.955Z","url":"/api/institutes/profile"},"timestamp":"2025-07-13T14:37:01.955Z"}
{"level":"info","message":{"ip":"::1","method":"GET","timestamp":"2025-07-13T14:37:04.946Z","url":"/api/institutes/profile"},"timestamp":"2025-07-13T14:37:04.946Z"}
{"level":"info","message":{"ip":"::1","method":"PATCH","timestamp":"2025-07-13T14:37:30.455Z","url":"/api/institutes/upload/image"},"timestamp":"2025-07-13T14:37:30.455Z"}
{"level":"info","message":{"ip":"::1","method":"PATCH","timestamp":"2025-07-13T14:37:56.863Z","url":"/api/institutes/upload/video"},"timestamp":"2025-07-13T14:37:56.863Z"}
{"instituteId":"3aa7a017-3388-48b4-a6cc-8c7ba4c04ba4","level":"info","message":"Video uploaded successfully","timestamp":"2025-07-13T14:38:04.513Z","url":"https://res.cloudinary.com/drhrgs6y5/video/upload/v1752417499/nextute/videos/qtlno6x6lsdtwvfxemnh.mp4"}
{"level":"info","message":{"ip":"::1","method":"PATCH","timestamp":"2025-07-13T14:38:09.396Z","url":"/api/institutes/upload/video"},"timestamp":"2025-07-13T14:38:09.396Z"}
{"instituteId":"3aa7a017-3388-48b4-a6cc-8c7ba4c04ba4","level":"info","message":"Video uploaded successfully","timestamp":"2025-07-13T14:38:24.095Z","url":"https://res.cloudinary.com/drhrgs6y5/video/upload/v1752417519/nextute/videos/q5oce89csqieur37ezxx.mp4"}
{"level":"info","message":{"ip":"::1","method":"GET","timestamp":"2025-07-13T14:44:49.038Z","url":"/api/institutes/profile"},"timestamp":"2025-07-13T14:44:49.039Z"}
{"level":"info","message":{"ip":"::1","method":"GET","timestamp":"2025-07-13T14:44:52.858Z","url":"/api/institutes/profile"},"timestamp":"2025-07-13T14:44:52.858Z"}
{"level":"info","message":{"ip":"::1","method":"GET","timestamp":"2025-07-13T14:44:53.922Z","url":"/api/institutes/profile"},"timestamp":"2025-07-13T14:44:53.923Z"}
{"level":"info","message":{"ip":"::1","method":"GET","timestamp":"2025-07-13T14:44:57.953Z","url":"/api/institutes/profile"},"timestamp":"2025-07-13T14:44:57.953Z"}
{"level":"info","message":{"ip":"::1","method":"GET","timestamp":"2025-07-13T14:45:04.647Z","url":"/api/institutes/profile"},"timestamp":"2025-07-13T14:45:04.648Z"}
{"level":"info","message":{"ip":"::1","method":"GET","timestamp":"2025-07-13T14:45:04.681Z","url":"/api/students/profile"},"timestamp":"2025-07-13T14:45:04.681Z"}
{"level":"info","message":{"ip":"::1","method":"GET","timestamp":"2025-07-13T14:45:04.859Z","url":"/api/students/profile"},"timestamp":"2025-07-13T14:45:04.859Z"}
{"level":"info","message":{"ip":"::1","method":"GET","timestamp":"2025-07-13T14:45:04.945Z","url":"/api/institutes/profile"},"timestamp":"2025-07-13T14:45:04.945Z"}
{"level":"info","message":{"ip":"::1","method":"GET","timestamp":"2025-07-13T14:45:05.225Z","url":"/api/institutes/profile"},"timestamp":"2025-07-13T14:45:05.225Z"}
{"level":"info","message":{"ip":"::1","method":"PATCH","timestamp":"2025-07-13T14:45:16.713Z","url":"/api/institutes/upload/image"},"timestamp":"2025-07-13T14:45:16.713Z"}
{"level":"info","message":{"ip":"::1","method":"GET","timestamp":"2025-07-13T14:48:35.955Z","url":"/api/institutes/profile"},"timestamp":"2025-07-13T14:48:35.955Z"}
{"level":"info","message":{"ip":"::1","method":"GET","timestamp":"2025-07-13T14:48:59.948Z","url":"/api/institutes/profile"},"timestamp":"2025-07-13T14:48:59.948Z"}
{"level":"info","message":{"ip":"::1","method":"GET","timestamp":"2025-07-13T14:49:15.948Z","url":"/api/institutes/profile"},"timestamp":"2025-07-13T14:49:15.948Z"}
{"level":"info","message":{"ip":"::1","method":"GET","timestamp":"2025-07-13T14:49:18.948Z","url":"/api/institutes/profile"},"timestamp":"2025-07-13T14:49:18.948Z"}
{"level":"info","message":{"ip":"::1","method":"PATCH","timestamp":"2025-07-13T14:49:40.684Z","url":"/api/institutes/upload/image"},"timestamp":"2025-07-13T14:49:40.684Z"}
{"level":"info","message":{"ip":"::1","method":"PATCH","timestamp":"2025-07-13T14:50:03.128Z","url":"/api/institutes/upload/image"},"timestamp":"2025-07-13T14:50:03.128Z"}
{"level":"info","message":{"ip":"::1","method":"PATCH","timestamp":"2025-07-13T14:50:25.790Z","url":"/api/institutes/upload/video"},"timestamp":"2025-07-13T14:50:25.790Z"}
{"instituteId":"3aa7a017-3388-48b4-a6cc-8c7ba4c04ba4","level":"info","message":"Video uploaded successfully","timestamp":"2025-07-13T14:50:32.508Z","url":"https://res.cloudinary.com/drhrgs6y5/video/upload/v1752418248/nextute/videos/caicsaxcidcqhuqhvk9r.mp4"}
{"level":"info","message":{"ip":"::1","method":"PATCH","timestamp":"2025-07-13T14:50:40.176Z","url":"/api/institutes/upload/video"},"timestamp":"2025-07-13T14:50:40.176Z"}
{"instituteId":"3aa7a017-3388-48b4-a6cc-8c7ba4c04ba4","level":"info","message":"Video uploaded successfully","timestamp":"2025-07-13T14:50:45.871Z","url":"https://res.cloudinary.com/drhrgs6y5/video/upload/v1752418261/nextute/videos/nptzkk96bujqpewulqcr.mp4"}
{"level":"info","message":{"ip":"::1","method":"PATCH","timestamp":"2025-07-13T14:50:51.881Z","url":"/api/institutes/me/media"},"timestamp":"2025-07-13T14:50:51.881Z"}
{"level":"info","message":{"ip":"::1","method":"PATCH","timestamp":"2025-07-13T14:56:39.174Z","url":"/api/institutes/me/media"},"timestamp":"2025-07-13T14:56:39.174Z"}
{"level":"info","message":{"ip":"::1","method":"PATCH","timestamp":"2025-07-13T14:59:13.993Z","url":"/api/institutes/me/media"},"timestamp":"2025-07-13T14:59:13.993Z"}
{"level":"info","message":{"ip":"::1","method":"PATCH","timestamp":"2025-07-13T15:00:52.049Z","url":"/api/institutes/me/media"},"timestamp":"2025-07-13T15:00:52.049Z"}
{"level":"info","message":{"ip":"::1","method":"PATCH","timestamp":"2025-07-13T15:03:15.508Z","url":"/api/institutes/me/media"},"timestamp":"2025-07-13T15:03:15.508Z"}
{"level":"info","message":{"ip":"::1","method":"PATCH","timestamp":"2025-07-13T15:04:17.848Z","url":"/api/institutes/me/media"},"timestamp":"2025-07-13T15:04:17.848Z"}
{"level":"info","message":{"ip":"::1","method":"PATCH","timestamp":"2025-07-13T15:04:55.929Z","url":"/api/institutes/me/media"},"timestamp":"2025-07-13T15:04:55.929Z"}
{"level":"info","message":{"ip":"::1","method":"GET","timestamp":"2025-07-13T15:05:23.116Z","url":"/api/institutes/profile"},"timestamp":"2025-07-13T15:05:23.116Z"}
{"level":"info","message":{"ip":"::1","method":"GET","timestamp":"2025-07-13T15:05:56.999Z","url":"/api/institutes/profile"},"timestamp":"2025-07-13T15:05:56.999Z"}
{"level":"info","message":{"ip":"::1","method":"GET","timestamp":"2025-07-13T15:05:58.930Z","url":"/api/institutes/profile"},"timestamp":"2025-07-13T15:05:58.930Z"}
{"level":"info","message":{"ip":"::1","method":"PATCH","timestamp":"2025-07-13T15:06:02.954Z","url":"/api/institutes/me/media"},"timestamp":"2025-07-13T15:06:02.954Z"}
{"level":"info","message":{"ip":"::1","method":"GET","timestamp":"2025-07-13T15:06:06.617Z","url":"/api/institutes/profile"},"timestamp":"2025-07-13T15:06:06.617Z"}
{"level":"info","message":{"ip":"::1","method":"GET","timestamp":"2025-07-13T15:06:35.976Z","url":"/api/institutes/profile"},"timestamp":"2025-07-13T15:06:35.976Z"}
{"level":"info","message":{"ip":"::1","method":"GET","timestamp":"2025-07-13T15:06:37.924Z","url":"/api/institutes/profile"},"timestamp":"2025-07-13T15:06:37.924Z"}
{"level":"info","message":{"ip":"::1","method":"GET","timestamp":"2025-07-13T15:06:38.953Z","url":"/api/institutes/profile"},"timestamp":"2025-07-13T15:06:38.953Z"}
{"level":"info","message":{"ip":"::1","method":"GET","timestamp":"2025-07-13T15:06:51.954Z","url":"/api/institutes/profile"},"timestamp":"2025-07-13T15:06:51.955Z"}
{"level":"info","message":{"ip":"::1","method":"GET","timestamp":"2025-07-13T15:06:54.946Z","url":"/api/institutes/profile"},"timestamp":"2025-07-13T15:06:54.946Z"}
{"level":"info","message":{"ip":"::1","method":"PATCH","timestamp":"2025-07-13T15:06:59.749Z","url":"/api/institutes/me/media"},"timestamp":"2025-07-13T15:06:59.749Z"}
{"level":"info","message":{"ip":"::1","method":"GET","timestamp":"2025-07-13T15:07:09.858Z","url":"/api/institutes/profile"},"timestamp":"2025-07-13T15:07:09.858Z"}
{"level":"info","message":{"ip":"::1","method":"GET","timestamp":"2025-07-13T15:07:23.963Z","url":"/api/institutes/profile"},"timestamp":"2025-07-13T15:07:23.963Z"}
{"level":"info","message":{"ip":"::1","method":"GET","timestamp":"2025-07-13T15:07:26.939Z","url":"/api/institutes/profile"},"timestamp":"2025-07-13T15:07:26.939Z"}
{"level":"info","message":{"ip":"::1","method":"GET","timestamp":"2025-07-13T15:08:02.955Z","url":"/api/institutes/profile"},"timestamp":"2025-07-13T15:08:02.955Z"}
{"level":"info","message":{"ip":"::1","method":"GET","timestamp":"2025-07-13T15:08:09.932Z","url":"/api/institutes/profile"},"timestamp":"2025-07-13T15:08:09.933Z"}
{"level":"info","message":{"ip":"::1","method":"GET","timestamp":"2025-07-13T15:08:14.935Z","url":"/api/institutes/profile"},"timestamp":"2025-07-13T15:08:14.935Z"}
{"level":"info","message":{"ip":"::1","method":"GET","timestamp":"2025-07-13T15:08:20.937Z","url":"/api/institutes/profile"},"timestamp":"2025-07-13T15:08:20.937Z"}
{"level":"info","message":{"ip":"::1","method":"GET","timestamp":"2025-07-13T15:08:29.943Z","url":"/api/institutes/profile"},"timestamp":"2025-07-13T15:08:29.943Z"}
{"level":"info","message":{"ip":"::1","method":"GET","timestamp":"2025-07-13T15:09:08.939Z","url":"/api/institutes/profile"},"timestamp":"2025-07-13T15:09:08.939Z"}
{"level":"info","message":{"ip":"::1","method":"GET","timestamp":"2025-07-13T15:09:09.960Z","url":"/api/institutes/profile"},"timestamp":"2025-07-13T15:09:09.960Z"}
{"level":"info","message":{"ip":"::1","method":"GET","timestamp":"2025-07-13T15:09:15.940Z","url":"/api/institutes/profile"},"timestamp":"2025-07-13T15:09:15.940Z"}
{"level":"info","message":{"ip":"::1","method":"GET","timestamp":"2025-07-13T15:09:27.985Z","url":"/api/institutes/profile"},"timestamp":"2025-07-13T15:09:27.985Z"}
{"level":"info","message":{"ip":"::1","method":"GET","timestamp":"2025-07-13T15:09:33.941Z","url":"/api/institutes/profile"},"timestamp":"2025-07-13T15:09:33.941Z"}
{"level":"info","message":{"ip":"::1","method":"GET","timestamp":"2025-07-13T15:09:39.938Z","url":"/api/institutes/profile"},"timestamp":"2025-07-13T15:09:39.939Z"}
{"level":"info","message":{"ip":"::1","method":"GET","timestamp":"2025-07-13T15:09:50.958Z","url":"/api/institutes/profile"},"timestamp":"2025-07-13T15:09:50.958Z"}
{"level":"info","message":{"ip":"::1","method":"PATCH","timestamp":"2025-07-13T15:10:14.895Z","url":"/api/institutes/upload/image"},"timestamp":"2025-07-13T15:10:14.895Z"}
{"level":"info","message":{"ip":"::1","method":"PATCH","timestamp":"2025-07-13T15:10:29.279Z","url":"/api/institutes/me/media"},"timestamp":"2025-07-13T15:10:29.279Z"}
{"level":"info","message":{"ip":"::1","method":"GET","timestamp":"2025-07-13T15:10:45.996Z","url":"/api/institutes/profile"},"timestamp":"2025-07-13T15:10:45.996Z"}
{"level":"info","message":{"ip":"::1","method":"GET","timestamp":"2025-07-13T15:11:08.515Z","url":"/api/institutes/profile"},"timestamp":"2025-07-13T15:11:08.515Z"}
{"level":"info","message":{"ip":"::1","method":"GET","timestamp":"2025-07-13T15:11:08.545Z","url":"/api/students/profile"},"timestamp":"2025-07-13T15:11:08.545Z"}
{"level":"info","message":{"ip":"::1","method":"GET","timestamp":"2025-07-13T15:11:08.563Z","url":"/api/students/profile"},"timestamp":"2025-07-13T15:11:08.563Z"}
{"level":"info","message":{"ip":"::1","method":"GET","timestamp":"2025-07-13T15:11:13.553Z","url":"/api/institutes/profile"},"timestamp":"2025-07-13T15:11:13.553Z"}
{"level":"info","message":{"ip":"::1","method":"GET","timestamp":"2025-07-13T15:11:18.585Z","url":"/api/institutes/profile"},"timestamp":"2025-07-13T15:11:18.585Z"}
{"level":"info","message":{"ip":"::1","method":"GET","timestamp":"2025-07-13T15:15:19.766Z","url":"/api/institutes/profile"},"timestamp":"2025-07-13T15:15:19.766Z"}
{"level":"info","message":{"ip":"::1","method":"GET","timestamp":"2025-07-13T15:15:19.775Z","url":"/api/students/profile"},"timestamp":"2025-07-13T15:15:19.775Z"}
{"level":"info","message":{"ip":"::1","method":"GET","timestamp":"2025-07-13T15:15:19.800Z","url":"/api/students/profile"},"timestamp":"2025-07-13T15:15:19.800Z"}
{"level":"info","message":{"ip":"::1","method":"GET","timestamp":"2025-07-13T15:15:22.813Z","url":"/api/institutes/profile"},"timestamp":"2025-07-13T15:15:22.813Z"}
{"level":"info","message":{"ip":"::1","method":"GET","timestamp":"2025-07-13T15:15:23.060Z","url":"/api/institutes/profile"},"timestamp":"2025-07-13T15:15:23.060Z"}
{"level":"info","message":{"ip":"::1","method":"PATCH","timestamp":"2025-07-13T15:15:44.555Z","url":"/api/institutes/upload/image"},"timestamp":"2025-07-13T15:15:44.555Z"}
{"level":"info","message":{"ip":"::1","method":"PATCH","timestamp":"2025-07-13T15:15:52.204Z","url":"/api/institutes/me/media"},"timestamp":"2025-07-13T15:15:52.204Z"}
{"level":"info","message":{"ip":"::1","method":"GET","timestamp":"2025-07-13T15:17:17.735Z","url":"/api/institutes/profile"},"timestamp":"2025-07-13T15:17:17.735Z"}
{"level":"info","message":{"ip":"::1","method":"PATCH","timestamp":"2025-07-13T15:17:21.653Z","url":"/api/institutes/me/media"},"timestamp":"2025-07-13T15:17:21.653Z"}
{"level":"info","message":{"ip":"::1","method":"GET","timestamp":"2025-07-13T15:23:17.578Z","url":"/api/institutes/profile"},"timestamp":"2025-07-13T15:23:17.579Z"}
{"level":"info","message":{"ip":"::1","method":"PATCH","timestamp":"2025-07-13T15:23:26.347Z","url":"/api/institutes/me/media"},"timestamp":"2025-07-13T15:23:26.347Z"}
{"level":"info","message":{"ip":"::1","method":"PATCH","timestamp":"2025-07-13T15:29:45.683Z","url":"/api/institutes/me/social-media"},"timestamp":"2025-07-13T15:29:45.683Z"}
{"level":"info","message":{"ip":"::1","method":"GET","timestamp":"2025-07-13T15:38:15.965Z","url":"/api/institutes/profile"},"timestamp":"2025-07-13T15:38:15.965Z"}
{"level":"info","message":{"ip":"::1","method":"GET","timestamp":"2025-07-13T15:38:18.768Z","url":"/api/institutes/profile"},"timestamp":"2025-07-13T15:38:18.769Z"}
{"level":"info","message":{"ip":"::1","method":"GET","timestamp":"2025-07-13T15:39:20.943Z","url":"/api/institutes/profile"},"timestamp":"2025-07-13T15:39:20.943Z"}
{"level":"info","message":{"ip":"::1","method":"GET","timestamp":"2025-07-13T15:39:23.945Z","url":"/api/institutes/profile"},"timestamp":"2025-07-13T15:39:23.945Z"}
{"level":"info","message":{"ip":"::1","method":"PATCH","timestamp":"2025-07-13T15:41:53.549Z","url":"/api/institutes/me/social-media"},"timestamp":"2025-07-13T15:41:53.549Z"}
{"level":"info","message":{"ip":"::1","method":"GET","timestamp":"2025-07-13T15:42:06.883Z","url":"/api/institutes/profile"},"timestamp":"2025-07-13T15:42:06.883Z"}
{"level":"info","message":{"ip":"::1","method":"GET","timestamp":"2025-07-13T15:45:59.941Z","url":"/api/institutes/profile"},"timestamp":"2025-07-13T15:45:59.941Z"}
{"level":"info","message":{"ip":"::1","method":"GET","timestamp":"2025-07-13T15:46:02.547Z","url":"/api/institutes/profile"},"timestamp":"2025-07-13T15:46:02.548Z"}
{"level":"info","message":{"ip":"::1","method":"GET","timestamp":"2025-07-13T15:49:02.924Z","url":"/api/institutes/profile"},"timestamp":"2025-07-13T15:49:02.924Z"}
{"level":"info","message":{"ip":"::1","method":"GET","timestamp":"2025-07-13T15:49:04.924Z","url":"/api/institutes/profile"},"timestamp":"2025-07-13T15:49:04.924Z"}
{"level":"info","message":{"ip":"::1","method":"GET","timestamp":"2025-07-13T15:49:32.930Z","url":"/api/institutes/profile"},"timestamp":"2025-07-13T15:49:32.930Z"}
{"level":"info","message":{"ip":"::1","method":"GET","timestamp":"2025-07-13T15:49:34.931Z","url":"/api/institutes/profile"},"timestamp":"2025-07-13T15:49:34.931Z"}
{"level":"info","message":{"ip":"::1","method":"GET","timestamp":"2025-07-13T15:49:35.913Z","url":"/api/institutes/profile"},"timestamp":"2025-07-13T15:49:35.913Z"}
{"level":"info","message":{"ip":"::1","method":"GET","timestamp":"2025-07-13T15:49:37.925Z","url":"/api/institutes/profile"},"timestamp":"2025-07-13T15:49:37.925Z"}
{"level":"info","message":{"ip":"::1","method":"GET","timestamp":"2025-07-13T15:52:03.932Z","url":"/api/institutes/profile"},"timestamp":"2025-07-13T15:52:03.932Z"}
{"level":"info","message":{"ip":"::1","method":"GET","timestamp":"2025-07-13T15:52:06.925Z","url":"/api/institutes/profile"},"timestamp":"2025-07-13T15:52:06.925Z"}
{"level":"info","message":{"ip":"::1","method":"GET","timestamp":"2025-07-13T15:52:16.920Z","url":"/api/institutes/profile"},"timestamp":"2025-07-13T15:52:16.920Z"}
{"level":"info","message":{"ip":"::1","method":"GET","timestamp":"2025-07-13T15:52:19.926Z","url":"/api/institutes/profile"},"timestamp":"2025-07-13T15:52:19.927Z"}
{"level":"info","message":{"ip":"::1","method":"GET","timestamp":"2025-07-13T15:52:22.917Z","url":"/api/institutes/profile"},"timestamp":"2025-07-13T15:52:22.917Z"}
{"level":"info","message":{"ip":"::1","method":"GET","timestamp":"2025-07-13T15:52:25.920Z","url":"/api/institutes/profile"},"timestamp":"2025-07-13T15:52:25.920Z"}
{"level":"info","message":{"ip":"::1","method":"GET","timestamp":"2025-07-13T15:52:38.918Z","url":"/api/institutes/profile"},"timestamp":"2025-07-13T15:52:38.918Z"}
{"level":"info","message":{"ip":"::1","method":"GET","timestamp":"2025-07-13T15:52:45.915Z","url":"/api/institutes/profile"},"timestamp":"2025-07-13T15:52:45.915Z"}
{"level":"info","message":{"ip":"::1","method":"GET","timestamp":"2025-07-13T15:52:47.935Z","url":"/api/institutes/profile"},"timestamp":"2025-07-13T15:52:47.935Z"}
{"level":"info","message":{"ip":"::1","method":"GET","timestamp":"2025-07-13T15:52:49.914Z","url":"/api/institutes/profile"},"timestamp":"2025-07-13T15:52:49.914Z"}
{"level":"info","message":{"ip":"::1","method":"GET","timestamp":"2025-07-13T15:53:21.927Z","url":"/api/institutes/profile"},"timestamp":"2025-07-13T15:53:21.927Z"}
{"level":"info","message":{"ip":"::1","method":"GET","timestamp":"2025-07-13T15:53:27.915Z","url":"/api/institutes/profile"},"timestamp":"2025-07-13T15:53:27.915Z"}
{"level":"info","message":{"ip":"::1","method":"GET","timestamp":"2025-07-13T15:53:40.918Z","url":"/api/institutes/profile"},"timestamp":"2025-07-13T15:53:40.918Z"}
{"level":"info","message":{"ip":"::1","method":"PATCH","timestamp":"2025-07-13T15:54:52.802Z","url":"/api/institutes/me/social-media"},"timestamp":"2025-07-13T15:54:52.802Z"}
{"level":"info","message":{"ip":"::1","method":"GET","timestamp":"2025-07-13T15:54:57.907Z","url":"/api/institutes/profile"},"timestamp":"2025-07-13T15:54:57.907Z"}
{"level":"info","message":{"ip":"::1","method":"PATCH","timestamp":"2025-07-13T15:55:00.652Z","url":"/api/institutes/me/social-media"},"timestamp":"2025-07-13T15:55:00.652Z"}
{"level":"info","message":{"ip":"::1","method":"GET","timestamp":"2025-07-13T15:55:03.277Z","url":"/api/institutes/profile"},"timestamp":"2025-07-13T15:55:03.277Z"}
{"level":"info","message":{"ip":"::1","method":"GET","timestamp":"2025-07-13T15:55:16.918Z","url":"/api/institutes/profile"},"timestamp":"2025-07-13T15:55:16.918Z"}
{"level":"info","message":{"ip":"::1","method":"GET","timestamp":"2025-07-13T15:55:19.918Z","url":"/api/institutes/profile"},"timestamp":"2025-07-13T15:55:19.918Z"}
{"level":"info","message":{"ip":"::1","method":"GET","timestamp":"2025-07-13T15:55:20.919Z","url":"/api/institutes/profile"},"timestamp":"2025-07-13T15:55:20.919Z"}
{"level":"info","message":{"ip":"::1","method":"GET","timestamp":"2025-07-13T15:55:30.917Z","url":"/api/institutes/profile"},"timestamp":"2025-07-13T15:55:30.917Z"}
{"level":"info","message":{"ip":"::1","method":"GET","timestamp":"2025-07-13T15:55:35.919Z","url":"/api/institutes/profile"},"timestamp":"2025-07-13T15:55:35.919Z"}
{"level":"info","message":{"ip":"::1","method":"PATCH","timestamp":"2025-07-13T15:55:53.982Z","url":"/api/institutes/me/social-media"},"timestamp":"2025-07-13T15:55:53.982Z"}
{"level":"info","message":{"ip":"::1","method":"GET","timestamp":"2025-07-13T15:56:01.653Z","url":"/api/institutes/profile"},"timestamp":"2025-07-13T15:56:01.653Z"}
{"level":"info","message":{"ip":"::1","method":"GET","timestamp":"2025-07-13T16:58:54.020Z","url":"/api/institutes/profile"},"timestamp":"2025-07-13T16:58:54.021Z"}
{"level":"info","message":{"ip":"::1","method":"GET","timestamp":"2025-07-14T04:16:22.631Z","url":"/api/students/profile"},"timestamp":"2025-07-14T04:16:22.631Z"}
{"level":"info","message":{"ip":"::1","method":"GET","timestamp":"2025-07-14T04:16:22.658Z","url":"/api/students/profile"},"timestamp":"2025-07-14T04:16:22.658Z"}
{"level":"info","message":{"ip":"::1","method":"GET","timestamp":"2025-07-14T04:16:22.672Z","url":"/api/institutes/profile"},"timestamp":"2025-07-14T04:16:22.672Z"}
{"level":"info","message":{"ip":"::1","method":"GET","timestamp":"2025-07-14T04:16:25.563Z","url":"/api/institutes/profile"},"timestamp":"2025-07-14T04:16:25.563Z"}
{"level":"info","message":{"ip":"::1","method":"POST","timestamp":"2025-07-14T04:16:50.482Z","url":"/api/institutes/auth/login"},"timestamp":"2025-07-14T04:16:50.482Z"}
{"level":"info","message":{"ip":"::1","method":"GET","timestamp":"2025-07-14T04:16:51.681Z","url":"/api/students/profile"},"timestamp":"2025-07-14T04:16:51.681Z"}
{"level":"info","message":{"ip":"::1","method":"GET","timestamp":"2025-07-14T04:16:51.692Z","url":"/api/students/profile"},"timestamp":"2025-07-14T04:16:51.692Z"}
{"level":"info","message":{"ip":"::1","method":"GET","timestamp":"2025-07-14T04:16:51.734Z","url":"/api/institutes/profile"},"timestamp":"2025-07-14T04:16:51.734Z"}
{"level":"info","message":{"ip":"::1","method":"GET","timestamp":"2025-07-14T04:16:51.986Z","url":"/api/institutes/profile"},"timestamp":"2025-07-14T04:16:51.986Z"}
{"level":"info","message":{"ip":"::1","method":"POST","timestamp":"2025-07-14T04:19:15.997Z","url":"/api/students/auth/login"},"timestamp":"2025-07-14T04:19:15.997Z"}
{"level":"info","message":{"ip":"::1","method":"GET","timestamp":"2025-07-14T04:19:16.873Z","url":"/api/students/profile"},"timestamp":"2025-07-14T04:19:16.873Z"}
{"level":"info","message":{"ip":"::1","method":"GET","timestamp":"2025-07-14T04:24:11.620Z","url":"/api/students/profile"},"timestamp":"2025-07-14T04:24:11.620Z"}
{"level":"info","message":{"ip":"::1","method":"GET","timestamp":"2025-07-14T04:24:13.792Z","url":"/api/students/profile"},"timestamp":"2025-07-14T04:24:13.792Z"}
{"level":"info","message":{"ip":"::1","method":"GET","timestamp":"2025-07-14T04:24:16.947Z","url":"/api/students/profile"},"timestamp":"2025-07-14T04:24:16.947Z"}
{"level":"info","message":{"ip":"::1","method":"GET","timestamp":"2025-07-14T04:24:17.182Z","url":"/api/students/profile"},"timestamp":"2025-07-14T04:24:17.182Z"}
{"level":"info","message":{"ip":"::1","method":"GET","timestamp":"2025-07-14T04:24:25.850Z","url":"/api/students/profile"},"timestamp":"2025-07-14T04:24:25.850Z"}
{"level":"info","message":{"ip":"::1","method":"GET","timestamp":"2025-07-14T04:24:26.086Z","url":"/api/students/profile"},"timestamp":"2025-07-14T04:24:26.086Z"}
{"level":"info","message":{"ip":"::1","method":"POST","timestamp":"2025-07-14T04:30:48.021Z","url":"/api/students/logout"},"timestamp":"2025-07-14T04:30:48.021Z"}
{"level":"info","message":{"ip":"::1","method":"POST","timestamp":"2025-07-14T04:31:04.058Z","url":"/api/institutes/auth/login"},"timestamp":"2025-07-14T04:31:04.058Z"}
{"level":"info","message":{"ip":"::1","method":"GET","timestamp":"2025-07-14T04:31:04.723Z","url":"/api/students/profile"},"timestamp":"2025-07-14T04:31:04.723Z"}
{"level":"info","message":{"ip":"::1","method":"GET","timestamp":"2025-07-14T04:31:04.737Z","url":"/api/institutes/profile"},"timestamp":"2025-07-14T04:31:04.737Z"}
{"level":"info","message":{"ip":"::1","method":"POST","timestamp":"2025-07-14T04:36:15.775Z","url":"/api/institutes/logout"},"timestamp":"2025-07-14T04:36:15.775Z"}
{"level":"info","message":{"ip":"::1","method":"POST","timestamp":"2025-07-14T04:37:02.160Z","url":"/api/institutes/signup"},"timestamp":"2025-07-14T04:37:02.160Z"}
{"level":"info","message":{"ip":"::1","method":"POST","timestamp":"2025-07-14T04:37:11.459Z","url":"/api/institutes/signup"},"timestamp":"2025-07-14T04:37:11.459Z"}
{"level":"info","message":{"ip":"::1","method":"POST","timestamp":"2025-07-14T04:37:22.132Z","url":"/api/institutes/signup"},"timestamp":"2025-07-14T04:37:22.132Z"}
{"level":"info","message":{"ip":"::1","method":"POST","timestamp":"2025-07-14T04:39:26.711Z","url":"/api/institutes/signup"},"timestamp":"2025-07-14T04:39:26.711Z"}
{"level":"info","message":{"ip":"::1","method":"POST","timestamp":"2025-07-14T04:39:37.024Z","url":"/api/institutes/signup"},"timestamp":"2025-07-14T04:39:37.024Z"}
{"level":"info","message":{"ip":"::1","method":"GET","timestamp":"2025-07-14T04:39:40.644Z","url":"/api/students/profile"},"timestamp":"2025-07-14T04:39:40.644Z"}
{"level":"info","message":{"ip":"::1","method":"GET","timestamp":"2025-07-14T04:39:40.670Z","url":"/api/institutes/profile"},"timestamp":"2025-07-14T04:39:40.670Z"}
{"level":"info","message":{"ip":"::1","method":"GET","timestamp":"2025-07-14T04:40:01.219Z","url":"/api/institutes/profile"},"timestamp":"2025-07-14T04:40:01.219Z"}
{"level":"info","message":{"ip":"::1","method":"GET","timestamp":"2025-07-14T04:40:01.778Z","url":"/api/institutes/profile"},"timestamp":"2025-07-14T04:40:01.778Z"}
{"level":"info","message":{"ip":"::1","method":"POST","timestamp":"2025-07-14T04:41:14.510Z","url":"/api/institutes/signup"},"timestamp":"2025-07-14T04:41:14.510Z"}
{"level":"info","message":{"ip":"::1","method":"POST","timestamp":"2025-07-14T04:41:46.662Z","url":"/api/institutes/verify"},"timestamp":"2025-07-14T04:41:46.662Z"}
{"level":"info","message":{"ip":"::1","method":"POST","timestamp":"2025-07-14T04:41:52.227Z","url":"/api/institutes/resend-verification"},"timestamp":"2025-07-14T04:41:52.227Z"}
{"level":"info","message":{"ip":"::1","method":"POST","timestamp":"2025-07-14T04:42:23.932Z","url":"/api/institutes/verify"},"timestamp":"2025-07-14T04:42:23.932Z"}
{"level":"info","message":{"ip":"::1","method":"GET","timestamp":"2025-07-14T04:42:25.009Z","url":"/api/institutes/profile"},"timestamp":"2025-07-14T04:42:25.009Z"}
{"level":"info","message":{"ip":"::1","method":"POST","timestamp":"2025-07-14T04:43:14.737Z","url":"/api/institutes/auth/login"},"timestamp":"2025-07-14T04:43:14.737Z"}
{"level":"info","message":{"ip":"::1","method":"GET","timestamp":"2025-07-14T04:43:15.319Z","url":"/api/students/profile"},"timestamp":"2025-07-14T04:43:15.319Z"}
{"level":"info","message":{"ip":"::1","method":"GET","timestamp":"2025-07-14T04:43:15.343Z","url":"/api/institutes/profile"},"timestamp":"2025-07-14T04:43:15.343Z"}
{"level":"info","message":{"ip":"::1","method":"GET","timestamp":"2025-07-14T04:43:24.846Z","url":"/api/institutes/profile"},"timestamp":"2025-07-14T04:43:24.846Z"}
{"level":"info","message":{"ip":"::1","method":"GET","timestamp":"2025-07-14T04:43:24.850Z","url":"/api/students/profile"},"timestamp":"2025-07-14T04:43:24.850Z"}
{"level":"info","message":{"ip":"::1","method":"GET","timestamp":"2025-07-14T04:43:24.855Z","url":"/api/students/profile"},"timestamp":"2025-07-14T04:43:24.855Z"}
{"level":"info","message":{"ip":"::1","method":"GET","timestamp":"2025-07-14T04:43:25.080Z","url":"/api/institutes/profile"},"timestamp":"2025-07-14T04:43:25.080Z"}
{"level":"info","message":{"ip":"::1","method":"GET","timestamp":"2025-07-14T04:43:25.329Z","url":"/api/institutes/profile"},"timestamp":"2025-07-14T04:43:25.329Z"}
{"level":"info","message":{"ip":"::1","method":"PATCH","timestamp":"2025-07-14T04:43:30.855Z","url":"/api/institutes/me/basic-info"},"timestamp":"2025-07-14T04:43:30.855Z"}
{"level":"info","message":{"ip":"::1","method":"GET","timestamp":"2025-07-14T04:43:31.842Z","url":"/api/institutes/profile"},"timestamp":"2025-07-14T04:43:31.842Z"}
{"level":"info","message":{"ip":"::1","method":"PATCH","timestamp":"2025-07-14T04:43:35.273Z","url":"/api/institutes/me/contact"},"timestamp":"2025-07-14T04:43:35.273Z"}
{"level":"info","message":{"ip":"::1","method":"GET","timestamp":"2025-07-14T04:43:36.063Z","url":"/api/institutes/profile"},"timestamp":"2025-07-14T04:43:36.063Z"}
{"level":"info","message":{"ip":"::1","method":"PATCH","timestamp":"2025-07-14T04:43:39.133Z","url":"/api/institutes/me/courses"},"timestamp":"2025-07-14T04:43:39.133Z"}
{"level":"info","message":{"ip":"::1","method":"GET","timestamp":"2025-07-14T04:43:39.883Z","url":"/api/institutes/profile"},"timestamp":"2025-07-14T04:43:39.883Z"}
{"level":"info","message":{"ip":"::1","method":"PATCH","timestamp":"2025-07-14T04:43:43.934Z","url":"/api/institutes/me/faculties"},"timestamp":"2025-07-14T04:43:43.934Z"}
{"level":"info","message":{"ip":"::1","method":"GET","timestamp":"2025-07-14T04:43:44.699Z","url":"/api/institutes/profile"},"timestamp":"2025-07-14T04:43:44.699Z"}
{"level":"info","message":{"ip":"::1","method":"PATCH","timestamp":"2025-07-14T04:43:51.484Z","url":"/api/institutes/me/student-achievements"},"timestamp":"2025-07-14T04:43:51.484Z"}
{"level":"info","message":{"ip":"::1","method":"GET","timestamp":"2025-07-14T04:43:52.645Z","url":"/api/institutes/profile"},"timestamp":"2025-07-14T04:43:52.645Z"}
{"level":"info","message":{"ip":"::1","method":"PATCH","timestamp":"2025-07-14T04:43:56.845Z","url":"/api/institutes/me/institute-achievements"},"timestamp":"2025-07-14T04:43:56.845Z"}
{"level":"info","message":{"ip":"::1","method":"GET","timestamp":"2025-07-14T04:43:57.575Z","url":"/api/institutes/profile"},"timestamp":"2025-07-14T04:43:57.575Z"}
{"level":"info","message":{"ip":"::1","method":"PATCH","timestamp":"2025-07-14T04:44:01.162Z","url":"/api/institutes/me/facilities"},"timestamp":"2025-07-14T04:44:01.162Z"}
{"level":"info","message":{"ip":"::1","method":"GET","timestamp":"2025-07-14T04:44:01.893Z","url":"/api/institutes/profile"},"timestamp":"2025-07-14T04:44:01.893Z"}
{"level":"info","message":{"ip":"::1","method":"PATCH","timestamp":"2025-07-14T04:44:06.433Z","url":"/api/institutes/me/media"},"timestamp":"2025-07-14T04:44:06.433Z"}
{"level":"info","message":{"ip":"::1","method":"GET","timestamp":"2025-07-14T04:44:11.940Z","url":"/api/institutes/profile"},"timestamp":"2025-07-14T04:44:11.940Z"}
{"level":"info","message":{"ip":"::1","method":"PATCH","timestamp":"2025-07-14T04:44:20.038Z","url":"/api/institutes/me/social-media"},"timestamp":"2025-07-14T04:44:20.038Z"}
{"level":"info","message":{"ip":"::1","method":"GET","timestamp":"2025-07-14T04:48:31.958Z","url":"/api/students/profile"},"timestamp":"2025-07-14T04:48:31.958Z"}
{"level":"info","message":{"ip":"::1","method":"GET","timestamp":"2025-07-14T04:48:31.970Z","url":"/api/students/profile"},"timestamp":"2025-07-14T04:48:31.970Z"}
{"level":"info","message":{"ip":"::1","method":"GET","timestamp":"2025-07-14T04:48:31.996Z","url":"/api/institutes/profile"},"timestamp":"2025-07-14T04:48:31.996Z"}
{"level":"info","message":{"ip":"::1","method":"GET","timestamp":"2025-07-14T04:48:34.219Z","url":"/api/institutes/profile"},"timestamp":"2025-07-14T04:48:34.219Z"}
{"level":"info","message":{"ip":"::1","method":"POST","timestamp":"2025-07-14T04:48:57.562Z","url":"/api/institutes/auth/login"},"timestamp":"2025-07-14T04:48:57.562Z"}
{"level":"info","message":{"ip":"::1","method":"GET","timestamp":"2025-07-14T04:48:58.562Z","url":"/api/students/profile"},"timestamp":"2025-07-14T04:48:58.562Z"}
{"level":"info","message":{"ip":"::1","method":"GET","timestamp":"2025-07-14T04:48:58.580Z","url":"/api/institutes/profile"},"timestamp":"2025-07-14T04:48:58.580Z"}
{"level":"info","message":{"ip":"::1","method":"GET","timestamp":"2025-07-14T04:49:08.509Z","url":"/api/institutes/profile"},"timestamp":"2025-07-14T04:49:08.509Z"}
{"level":"info","message":{"ip":"::1","method":"GET","timestamp":"2025-07-14T04:49:08.513Z","url":"/api/students/profile"},"timestamp":"2025-07-14T04:49:08.513Z"}
{"level":"info","message":{"ip":"::1","method":"GET","timestamp":"2025-07-14T04:49:08.518Z","url":"/api/students/profile"},"timestamp":"2025-07-14T04:49:08.518Z"}
{"level":"info","message":{"ip":"::1","method":"GET","timestamp":"2025-07-14T04:49:08.741Z","url":"/api/institutes/profile"},"timestamp":"2025-07-14T04:49:08.741Z"}
{"level":"info","message":{"ip":"::1","method":"GET","timestamp":"2025-07-14T04:49:08.975Z","url":"/api/institutes/profile"},"timestamp":"2025-07-14T04:49:08.975Z"}
{"level":"info","message":{"ip":"::1","method":"GET","timestamp":"2025-07-14T04:49:20.886Z","url":"/api/institutes/profile"},"timestamp":"2025-07-14T04:49:20.887Z"}
{"level":"info","message":{"ip":"::1","method":"GET","timestamp":"2025-07-14T04:49:20.892Z","url":"/api/students/profile"},"timestamp":"2025-07-14T04:49:20.892Z"}
{"level":"info","message":{"ip":"::1","method":"GET","timestamp":"2025-07-14T04:49:20.903Z","url":"/api/students/profile"},"timestamp":"2025-07-14T04:49:20.903Z"}
{"level":"info","message":{"ip":"::1","method":"GET","timestamp":"2025-07-14T04:49:21.346Z","url":"/api/institutes/profile"},"timestamp":"2025-07-14T04:49:21.346Z"}
{"level":"info","message":{"ip":"::1","method":"GET","timestamp":"2025-07-14T04:49:21.582Z","url":"/api/institutes/profile"},"timestamp":"2025-07-14T04:49:21.582Z"}
{"level":"info","message":{"ip":"::1","method":"PATCH","timestamp":"2025-07-14T04:49:25.624Z","url":"/api/institutes/me/social-media"},"timestamp":"2025-07-14T04:49:25.624Z"}
{"level":"info","message":{"ip":"::1","method":"GET","timestamp":"2025-07-14T05:05:11.028Z","url":"/api/students/profile"},"timestamp":"2025-07-14T05:05:11.028Z"}
{"level":"info","message":{"ip":"::1","method":"GET","timestamp":"2025-07-14T05:05:11.045Z","url":"/api/students/profile"},"timestamp":"2025-07-14T05:05:11.045Z"}
{"level":"info","message":{"ip":"::1","method":"GET","timestamp":"2025-07-14T05:05:11.065Z","url":"/api/institutes/profile"},"timestamp":"2025-07-14T05:05:11.065Z"}
{"level":"info","message":{"ip":"::1","method":"GET","timestamp":"2025-07-14T05:05:15.355Z","url":"/api/institutes/profile"},"timestamp":"2025-07-14T05:05:15.355Z"}
{"level":"info","message":{"ip":"::1","method":"POST","timestamp":"2025-07-14T05:05:21.907Z","url":"/api/institutes/auth/login"},"timestamp":"2025-07-14T05:05:21.907Z"}
{"level":"info","message":{"ip":"::1","method":"GET","timestamp":"2025-07-14T05:05:22.877Z","url":"/api/students/profile"},"timestamp":"2025-07-14T05:05:22.877Z"}
{"level":"info","message":{"ip":"::1","method":"GET","timestamp":"2025-07-14T05:05:22.893Z","url":"/api/institutes/profile"},"timestamp":"2025-07-14T05:05:22.893Z"}
{"level":"info","message":{"ip":"::1","method":"GET","timestamp":"2025-07-14T05:05:32.058Z","url":"/api/institutes/profile"},"timestamp":"2025-07-14T05:05:32.058Z"}
{"level":"info","message":{"ip":"::1","method":"GET","timestamp":"2025-07-14T05:05:32.062Z","url":"/api/students/profile"},"timestamp":"2025-07-14T05:05:32.062Z"}
{"level":"info","message":{"ip":"::1","method":"GET","timestamp":"2025-07-14T05:05:32.068Z","url":"/api/students/profile"},"timestamp":"2025-07-14T05:05:32.068Z"}
{"level":"info","message":{"ip":"::1","method":"GET","timestamp":"2025-07-14T05:05:33.207Z","url":"/api/institutes/profile"},"timestamp":"2025-07-14T05:05:33.207Z"}
{"level":"info","message":{"ip":"::1","method":"GET","timestamp":"2025-07-14T05:05:33.493Z","url":"/api/institutes/profile"},"timestamp":"2025-07-14T05:05:33.493Z"}
{"level":"info","message":{"ip":"::1","method":"GET","timestamp":"2025-07-14T05:05:34.377Z","url":"/api/institutes/profile"},"timestamp":"2025-07-14T05:05:34.377Z"}
{"level":"info","message":{"ip":"::1","method":"GET","timestamp":"2025-07-14T05:05:34.384Z","url":"/api/students/profile"},"timestamp":"2025-07-14T05:05:34.384Z"}
{"level":"info","message":{"ip":"::1","method":"GET","timestamp":"2025-07-14T05:05:34.393Z","url":"/api/students/profile"},"timestamp":"2025-07-14T05:05:34.393Z"}
{"level":"info","message":{"ip":"::1","method":"GET","timestamp":"2025-07-14T05:05:34.656Z","url":"/api/institutes/profile"},"timestamp":"2025-07-14T05:05:34.656Z"}
{"level":"info","message":{"ip":"::1","method":"GET","timestamp":"2025-07-14T05:05:34.937Z","url":"/api/institutes/profile"},"timestamp":"2025-07-14T05:05:34.937Z"}
{"level":"info","message":{"ip":"::1","method":"PATCH","timestamp":"2025-07-14T05:05:37.958Z","url":"/api/institutes/me/social-media"},"timestamp":"2025-07-14T05:05:37.958Z"}
{"level":"info","message":{"ip":"::1","method":"POST","timestamp":"2025-07-14T05:09:56.016Z","url":"/api/students/signup"},"timestamp":"2025-07-14T05:09:56.016Z"}
{"level":"info","message":{"ip":"::1","method":"GET","timestamp":"2025-07-14T05:10:34.882Z","url":"/api/students/profile"},"timestamp":"2025-07-14T05:10:34.882Z"}
{"level":"info","message":{"ip":"::1","method":"GET","timestamp":"2025-07-14T05:10:39.941Z","url":"/api/institutes/profile"},"timestamp":"2025-07-14T05:10:39.941Z"}
{"level":"info","message":{"ip":"::1","method":"GET","timestamp":"2025-07-14T05:11:53.310Z","url":"/api/students/profile"},"timestamp":"2025-07-14T05:11:53.310Z"}
{"level":"info","message":{"ip":"::1","method":"GET","timestamp":"2025-07-14T05:11:58.338Z","url":"/api/students/profile"},"timestamp":"2025-07-14T05:11:58.338Z"}
{"level":"info","message":{"ip":"::1","method":"GET","timestamp":"2025-07-14T05:11:58.347Z","url":"/api/institutes/profile"},"timestamp":"2025-07-14T05:11:58.347Z"}
{"level":"info","message":{"ip":"::1","method":"POST","timestamp":"2025-07-14T05:12:29.472Z","url":"/api/students/signup"},"timestamp":"2025-07-14T05:12:29.472Z"}
{"level":"info","message":{"ip":"::1","method":"GET","timestamp":"2025-07-14T05:12:36.354Z","url":"/api/students/profile"},"timestamp":"2025-07-14T05:12:36.354Z"}
{"level":"info","message":{"ip":"::1","method":"GET","timestamp":"2025-07-14T05:31:52.372Z","url":"/api/students/profile"},"timestamp":"2025-07-14T05:31:52.373Z"}
{"level":"info","message":{"ip":"::1","method":"GET","timestamp":"2025-07-14T05:31:55.714Z","url":"/api/students/profile"},"timestamp":"2025-07-14T05:31:55.715Z"}
{"level":"info","message":{"ip":"::1","method":"POST","timestamp":"2025-07-14T05:32:26.420Z","url":"/api/students/signup"},"timestamp":"2025-07-14T05:32:26.420Z"}
{"level":"info","message":{"ip":"::1","method":"GET","timestamp":"2025-07-14T05:32:33.825Z","url":"/api/students/profile"},"timestamp":"2025-07-14T05:32:33.825Z"}
{"level":"info","message":{"ip":"::1","method":"GET","timestamp":"2025-07-14T05:39:06.499Z","url":"/api/students/profile"},"timestamp":"2025-07-14T05:39:06.500Z"}
{"level":"info","message":{"ip":"::1","method":"GET","timestamp":"2025-07-14T05:39:09.615Z","url":"/api/students/profile"},"timestamp":"2025-07-14T05:39:09.615Z"}
{"level":"info","message":{"ip":"::1","method":"GET","timestamp":"2025-07-14T05:39:15.972Z","url":"/api/students/profile"},"timestamp":"2025-07-14T05:39:15.972Z"}
{"level":"info","message":{"ip":"::1","method":"GET","timestamp":"2025-07-14T05:39:16.227Z","url":"/api/students/profile"},"timestamp":"2025-07-14T05:39:16.227Z"}
{"level":"info","message":{"ip":"::1","method":"POST","timestamp":"2025-07-14T05:39:46.074Z","url":"/api/students/signup"},"timestamp":"2025-07-14T05:39:46.074Z"}
{"level":"info","message":{"ip":"::1","method":"GET","timestamp":"2025-07-14T05:39:51.476Z","url":"/api/students/profile"},"timestamp":"2025-07-14T05:39:51.476Z"}
{"level":"info","message":{"ip":"::1","method":"POST","timestamp":"2025-07-14T05:40:11.505Z","url":"/api/students/verify"},"timestamp":"2025-07-14T05:40:11.506Z"}
{"level":"info","message":{"ip":"::1","method":"POST","timestamp":"2025-07-14T05:40:32.490Z","url":"/api/students/verify"},"timestamp":"2025-07-14T05:40:32.490Z"}
{"level":"info","message":{"ip":"::1","method":"GET","timestamp":"2025-07-14T05:42:10.296Z","url":"/api/students/profile"},"timestamp":"2025-07-14T05:42:10.296Z"}
{"level":"info","message":{"ip":"::1","method":"GET","timestamp":"2025-07-14T05:42:10.832Z","url":"/api/students/profile"},"timestamp":"2025-07-14T05:42:10.832Z"}
{"level":"info","message":{"ip":"::1","method":"GET","timestamp":"2025-07-14T05:42:16.856Z","url":"/api/students/profile"},"timestamp":"2025-07-14T05:42:16.856Z"}
{"level":"info","message":{"ip":"::1","method":"GET","timestamp":"2025-07-14T05:42:17.231Z","url":"/api/students/profile"},"timestamp":"2025-07-14T05:42:17.231Z"}
{"level":"info","message":{"ip":"::1","method":"GET","timestamp":"2025-07-14T05:42:19.794Z","url":"/api/students/profile"},"timestamp":"2025-07-14T05:42:19.794Z"}
{"level":"info","message":{"ip":"::1","method":"GET","timestamp":"2025-07-14T05:42:20.133Z","url":"/api/students/profile"},"timestamp":"2025-07-14T05:42:20.133Z"}
{"level":"info","message":{"ip":"::1","method":"GET","timestamp":"2025-07-14T05:42:26.066Z","url":"/api/students/profile"},"timestamp":"2025-07-14T05:42:26.066Z"}
{"level":"info","message":{"ip":"::1","method":"GET","timestamp":"2025-07-14T05:42:26.682Z","url":"/api/students/profile"},"timestamp":"2025-07-14T05:42:26.682Z"}
{"level":"info","message":{"ip":"::1","method":"GET","timestamp":"2025-07-14T05:42:28.990Z","url":"/api/students/profile"},"timestamp":"2025-07-14T05:42:28.990Z"}
{"level":"info","message":{"ip":"::1","method":"POST","timestamp":"2025-07-14T05:42:34.228Z","url":"/api/students/logout"},"timestamp":"2025-07-14T05:42:34.228Z"}
{"level":"info","message":{"ip":"::1","method":"POST","timestamp":"2025-07-14T05:43:09.462Z","url":"/api/students/signup"},"timestamp":"2025-07-14T05:43:09.462Z"}
{"level":"info","message":{"ip":"::1","method":"GET","timestamp":"2025-07-14T05:43:13.980Z","url":"/api/students/profile"},"timestamp":"2025-07-14T05:43:13.980Z"}
{"level":"info","message":{"ip":"::1","method":"GET","timestamp":"2025-07-14T05:43:29.457Z","url":"/api/students/profile"},"timestamp":"2025-07-14T05:43:29.457Z"}
{"level":"info","message":{"ip":"::1","method":"GET","timestamp":"2025-07-14T05:43:30.027Z","url":"/api/students/profile"},"timestamp":"2025-07-14T05:43:30.027Z"}
{"level":"info","message":{"ip":"::1","method":"GET","timestamp":"2025-07-14T05:43:35.875Z","url":"/api/students/profile"},"timestamp":"2025-07-14T05:43:35.875Z"}
{"level":"info","message":{"ip":"::1","method":"GET","timestamp":"2025-07-14T05:43:36.246Z","url":"/api/students/profile"},"timestamp":"2025-07-14T05:43:36.246Z"}
{"level":"info","message":{"ip":"::1","method":"GET","timestamp":"2025-07-14T05:44:35.426Z","url":"/api/students/profile"},"timestamp":"2025-07-14T05:44:35.426Z"}
{"level":"info","message":{"ip":"::1","method":"GET","timestamp":"2025-07-14T05:44:38.086Z","url":"/api/students/profile"},"timestamp":"2025-07-14T05:44:38.086Z"}
{"level":"info","message":{"ip":"::1","method":"POST","timestamp":"2025-07-14T05:45:42.389Z","url":"/api/students/signup"},"timestamp":"2025-07-14T05:45:42.389Z"}
{"level":"info","message":{"ip":"::1","method":"POST","timestamp":"2025-07-14T05:46:24.358Z","url":"/api/students/signup"},"timestamp":"2025-07-14T05:46:24.358Z"}
{"level":"info","message":{"ip":"::1","method":"GET","timestamp":"2025-07-14T05:46:28.698Z","url":"/api/students/profile"},"timestamp":"2025-07-14T05:46:28.698Z"}
{"level":"info","message":{"ip":"::1","method":"POST","timestamp":"2025-07-14T05:46:43.487Z","url":"/api/students/verify"},"timestamp":"2025-07-14T05:46:43.487Z"}
{"level":"info","message":{"ip":"::1","method":"GET","timestamp":"2025-07-14T09:03:35.043Z","url":"/api/students/profile"},"timestamp":"2025-07-14T09:03:35.051Z"}
{"level":"info","message":{"ip":"::1","method":"GET","timestamp":"2025-07-14T09:03:38.149Z","url":"/api/students/profile"},"timestamp":"2025-07-14T09:03:38.149Z"}
{"level":"info","message":{"ip":"::1","method":"GET","timestamp":"2025-07-14T09:03:38.158Z","url":"/api/institutes/profile"},"timestamp":"2025-07-14T09:03:38.158Z"}
{"level":"info","message":{"ip":"::1","method":"POST","timestamp":"2025-07-14T09:04:18.783Z","url":"/api/students/signup"},"timestamp":"2025-07-14T09:04:18.783Z"}
{"level":"info","message":{"ip":"::1","method":"GET","timestamp":"2025-07-14T09:04:25.586Z","url":"/api/students/profile"},"timestamp":"2025-07-14T09:04:25.586Z"}
{"level":"info","message":{"ip":"::1","method":"POST","timestamp":"2025-07-14T09:04:38.058Z","url":"/api/students/verify"},"timestamp":"2025-07-14T09:04:38.058Z"}
{"level":"info","message":{"ip":"::1","method":"GET","timestamp":"2025-07-14T09:06:45.122Z","url":"/api/students/profile"},"timestamp":"2025-07-14T09:06:45.122Z"}
{"level":"info","message":{"ip":"::1","method":"GET","timestamp":"2025-07-14T09:06:46.152Z","url":"/api/students/profile"},"timestamp":"2025-07-14T09:06:46.152Z"}
{"level":"info","message":{"ip":"::1","method":"GET","timestamp":"2025-07-14T09:07:47.436Z","url":"/api/students/profile"},"timestamp":"2025-07-14T09:07:47.436Z"}
{"level":"info","message":{"ip":"::1","method":"GET","timestamp":"2025-07-14T09:07:51.238Z","url":"/api/students/profile"},"timestamp":"2025-07-14T09:07:51.238Z"}
{"level":"info","message":{"ip":"::1","method":"GET","timestamp":"2025-07-14T09:07:51.507Z","url":"/api/students/profile"},"timestamp":"2025-07-14T09:07:51.507Z"}
{"level":"info","message":{"ip":"::1","method":"GET","timestamp":"2025-07-14T09:07:51.615Z","url":"/api/students/profile"},"timestamp":"2025-07-14T09:07:51.615Z"}
{"level":"info","message":{"ip":"::1","method":"GET","timestamp":"2025-07-14T09:22:51.583Z","url":"/api/students/profile"},"timestamp":"2025-07-14T09:22:51.584Z"}
{"level":"info","message":{"ip":"::1","method":"GET","timestamp":"2025-07-14T09:22:56.251Z","url":"/api/students/profile"},"timestamp":"2025-07-14T09:22:56.251Z"}
{"level":"info","message":{"ip":"::1","method":"GET","timestamp":"2025-07-14T09:22:56.564Z","url":"/api/students/profile"},"timestamp":"2025-07-14T09:22:56.564Z"}
{"level":"info","message":{"ip":"::1","method":"GET","timestamp":"2025-07-14T09:22:58.658Z","url":"/api/students/profile"},"timestamp":"2025-07-14T09:22:58.658Z"}
{"level":"info","message":{"ip":"::1","method":"GET","timestamp":"2025-07-14T09:22:58.922Z","url":"/api/students/profile"},"timestamp":"2025-07-14T09:22:58.922Z"}
{"level":"info","message":{"ip":"::1","method":"GET","timestamp":"2025-07-14T09:23:01.117Z","url":"/api/students/profile"},"timestamp":"2025-07-14T09:23:01.118Z"}
{"level":"info","message":{"ip":"::1","method":"GET","timestamp":"2025-07-14T09:23:01.521Z","url":"/api/students/profile"},"timestamp":"2025-07-14T09:23:01.521Z"}
{"level":"info","message":{"ip":"::1","method":"GET","timestamp":"2025-07-14T09:26:30.485Z","url":"/api/students/profile"},"timestamp":"2025-07-14T09:26:30.485Z"}
{"level":"info","message":{"ip":"::1","method":"GET","timestamp":"2025-07-14T09:26:31.036Z","url":"/api/students/profile"},"timestamp":"2025-07-14T09:26:31.036Z"}
{"level":"info","message":{"ip":"::1","method":"GET","timestamp":"2025-07-14T09:28:03.507Z","url":"/api/students/profile"},"timestamp":"2025-07-14T09:28:03.508Z"}
{"level":"info","message":{"ip":"::1","method":"POST","timestamp":"2025-07-14T09:28:53.260Z","url":"/api/students/logout"},"timestamp":"2025-07-14T09:28:53.260Z"}
{"level":"info","message":{"ip":"::1","method":"GET","timestamp":"2025-07-14T09:28:57.206Z","url":"/api/students/profile"},"timestamp":"2025-07-14T09:28:57.206Z"}
{"level":"info","message":{"ip":"::1","method":"GET","timestamp":"2025-07-14T09:28:57.218Z","url":"/api/students/profile"},"timestamp":"2025-07-14T09:28:57.218Z"}
{"level":"info","message":{"ip":"::1","method":"GET","timestamp":"2025-07-14T09:28:57.258Z","url":"/api/institutes/profile"},"timestamp":"2025-07-14T09:28:57.258Z"}
{"level":"info","message":{"ip":"::1","method":"GET","timestamp":"2025-07-14T09:28:57.272Z","url":"/api/institutes/profile"},"timestamp":"2025-07-14T09:28:57.272Z"}
{"level":"info","message":{"ip":"::1","method":"POST","timestamp":"2025-07-14T09:29:33.184Z","url":"/api/students/signup"},"timestamp":"2025-07-14T09:29:33.184Z"}
{"level":"info","message":{"ip":"::1","method":"GET","timestamp":"2025-07-14T09:29:41.543Z","url":"/api/students/profile"},"timestamp":"2025-07-14T09:29:41.543Z"}
{"level":"info","message":{"ip":"::1","method":"GET","timestamp":"2025-07-14T09:30:28.852Z","url":"/api/students/profile"},"timestamp":"2025-07-14T09:30:28.852Z"}
{"level":"info","message":{"ip":"::1","method":"GET","timestamp":"2025-07-14T09:30:29.426Z","url":"/api/students/profile"},"timestamp":"2025-07-14T09:30:29.426Z"}
{"level":"info","message":{"ip":"::1","method":"GET","timestamp":"2025-07-14T09:31:00.575Z","url":"/api/students/profile"},"timestamp":"2025-07-14T09:31:00.576Z"}
{"level":"info","message":{"ip":"::1","method":"GET","timestamp":"2025-07-14T09:50:34.804Z","url":"/api/students/profile"},"timestamp":"2025-07-14T09:50:34.809Z"}
{"level":"info","message":{"ip":"::1","method":"GET","timestamp":"2025-07-14T09:50:37.811Z","url":"/api/students/profile"},"timestamp":"2025-07-14T09:50:37.811Z"}
{"level":"info","message":{"ip":"::1","method":"GET","timestamp":"2025-07-14T10:01:09.548Z","url":"/api/students/profile"},"timestamp":"2025-07-14T10:01:09.549Z"}
{"level":"info","message":{"ip":"::1","method":"GET","timestamp":"2025-07-14T10:01:11.920Z","url":"/api/students/profile"},"timestamp":"2025-07-14T10:01:11.920Z"}
{"level":"info","message":{"ip":"::1","method":"POST","timestamp":"2025-07-14T10:01:47.451Z","url":"/api/students/signup"},"timestamp":"2025-07-14T10:01:47.451Z"}
{"level":"info","message":{"ip":"::1","method":"GET","timestamp":"2025-07-14T10:01:54.073Z","url":"/api/students/profile"},"timestamp":"2025-07-14T10:01:54.073Z"}
{"level":"info","message":{"ip":"::1","method":"GET","timestamp":"2025-07-14T10:11:34.827Z","url":"/api/students/profile"},"timestamp":"2025-07-14T10:11:34.828Z"}
{"level":"info","message":{"ip":"::1","method":"GET","timestamp":"2025-07-14T10:11:38.033Z","url":"/api/students/profile"},"timestamp":"2025-07-14T10:11:38.033Z"}
{"level":"info","message":{"ip":"::1","method":"POST","timestamp":"2025-07-14T10:12:10.614Z","url":"/api/students/signup"},"timestamp":"2025-07-14T10:12:10.614Z"}
{"level":"info","message":{"ip":"::1","method":"GET","timestamp":"2025-07-14T10:12:18.337Z","url":"/api/students/profile"},"timestamp":"2025-07-14T10:12:18.337Z"}
{"level":"info","message":{"ip":"::1","method":"GET","timestamp":"2025-07-14T10:21:44.709Z","url":"/api/students/profile"},"timestamp":"2025-07-14T10:21:44.710Z"}
{"level":"info","message":{"ip":"::1","method":"GET","timestamp":"2025-07-14T10:21:48.260Z","url":"/api/students/profile"},"timestamp":"2025-07-14T10:21:48.261Z"}
{"level":"info","message":{"ip":"::1","method":"POST","timestamp":"2025-07-14T10:22:16.798Z","url":"/api/students/signup"},"timestamp":"2025-07-14T10:22:16.798Z"}
{"level":"info","message":{"ip":"::1","method":"GET","timestamp":"2025-07-14T10:22:24.041Z","url":"/api/students/profile"},"timestamp":"2025-07-14T10:22:24.041Z"}
{"level":"info","message":{"ip":"::1","method":"POST","timestamp":"2025-07-14T10:22:45.072Z","url":"/api/students/verify"},"timestamp":"2025-07-14T10:22:45.072Z"}
{"level":"info","message":{"ip":"::1","method":"GET","timestamp":"2025-07-14T10:22:46.061Z","url":"/api/students/profile"},"timestamp":"2025-07-14T10:22:46.061Z"}
{"level":"info","message":{"ip":"::1","method":"POST","timestamp":"2025-07-14T10:27:59.839Z","url":"/api/students/signup"},"timestamp":"2025-07-14T10:27:59.839Z"}
{"level":"info","message":{"ip":"::1","method":"GET","timestamp":"2025-07-14T10:28:11.116Z","url":"/api/students/profile"},"timestamp":"2025-07-14T10:28:11.116Z"}
{"level":"info","message":{"ip":"::1","method":"GET","timestamp":"2025-07-14T10:29:08.112Z","url":"/api/students/profile"},"timestamp":"2025-07-14T10:29:08.112Z"}
{"level":"info","message":{"ip":"::1","method":"GET","timestamp":"2025-07-14T10:29:08.686Z","url":"/api/students/profile"},"timestamp":"2025-07-14T10:29:08.686Z"}
{"level":"info","message":{"ip":"::1","method":"GET","timestamp":"2025-07-14T10:29:20.440Z","url":"/api/students/profile"},"timestamp":"2025-07-14T10:29:20.440Z"}
{"level":"info","message":{"ip":"::1","method":"GET","timestamp":"2025-07-14T10:29:44.941Z","url":"/api/students/profile"},"timestamp":"2025-07-14T10:29:44.941Z"}
{"level":"info","message":{"ip":"::1","method":"GET","timestamp":"2025-07-14T10:29:45.535Z","url":"/api/students/profile"},"timestamp":"2025-07-14T10:29:45.535Z"}
{"level":"info","message":{"ip":"::1","method":"GET","timestamp":"2025-07-14T10:29:45.629Z","url":"/api/students/profile"},"timestamp":"2025-07-14T10:29:45.629Z"}
{"level":"info","message":{"ip":"::1","method":"POST","timestamp":"2025-07-14T10:29:54.498Z","url":"/api/students/logout"},"timestamp":"2025-07-14T10:29:54.498Z"}
{"level":"info","message":{"ip":"::1","method":"POST","timestamp":"2025-07-14T10:30:22.205Z","url":"/api/students/signup"},"timestamp":"2025-07-14T10:30:22.205Z"}
{"level":"info","message":{"ip":"::1","method":"GET","timestamp":"2025-07-14T10:30:28.892Z","url":"/api/students/profile"},"timestamp":"2025-07-14T10:30:28.892Z"}
{"level":"info","message":{"ip":"::1","method":"GET","timestamp":"2025-07-14T12:56:44.513Z","url":"/api/students/profile"},"timestamp":"2025-07-14T12:56:44.514Z"}
{"level":"info","message":{"ip":"::1","method":"GET","timestamp":"2025-07-14T12:56:46.711Z","url":"/api/students/profile"},"timestamp":"2025-07-14T12:56:46.711Z"}
{"level":"info","message":{"ip":"::1","method":"GET","timestamp":"2025-07-14T12:56:49.723Z","url":"/api/students/profile"},"timestamp":"2025-07-14T12:56:49.723Z"}
{"level":"info","message":{"ip":"::1","method":"GET","timestamp":"2025-07-14T12:56:49.729Z","url":"/api/institutes/profile"},"timestamp":"2025-07-14T12:56:49.729Z"}
{"level":"info","message":{"ip":"::1","method":"POST","timestamp":"2025-07-14T12:57:09.904Z","url":"/api/students/signup"},"timestamp":"2025-07-14T12:57:09.904Z"}
{"level":"info","message":{"ip":"::1","method":"GET","timestamp":"2025-07-14T12:57:18.239Z","url":"/api/students/profile"},"timestamp":"2025-07-14T12:57:18.239Z"}
{"level":"info","message":{"ip":"::1","method":"POST","timestamp":"2025-07-14T12:57:31.524Z","url":"/api/students/verify"},"timestamp":"2025-07-14T12:57:31.524Z"}
{"level":"info","message":{"ip":"::1","method":"GET","timestamp":"2025-07-14T12:57:32.649Z","url":"/api/students/profile"},"timestamp":"2025-07-14T12:57:32.649Z"}
{"level":"info","message":{"ip":"::1","method":"POST","timestamp":"2025-07-14T12:58:36.741Z","url":"/api/students/signup"},"timestamp":"2025-07-14T12:58:36.741Z"}
{"level":"info","message":{"ip":"::1","method":"GET","timestamp":"2025-07-14T12:58:43.196Z","url":"/api/students/profile"},"timestamp":"2025-07-14T12:58:43.197Z"}
{"level":"info","message":{"ip":"::1","method":"POST","timestamp":"2025-07-14T12:58:55.487Z","url":"/api/students/verify"},"timestamp":"2025-07-14T12:58:55.487Z"}
{"level":"info","message":{"ip":"::1","method":"GET","timestamp":"2025-07-14T12:58:56.306Z","url":"/api/students/profile"},"timestamp":"2025-07-14T12:58:56.306Z"}
{"level":"info","message":{"ip":"::1","method":"POST","timestamp":"2025-07-14T13:03:44.298Z","url":"/api/students/signup"},"timestamp":"2025-07-14T13:03:44.298Z"}
{"level":"info","message":{"ip":"::1","method":"GET","timestamp":"2025-07-14T13:03:54.766Z","url":"/api/students/profile"},"timestamp":"2025-07-14T13:03:54.766Z"}
{"level":"info","message":{"ip":"::1","method":"POST","timestamp":"2025-07-14T13:03:59.971Z","url":"/api/students/verify"},"timestamp":"2025-07-14T13:03:59.971Z"}
{"level":"info","message":{"ip":"::1","method":"GET","timestamp":"2025-07-14T13:04:00.748Z","url":"/api/students/profile"},"timestamp":"2025-07-14T13:04:00.748Z"}
{"level":"info","message":{"ip":"::1","method":"GET","timestamp":"2025-07-14T13:04:08.709Z","url":"/api/students/profile"},"timestamp":"2025-07-14T13:04:08.709Z"}
{"level":"info","message":{"ip":"::1","method":"GET","timestamp":"2025-07-14T13:04:09.245Z","url":"/api/students/profile"},"timestamp":"2025-07-14T13:04:09.245Z"}
{"level":"info","message":{"ip":"::1","method":"POST","timestamp":"2025-07-14T13:05:26.316Z","url":"/api/students/logout"},"timestamp":"2025-07-14T13:05:26.316Z"}
{"level":"info","message":{"ip":"::1","method":"POST","timestamp":"2025-07-14T13:05:48.070Z","url":"/api/institutes/auth/login"},"timestamp":"2025-07-14T13:05:48.070Z"}
{"level":"info","message":{"ip":"::1","method":"GET","timestamp":"2025-07-14T13:05:49.291Z","url":"/api/students/profile"},"timestamp":"2025-07-14T13:05:49.291Z"}
{"level":"info","message":{"ip":"::1","method":"GET","timestamp":"2025-07-14T13:05:49.312Z","url":"/api/institutes/profile"},"timestamp":"2025-07-14T13:05:49.312Z"}
{"level":"info","message":{"ip":"::1","method":"GET","timestamp":"2025-07-14T13:06:11.386Z","url":"/api/institutes/profile"},"timestamp":"2025-07-14T13:06:11.386Z"}
{"level":"info","message":{"ip":"::1","method":"GET","timestamp":"2025-07-14T13:06:11.392Z","url":"/api/students/profile"},"timestamp":"2025-07-14T13:06:11.392Z"}
{"level":"info","message":{"ip":"::1","method":"GET","timestamp":"2025-07-14T13:06:11.397Z","url":"/api/students/profile"},"timestamp":"2025-07-14T13:06:11.397Z"}
{"level":"info","message":{"ip":"::1","method":"GET","timestamp":"2025-07-14T13:06:12.483Z","url":"/api/institutes/profile"},"timestamp":"2025-07-14T13:06:12.483Z"}
{"level":"info","message":{"ip":"::1","method":"GET","timestamp":"2025-07-14T13:06:12.761Z","url":"/api/institutes/profile"},"timestamp":"2025-07-14T13:06:12.761Z"}
{"level":"info","message":{"ip":"::1","method":"GET","timestamp":"2025-07-14T13:06:19.387Z","url":"/api/institutes/profile"},"timestamp":"2025-07-14T13:06:19.387Z"}
{"level":"info","message":{"ip":"::1","method":"GET","timestamp":"2025-07-14T13:06:19.392Z","url":"/api/students/profile"},"timestamp":"2025-07-14T13:06:19.393Z"}
{"level":"info","message":{"ip":"::1","method":"GET","timestamp":"2025-07-14T13:06:19.403Z","url":"/api/students/profile"},"timestamp":"2025-07-14T13:06:19.403Z"}
{"level":"info","message":{"ip":"::1","method":"GET","timestamp":"2025-07-14T13:06:19.631Z","url":"/api/institutes/profile"},"timestamp":"2025-07-14T13:06:19.631Z"}
{"level":"info","message":{"ip":"::1","method":"GET","timestamp":"2025-07-14T13:06:19.873Z","url":"/api/institutes/profile"},"timestamp":"2025-07-14T13:06:19.873Z"}
{"level":"info","message":{"ip":"::1","method":"GET","timestamp":"2025-07-14T13:06:23.402Z","url":"/api/institutes/profile"},"timestamp":"2025-07-14T13:06:23.402Z"}
{"level":"info","message":{"ip":"::1","method":"PATCH","timestamp":"2025-07-14T13:06:27.962Z","url":"/api/institutes/me/social-media"},"timestamp":"2025-07-14T13:06:27.962Z"}
{"level":"info","message":{"ip":"::1","method":"GET","timestamp":"2025-07-14T13:13:44.350Z","url":"/api/institutes/profile"},"timestamp":"2025-07-14T13:13:44.350Z"}
{"level":"info","message":{"ip":"::1","method":"GET","timestamp":"2025-07-14T13:13:44.370Z","url":"/api/students/profile"},"timestamp":"2025-07-14T13:13:44.370Z"}
{"level":"info","message":{"ip":"::1","method":"GET","timestamp":"2025-07-14T13:13:44.390Z","url":"/api/students/profile"},"timestamp":"2025-07-14T13:13:44.390Z"}
{"level":"info","message":{"ip":"::1","method":"GET","timestamp":"2025-07-14T13:13:46.281Z","url":"/api/institutes/profile"},"timestamp":"2025-07-14T13:13:46.281Z"}
{"level":"info","message":{"ip":"::1","method":"GET","timestamp":"2025-07-14T13:13:46.287Z","url":"/api/students/profile"},"timestamp":"2025-07-14T13:13:46.287Z"}
{"level":"info","message":{"ip":"::1","method":"GET","timestamp":"2025-07-14T13:13:46.297Z","url":"/api/students/profile"},"timestamp":"2025-07-14T13:13:46.297Z"}
{"level":"info","message":{"ip":"::1","method":"GET","timestamp":"2025-07-14T13:13:48.386Z","url":"/api/institutes/profile"},"timestamp":"2025-07-14T13:13:48.386Z"}
{"level":"info","message":{"ip":"::1","method":"GET","timestamp":"2025-07-14T13:13:48.628Z","url":"/api/institutes/profile"},"timestamp":"2025-07-14T13:13:48.628Z"}
{"level":"info","message":{"ip":"::1","method":"PATCH","timestamp":"2025-07-14T13:13:53.221Z","url":"/api/institutes/me/social-media"},"timestamp":"2025-07-14T13:13:53.221Z"}
{"level":"info","message":{"ip":"::1","method":"GET","timestamp":"2025-07-14T13:15:25.839Z","url":"/api/institutes/profile"},"timestamp":"2025-07-14T13:15:25.839Z"}
{"level":"info","message":{"ip":"::1","method":"PATCH","timestamp":"2025-07-14T13:15:36.540Z","url":"/api/institutes/me/social-media"},"timestamp":"2025-07-14T13:15:36.540Z"}
{"level":"info","message":{"ip":"::1","method":"GET","timestamp":"2025-07-14T13:15:37.045Z","url":"/api/students/profile"},"timestamp":"2025-07-14T13:15:37.045Z"}
{"level":"info","message":{"ip":"::1","method":"GET","timestamp":"2025-07-14T13:15:37.087Z","url":"/api/institutes/profile"},"timestamp":"2025-07-14T13:15:37.087Z"}
{"level":"info","message":{"ip":"::1","method":"GET","timestamp":"2025-07-14T13:16:01.815Z","url":"/api/institutes/profile"},"timestamp":"2025-07-14T13:16:01.815Z"}
{"level":"info","message":{"ip":"::1","method":"PATCH","timestamp":"2025-07-14T13:16:09.139Z","url":"/api/institutes/me/social-media"},"timestamp":"2025-07-14T13:16:09.139Z"}
{"level":"info","message":{"ip":"::1","method":"GET","timestamp":"2025-07-14T13:16:09.668Z","url":"/api/students/profile"},"timestamp":"2025-07-14T13:16:09.668Z"}
{"level":"info","message":{"ip":"::1","method":"GET","timestamp":"2025-07-14T13:16:09.677Z","url":"/api/institutes/profile"},"timestamp":"2025-07-14T13:16:09.677Z"}
{"level":"info","message":{"ip":"::1","method":"GET","timestamp":"2025-07-14T13:16:31.811Z","url":"/api/institutes/profile"},"timestamp":"2025-07-14T13:16:31.811Z"}
{"level":"info","message":{"ip":"::1","method":"PATCH","timestamp":"2025-07-14T13:16:36.235Z","url":"/api/institutes/me/social-media"},"timestamp":"2025-07-14T13:16:36.235Z"}
{"level":"info","message":{"ip":"::1","method":"GET","timestamp":"2025-07-14T13:16:36.762Z","url":"/api/students/profile"},"timestamp":"2025-07-14T13:16:36.762Z"}
{"level":"info","message":{"ip":"::1","method":"GET","timestamp":"2025-07-14T13:16:36.779Z","url":"/api/institutes/profile"},"timestamp":"2025-07-14T13:16:36.779Z"}
{"level":"info","message":{"ip":"::1","method":"GET","timestamp":"2025-07-14T13:16:49.625Z","url":"/api/students/profile"},"timestamp":"2025-07-14T13:16:49.625Z"}
{"level":"info","message":{"ip":"::1","method":"GET","timestamp":"2025-07-14T13:16:49.637Z","url":"/api/students/profile"},"timestamp":"2025-07-14T13:16:49.637Z"}
{"level":"info","message":{"ip":"::1","method":"GET","timestamp":"2025-07-14T13:16:49.653Z","url":"/api/institutes/profile"},"timestamp":"2025-07-14T13:16:49.653Z"}
{"level":"info","message":{"ip":"::1","method":"GET","timestamp":"2025-07-14T13:16:50.123Z","url":"/api/institutes/profile"},"timestamp":"2025-07-14T13:16:50.123Z"}
{"level":"info","message":{"ip":"::1","method":"GET","timestamp":"2025-07-14T13:16:54.197Z","url":"/api/students/profile"},"timestamp":"2025-07-14T13:16:54.197Z"}
{"level":"info","message":{"ip":"::1","method":"GET","timestamp":"2025-07-14T13:16:54.204Z","url":"/api/students/profile"},"timestamp":"2025-07-14T13:16:54.204Z"}
{"level":"info","message":{"ip":"::1","method":"GET","timestamp":"2025-07-14T13:16:54.228Z","url":"/api/institutes/profile"},"timestamp":"2025-07-14T13:16:54.228Z"}
{"level":"info","message":{"ip":"::1","method":"GET","timestamp":"2025-07-14T13:16:54.472Z","url":"/api/institutes/profile"},"timestamp":"2025-07-14T13:16:54.472Z"}
{"level":"info","message":{"ip":"::1","method":"GET","timestamp":"2025-07-14T13:17:08.278Z","url":"/api/institutes/profile"},"timestamp":"2025-07-14T13:17:08.278Z"}
{"level":"info","message":{"ip":"::1","method":"PATCH","timestamp":"2025-07-14T13:17:13.086Z","url":"/api/institutes/me/social-media"},"timestamp":"2025-07-14T13:17:13.086Z"}
{"level":"info","message":{"ip":"::1","method":"GET","timestamp":"2025-07-14T13:17:13.689Z","url":"/api/students/profile"},"timestamp":"2025-07-14T13:17:13.689Z"}
{"level":"info","message":{"ip":"::1","method":"GET","timestamp":"2025-07-14T13:17:13.704Z","url":"/api/institutes/profile"},"timestamp":"2025-07-14T13:17:13.704Z"}
{"level":"info","message":{"ip":"::1","method":"GET","timestamp":"2025-07-14T13:17:24.759Z","url":"/api/students/profile"},"timestamp":"2025-07-14T13:17:24.760Z"}
{"level":"info","message":{"ip":"::1","method":"GET","timestamp":"2025-07-14T13:17:24.768Z","url":"/api/students/profile"},"timestamp":"2025-07-14T13:17:24.768Z"}
{"level":"info","message":{"ip":"::1","method":"GET","timestamp":"2025-07-14T13:17:24.795Z","url":"/api/institutes/profile"},"timestamp":"2025-07-14T13:17:24.796Z"}
{"level":"info","message":{"ip":"::1","method":"GET","timestamp":"2025-07-14T13:17:25.374Z","url":"/api/institutes/profile"},"timestamp":"2025-07-14T13:17:25.375Z"}
{"level":"info","message":{"ip":"::1","method":"POST","timestamp":"2025-07-14T13:26:07.593Z","url":"/api/institutes/auth/login"},"timestamp":"2025-07-14T13:26:07.593Z"}
{"level":"info","message":{"ip":"::1","method":"GET","timestamp":"2025-07-14T13:26:10.941Z","url":"/api/students/profile"},"timestamp":"2025-07-14T13:26:10.941Z"}
{"level":"info","message":{"ip":"::1","method":"GET","timestamp":"2025-07-14T13:26:10.957Z","url":"/api/institutes/profile"},"timestamp":"2025-07-14T13:26:10.957Z"}
{"level":"info","message":{"ip":"::1","method":"GET","timestamp":"2025-07-14T13:26:14.903Z","url":"/api/students/profile"},"timestamp":"2025-07-14T13:26:14.904Z"}
{"level":"info","message":{"ip":"::1","method":"GET","timestamp":"2025-07-14T13:26:14.913Z","url":"/api/students/profile"},"timestamp":"2025-07-14T13:26:14.913Z"}
{"level":"info","message":{"ip":"::1","method":"GET","timestamp":"2025-07-14T13:26:14.934Z","url":"/api/institutes/profile"},"timestamp":"2025-07-14T13:26:14.934Z"}
{"level":"info","message":{"ip":"::1","method":"GET","timestamp":"2025-07-14T13:26:15.174Z","url":"/api/institutes/profile"},"timestamp":"2025-07-14T13:26:15.174Z"}
{"level":"info","message":{"ip":"::1","method":"POST","timestamp":"2025-07-14T13:26:34.062Z","url":"/api/students/auth/login"},"timestamp":"2025-07-14T13:26:34.062Z"}
{"level":"info","message":{"ip":"::1","method":"GET","timestamp":"2025-07-14T13:26:35.107Z","url":"/api/students/profile"},"timestamp":"2025-07-14T13:26:35.107Z"}
{"level":"info","message":{"ip":"::1","method":"GET","timestamp":"2025-07-14T13:26:38.212Z","url":"/api/students/profile"},"timestamp":"2025-07-14T13:26:38.212Z"}
{"level":"info","message":{"ip":"::1","method":"GET","timestamp":"2025-07-14T13:26:43.853Z","url":"/api/students/profile"},"timestamp":"2025-07-14T13:26:43.853Z"}
{"level":"info","message":{"ip":"::1","method":"GET","timestamp":"2025-07-14T13:26:44.099Z","url":"/api/students/profile"},"timestamp":"2025-07-14T13:26:44.099Z"}
{"level":"info","message":{"ip":"::1","method":"GET","timestamp":"2025-07-14T13:33:40.558Z","url":"/api/students/profile"},"timestamp":"2025-07-14T13:33:40.558Z"}
{"level":"info","message":{"ip":"::1","method":"GET","timestamp":"2025-07-14T13:33:48.039Z","url":"/api/students/profile"},"timestamp":"2025-07-14T13:33:48.039Z"}
{"level":"info","message":{"ip":"::1","method":"GET","timestamp":"2025-07-14T13:33:48.375Z","url":"/api/students/profile"},"timestamp":"2025-07-14T13:33:48.375Z"}
{"level":"info","message":{"ip":"::1","method":"GET","timestamp":"2025-07-14T13:33:48.521Z","url":"/api/students/profile"},"timestamp":"2025-07-14T13:33:48.521Z"}
{"level":"info","message":{"ip":"::1","method":"POST","timestamp":"2025-07-14T13:33:59.863Z","url":"/api/students/logout"},"timestamp":"2025-07-14T13:33:59.863Z"}
{"level":"info","message":{"ip":"::1","method":"POST","timestamp":"2025-07-14T13:34:11.381Z","url":"/api/institutes/auth/login"},"timestamp":"2025-07-14T13:34:11.381Z"}
{"level":"info","message":{"ip":"::1","method":"GET","timestamp":"2025-07-14T13:34:12.907Z","url":"/api/students/profile"},"timestamp":"2025-07-14T13:34:12.907Z"}
{"level":"info","message":{"ip":"::1","method":"GET","timestamp":"2025-07-14T13:34:12.921Z","url":"/api/institutes/profile"},"timestamp":"2025-07-14T13:34:12.921Z"}
{"level":"info","message":{"ip":"::1","method":"GET","timestamp":"2025-07-14T13:35:32.187Z","url":"/api/students/profile"},"timestamp":"2025-07-14T13:35:32.187Z"}
{"level":"info","message":{"ip":"::1","method":"GET","timestamp":"2025-07-14T13:35:32.194Z","url":"/api/students/profile"},"timestamp":"2025-07-14T13:35:32.194Z"}
{"level":"info","message":{"ip":"::1","method":"GET","timestamp":"2025-07-14T13:35:32.211Z","url":"/api/institutes/profile"},"timestamp":"2025-07-14T13:35:32.211Z"}
{"level":"info","message":{"ip":"::1","method":"GET","timestamp":"2025-07-14T13:35:32.939Z","url":"/api/institutes/profile"},"timestamp":"2025-07-14T13:35:32.939Z"}
{"level":"info","message":{"ip":"::1","method":"POST","timestamp":"2025-07-14T13:37:57.022Z","url":"/api/students/auth/login"},"timestamp":"2025-07-14T13:37:57.022Z"}
{"level":"info","message":{"ip":"::1","method":"GET","timestamp":"2025-07-14T13:37:58.048Z","url":"/api/students/profile"},"timestamp":"2025-07-14T13:37:58.048Z"}
{"level":"info","message":{"ip":"::1","method":"GET","timestamp":"2025-07-14T13:44:43.843Z","url":"/api/students/profile"},"timestamp":"2025-07-14T13:44:43.844Z"}
{"level":"info","message":{"ip":"::1","method":"POST","timestamp":"2025-07-14T13:44:59.194Z","url":"/api/students/auth/login"},"timestamp":"2025-07-14T13:44:59.194Z"}
{"level":"info","message":{"ip":"::1","method":"GET","timestamp":"2025-07-14T13:44:59.858Z","url":"/api/students/profile"},"timestamp":"2025-07-14T13:44:59.858Z"}
{"level":"info","message":{"ip":"::1","method":"GET","timestamp":"2025-07-14T13:45:03.478Z","url":"/api/students/profile"},"timestamp":"2025-07-14T13:45:03.478Z"}
{"level":"info","message":{"ip":"::1","method":"GET","timestamp":"2025-07-14T13:45:04.107Z","url":"/api/students/profile"},"timestamp":"2025-07-14T13:45:04.107Z"}
{"level":"info","message":{"ip":"::1","method":"POST","timestamp":"2025-07-14T13:45:06.732Z","url":"/api/students/logout"},"timestamp":"2025-07-14T13:45:06.732Z"}
{"level":"info","message":{"ip":"::1","method":"POST","timestamp":"2025-07-14T13:45:19.059Z","url":"/api/institutes/auth/login"},"timestamp":"2025-07-14T13:45:19.059Z"}
{"level":"info","message":{"ip":"::1","method":"GET","timestamp":"2025-07-14T13:45:20.120Z","url":"/api/students/profile"},"timestamp":"2025-07-14T13:45:20.120Z"}
{"level":"info","message":{"ip":"::1","method":"GET","timestamp":"2025-07-14T13:45:20.138Z","url":"/api/institutes/profile"},"timestamp":"2025-07-14T13:45:20.138Z"}
{"level":"info","message":{"ip":"::1","method":"GET","timestamp":"2025-07-14T13:45:29.101Z","url":"/api/students/profile"},"timestamp":"2025-07-14T13:45:29.101Z"}
{"level":"info","message":{"ip":"::1","method":"GET","timestamp":"2025-07-14T13:45:29.110Z","url":"/api/students/profile"},"timestamp":"2025-07-14T13:45:29.110Z"}
{"level":"info","message":{"ip":"::1","method":"GET","timestamp":"2025-07-14T13:45:29.124Z","url":"/api/institutes/profile"},"timestamp":"2025-07-14T13:45:29.124Z"}
{"level":"info","message":{"ip":"::1","method":"GET","timestamp":"2025-07-14T13:45:29.400Z","url":"/api/institutes/profile"},"timestamp":"2025-07-14T13:45:29.400Z"}
{"level":"info","message":{"ip":"::1","method":"POST","timestamp":"2025-07-14T13:45:48.532Z","url":"/api/institutes/auth/login"},"timestamp":"2025-07-14T13:45:48.532Z"}
{"level":"info","message":{"ip":"::1","method":"GET","timestamp":"2025-07-14T13:45:49.216Z","url":"/api/students/profile"},"timestamp":"2025-07-14T13:45:49.216Z"}
{"level":"info","message":{"ip":"::1","method":"GET","timestamp":"2025-07-14T13:45:49.231Z","url":"/api/institutes/profile"},"timestamp":"2025-07-14T13:45:49.231Z"}
{"level":"info","message":{"ip":"::1","method":"POST","timestamp":"2025-07-14T13:51:32.538Z","url":"/api/institutes/logout"},"timestamp":"2025-07-14T13:51:32.538Z"}
{"level":"info","message":{"ip":"::1","method":"POST","timestamp":"2025-07-14T13:52:24.178Z","url":"/api/institutes/auth/login"},"timestamp":"2025-07-14T13:52:24.178Z"}
{"level":"info","message":{"ip":"::1","method":"GET","timestamp":"2025-07-14T13:52:25.028Z","url":"/api/students/profile"},"timestamp":"2025-07-14T13:52:25.028Z"}
{"level":"info","message":{"ip":"::1","method":"GET","timestamp":"2025-07-14T13:52:25.046Z","url":"/api/institutes/profile"},"timestamp":"2025-07-14T13:52:25.046Z"}
{"level":"info","message":{"ip":"::1","method":"GET","timestamp":"2025-07-14T13:52:34.128Z","url":"/api/institutes/profile"},"timestamp":"2025-07-14T13:52:34.128Z"}
{"level":"info","message":{"ip":"::1","method":"GET","timestamp":"2025-07-14T13:52:34.137Z","url":"/api/students/profile"},"timestamp":"2025-07-14T13:52:34.138Z"}
{"level":"info","message":{"ip":"::1","method":"GET","timestamp":"2025-07-14T13:52:34.151Z","url":"/api/students/profile"},"timestamp":"2025-07-14T13:52:34.151Z"}
{"level":"info","message":{"ip":"::1","method":"GET","timestamp":"2025-07-14T13:52:34.365Z","url":"/api/institutes/profile"},"timestamp":"2025-07-14T13:52:34.365Z"}
{"level":"info","message":{"ip":"::1","method":"GET","timestamp":"2025-07-14T13:52:34.672Z","url":"/api/institutes/profile"},"timestamp":"2025-07-14T13:52:34.672Z"}
{"level":"info","message":{"ip":"::1","method":"GET","timestamp":"2025-07-14T13:52:36.476Z","url":"/api/institutes/profile"},"timestamp":"2025-07-14T13:52:36.476Z"}
{"level":"info","message":{"ip":"::1","method":"PATCH","timestamp":"2025-07-14T13:52:39.689Z","url":"/api/institutes/me/social-media"},"timestamp":"2025-07-14T13:52:39.689Z"}
{"level":"info","message":{"ip":"::1","method":"GET","timestamp":"2025-07-14T13:52:40.855Z","url":"/api/students/profile"},"timestamp":"2025-07-14T13:52:40.855Z"}
{"level":"info","message":{"ip":"::1","method":"GET","timestamp":"2025-07-14T13:52:40.870Z","url":"/api/institutes/profile"},"timestamp":"2025-07-14T13:52:40.870Z"}
{"level":"info","message":{"ip":"::1","method":"GET","timestamp":"2025-07-14T15:11:20.025Z","url":"/api/students/profile"},"timestamp":"2025-07-14T15:11:20.029Z"}
{"level":"info","message":{"ip":"::1","method":"GET","timestamp":"2025-07-14T15:11:20.093Z","url":"/api/students/profile"},"timestamp":"2025-07-14T15:11:20.093Z"}
{"level":"info","message":{"ip":"::1","method":"GET","timestamp":"2025-07-14T15:11:20.345Z","url":"/api/institutes/profile"},"timestamp":"2025-07-14T15:11:20.345Z"}
{"level":"info","message":{"ip":"::1","method":"GET","timestamp":"2025-07-14T15:11:23.811Z","url":"/api/institutes/profile"},"timestamp":"2025-07-14T15:11:23.811Z"}
{"level":"info","message":{"ip":"::1","method":"GET","timestamp":"2025-07-14T16:27:49.656Z","url":"/api/students/profile"},"timestamp":"2025-07-14T16:27:49.659Z"}
{"level":"info","message":{"ip":"::1","method":"GET","timestamp":"2025-07-14T16:27:49.742Z","url":"/api/students/profile"},"timestamp":"2025-07-14T16:27:49.742Z"}
{"level":"info","message":{"ip":"::1","method":"GET","timestamp":"2025-07-14T16:27:49.763Z","url":"/api/institutes/profile"},"timestamp":"2025-07-14T16:27:49.763Z"}
{"level":"info","message":{"ip":"::1","method":"GET","timestamp":"2025-07-14T16:27:52.951Z","url":"/api/institutes/profile"},"timestamp":"2025-07-14T16:27:52.951Z"}
{"level":"info","message":{"ip":"::1","method":"POST","timestamp":"2025-07-14T16:29:15.769Z","url":"/api/institutes/auth/login"},"timestamp":"2025-07-14T16:29:15.769Z"}
{"level":"info","message":{"ip":"::1","method":"GET","timestamp":"2025-07-14T16:29:16.936Z","url":"/api/students/profile"},"timestamp":"2025-07-14T16:29:16.937Z"}
{"level":"info","message":{"ip":"::1","method":"GET","timestamp":"2025-07-14T16:29:16.968Z","url":"/api/institutes/profile"},"timestamp":"2025-07-14T16:29:16.968Z"}
{"level":"info","message":{"ip":"::1","method":"GET","timestamp":"2025-07-14T16:29:23.723Z","url":"/api/institutes/profile"},"timestamp":"2025-07-14T16:29:23.723Z"}
{"level":"info","message":{"ip":"::1","method":"GET","timestamp":"2025-07-14T16:29:23.798Z","url":"/api/students/profile"},"timestamp":"2025-07-14T16:29:23.798Z"}
{"level":"info","message":{"ip":"::1","method":"GET","timestamp":"2025-07-14T16:29:23.903Z","url":"/api/students/profile"},"timestamp":"2025-07-14T16:29:23.903Z"}
{"level":"info","message":{"ip":"::1","method":"GET","timestamp":"2025-07-14T16:29:24.035Z","url":"/api/institutes/profile"},"timestamp":"2025-07-14T16:29:24.035Z"}
{"level":"info","message":{"ip":"::1","method":"GET","timestamp":"2025-07-14T16:29:24.341Z","url":"/api/institutes/profile"},"timestamp":"2025-07-14T16:29:24.341Z"}
{"level":"info","message":{"ip":"::1","method":"PATCH","timestamp":"2025-07-14T16:30:16.710Z","url":"/api/institutes/upload/image"},"timestamp":"2025-07-14T16:30:16.710Z"}
{"level":"info","message":{"ip":"::1","method":"PATCH","timestamp":"2025-07-14T16:30:27.230Z","url":"/api/institutes/me/basic-info"},"timestamp":"2025-07-14T16:30:27.230Z"}
{"level":"info","message":{"ip":"::1","method":"GET","timestamp":"2025-07-14T16:30:28.191Z","url":"/api/institutes/profile"},"timestamp":"2025-07-14T16:30:28.191Z"}
{"level":"info","message":{"ip":"::1","method":"GET","timestamp":"2025-07-14T16:30:31.194Z","url":"/api/institutes/profile"},"timestamp":"2025-07-14T16:30:31.194Z"}
{"level":"info","message":{"ip":"::1","method":"PATCH","timestamp":"2025-07-14T16:30:48.816Z","url":"/api/institutes/me/basic-info"},"timestamp":"2025-07-14T16:30:48.816Z"}
{"level":"info","message":{"ip":"::1","method":"GET","timestamp":"2025-07-14T16:30:49.647Z","url":"/api/institutes/profile"},"timestamp":"2025-07-14T16:30:49.647Z"}
{"level":"info","message":{"ip":"::1","method":"PATCH","timestamp":"2025-07-14T16:31:42.284Z","url":"/api/institutes/me/contact"},"timestamp":"2025-07-14T16:31:42.284Z"}
{"level":"info","message":{"ip":"::1","method":"GET","timestamp":"2025-07-14T16:31:43.490Z","url":"/api/institutes/profile"},"timestamp":"2025-07-14T16:31:43.490Z"}
{"level":"info","message":{"ip":"::1","method":"PATCH","timestamp":"2025-07-14T16:32:13.956Z","url":"/api/institutes/me/courses"},"timestamp":"2025-07-14T16:32:13.956Z"}
{"level":"info","message":{"ip":"::1","method":"GET","timestamp":"2025-07-14T16:32:15.111Z","url":"/api/institutes/profile"},"timestamp":"2025-07-14T16:32:15.111Z"}
{"level":"info","message":{"ip":"::1","method":"GET","timestamp":"2025-07-14T16:32:17.274Z","url":"/api/institutes/profile"},"timestamp":"2025-07-14T16:32:17.274Z"}
{"level":"info","message":{"ip":"::1","method":"PATCH","timestamp":"2025-07-14T16:32:24.757Z","url":"/api/institutes/me/courses"},"timestamp":"2025-07-14T16:32:24.757Z"}
{"level":"info","message":{"ip":"::1","method":"GET","timestamp":"2025-07-14T16:32:25.394Z","url":"/api/institutes/profile"},"timestamp":"2025-07-14T16:32:25.394Z"}
{"level":"info","message":{"ip":"::1","method":"PATCH","timestamp":"2025-07-14T16:32:59.230Z","url":"/api/institutes/me/faculties"},"timestamp":"2025-07-14T16:32:59.230Z"}
{"level":"info","message":{"ip":"::1","method":"GET","timestamp":"2025-07-14T16:33:02.203Z","url":"/api/institutes/profile"},"timestamp":"2025-07-14T16:33:02.203Z"}
{"level":"info","message":{"ip":"::1","method":"PATCH","timestamp":"2025-07-14T16:33:08.253Z","url":"/api/institutes/me/student-achievements"},"timestamp":"2025-07-14T16:33:08.253Z"}
{"level":"info","message":{"ip":"::1","method":"GET","timestamp":"2025-07-14T16:33:09.118Z","url":"/api/institutes/profile"},"timestamp":"2025-07-14T16:33:09.118Z"}
{"level":"info","message":{"ip":"::1","method":"GET","timestamp":"2025-07-14T16:33:40.477Z","url":"/api/institutes/profile"},"timestamp":"2025-07-14T16:33:40.477Z"}
{"level":"info","message":{"ip":"::1","method":"PATCH","timestamp":"2025-07-14T16:33:57.072Z","url":"/api/institutes/me/facilities"},"timestamp":"2025-07-14T16:33:57.072Z"}
{"level":"info","message":{"ip":"::1","method":"GET","timestamp":"2025-07-14T16:33:58.212Z","url":"/api/institutes/profile"},"timestamp":"2025-07-14T16:33:58.212Z"}
{"level":"info","message":{"ip":"::1","method":"PATCH","timestamp":"2025-07-14T16:34:18.271Z","url":"/api/institutes/upload/image"},"timestamp":"2025-07-14T16:34:18.272Z"}
{"level":"info","message":{"ip":"::1","method":"PATCH","timestamp":"2025-07-14T16:34:32.502Z","url":"/api/institutes/me/media"},"timestamp":"2025-07-14T16:34:32.502Z"}
{"level":"info","message":{"ip":"::1","method":"GET","timestamp":"2025-07-14T16:34:33.411Z","url":"/api/institutes/profile"},"timestamp":"2025-07-14T16:34:33.411Z"}
{"level":"info","message":{"ip":"::1","method":"GET","timestamp":"2025-07-14T16:34:36.182Z","url":"/api/institutes/profile"},"timestamp":"2025-07-14T16:34:36.182Z"}
{"level":"info","message":{"ip":"::1","method":"PATCH","timestamp":"2025-07-14T16:35:15.909Z","url":"/api/institutes/me/media"},"timestamp":"2025-07-14T16:35:15.909Z"}
{"level":"info","message":{"ip":"::1","method":"GET","timestamp":"2025-07-14T16:35:16.956Z","url":"/api/institutes/profile"},"timestamp":"2025-07-14T16:35:16.956Z"}
{"level":"info","message":{"ip":"::1","method":"PATCH","timestamp":"2025-07-14T16:37:17.600Z","url":"/api/institutes/me/social-media"},"timestamp":"2025-07-14T16:37:17.600Z"}
{"level":"info","message":{"ip":"::1","method":"GET","timestamp":"2025-07-14T16:37:18.640Z","url":"/api/students/profile"},"timestamp":"2025-07-14T16:37:18.640Z"}
{"level":"info","message":{"ip":"::1","method":"GET","timestamp":"2025-07-14T16:37:18.685Z","url":"/api/institutes/profile"},"timestamp":"2025-07-14T16:37:18.685Z"}
{"level":"info","message":{"ip":"::1","method":"GET","timestamp":"2025-07-14T16:43:50.657Z","url":"/api/students/profile"},"timestamp":"2025-07-14T16:43:50.659Z"}
{"level":"info","message":{"ip":"::1","method":"GET","timestamp":"2025-07-14T16:43:50.713Z","url":"/api/students/profile"},"timestamp":"2025-07-14T16:43:50.713Z"}
{"level":"info","message":{"ip":"::1","method":"GET","timestamp":"2025-07-14T16:43:50.806Z","url":"/api/institutes/profile"},"timestamp":"2025-07-14T16:43:50.807Z"}
{"level":"info","message":{"ip":"::1","method":"GET","timestamp":"2025-07-14T16:43:53.885Z","url":"/api/institutes/profile"},"timestamp":"2025-07-14T16:43:53.885Z"}
{"level":"info","message":{"ip":"::1","method":"GET","timestamp":"2025-07-14T16:46:36.195Z","url":"/api/students/profile"},"timestamp":"2025-07-14T16:46:36.195Z"}
{"level":"info","message":{"ip":"::1","method":"GET","timestamp":"2025-07-14T16:46:36.230Z","url":"/api/students/profile"},"timestamp":"2025-07-14T16:46:36.230Z"}
{"level":"info","message":{"ip":"::1","method":"GET","timestamp":"2025-07-14T16:46:36.284Z","url":"/api/institutes/profile"},"timestamp":"2025-07-14T16:46:36.285Z"}
{"level":"info","message":{"ip":"::1","method":"GET","timestamp":"2025-07-14T16:46:36.876Z","url":"/api/institutes/profile"},"timestamp":"2025-07-14T16:46:36.876Z"}
{"level":"info","message":{"ip":"::1","method":"GET","timestamp":"2025-07-15T05:20:15.221Z","url":"/api/students/profile"},"timestamp":"2025-07-15T05:20:15.223Z"}
{"level":"info","message":{"ip":"::1","method":"GET","timestamp":"2025-07-15T05:20:15.270Z","url":"/api/students/profile"},"timestamp":"2025-07-15T05:20:15.270Z"}
{"level":"info","message":{"ip":"::1","method":"GET","timestamp":"2025-07-15T05:20:15.282Z","url":"/api/institutes/profile"},"timestamp":"2025-07-15T05:20:15.282Z"}
{"level":"info","message":{"ip":"::1","method":"GET","timestamp":"2025-07-15T05:20:19.786Z","url":"/api/institutes/profile"},"timestamp":"2025-07-15T05:20:19.786Z"}
{"level":"info","message":{"ip":"::1","method":"POST","timestamp":"2025-07-15T05:20:40.585Z","url":"/api/students/auth/login"},"timestamp":"2025-07-15T05:20:40.585Z"}
{"level":"info","message":{"ip":"::1","method":"GET","timestamp":"2025-07-15T05:20:41.756Z","url":"/api/students/profile"},"timestamp":"2025-07-15T05:20:41.756Z"}
{"level":"info","message":{"ip":"::1","method":"GET","timestamp":"2025-07-15T07:14:38.165Z","url":"/api/students/profile"},"timestamp":"2025-07-15T07:14:38.166Z"}
{"level":"info","message":{"ip":"::1","method":"GET","timestamp":"2025-07-15T07:14:41.800Z","url":"/api/students/profile"},"timestamp":"2025-07-15T07:14:41.801Z"}
{"level":"info","message":{"ip":"::1","method":"GET","timestamp":"2025-07-15T07:14:44.629Z","url":"/api/students/profile"},"timestamp":"2025-07-15T07:14:44.630Z"}
{"level":"info","message":{"ip":"::1","method":"GET","timestamp":"2025-07-15T07:14:44.913Z","url":"/api/students/profile"},"timestamp":"2025-07-15T07:14:44.913Z"}
{"level":"info","message":{"ip":"::1","method":"GET","timestamp":"2025-07-15T07:15:15.882Z","url":"/api/students/profile"},"timestamp":"2025-07-15T07:15:15.882Z"}
{"level":"info","message":{"ip":"::1","method":"GET","timestamp":"2025-07-15T07:15:16.339Z","url":"/api/students/profile"},"timestamp":"2025-07-15T07:15:16.339Z"}
{"level":"info","message":{"ip":"::1","method":"GET","timestamp":"2025-07-15T07:15:18.662Z","url":"/api/students/profile"},"timestamp":"2025-07-15T07:15:18.662Z"}
{"level":"info","message":{"ip":"::1","method":"GET","timestamp":"2025-07-15T07:15:18.898Z","url":"/api/students/profile"},"timestamp":"2025-07-15T07:15:18.898Z"}
{"level":"info","message":{"ip":"::1","method":"GET","timestamp":"2025-07-15T07:15:30.882Z","url":"/api/students/profile"},"timestamp":"2025-07-15T07:15:30.882Z"}
{"level":"info","message":{"ip":"::1","method":"GET","timestamp":"2025-07-15T07:15:31.159Z","url":"/api/students/profile"},"timestamp":"2025-07-15T07:15:31.159Z"}
{"level":"info","message":{"ip":"::1","method":"GET","timestamp":"2025-07-15T07:19:52.952Z","url":"/api/students/profile"},"timestamp":"2025-07-15T07:19:52.952Z"}
{"level":"info","message":{"ip":"::1","method":"GET","timestamp":"2025-07-15T07:19:55.472Z","url":"/api/students/profile"},"timestamp":"2025-07-15T07:19:55.472Z"}
{"level":"info","message":{"ip":"::1","method":"GET","timestamp":"2025-07-15T07:20:04.217Z","url":"/api/students/profile"},"timestamp":"2025-07-15T07:20:04.217Z"}
{"level":"info","message":{"ip":"::1","method":"GET","timestamp":"2025-07-15T07:20:04.486Z","url":"/api/students/profile"},"timestamp":"2025-07-15T07:20:04.486Z"}
{"level":"info","message":{"ip":"::1","method":"GET","timestamp":"2025-07-15T07:20:31.565Z","url":"/api/institute/all-institues"},"timestamp":"2025-07-15T07:20:31.565Z"}
{"level":"info","message":{"ip":"::1","method":"GET","timestamp":"2025-07-15T07:20:31.577Z","url":"/api/students/profile"},"timestamp":"2025-07-15T07:20:31.577Z"}
{"level":"info","message":{"ip":"::1","method":"GET","timestamp":"2025-07-15T07:20:32.136Z","url":"/api/students/profile"},"timestamp":"2025-07-15T07:20:32.136Z"}
{"level":"info","message":{"ip":"::1","method":"GET","timestamp":"2025-07-15T07:21:35.159Z","url":"/api/institute/all-institues"},"timestamp":"2025-07-15T07:21:35.159Z"}
{"level":"info","message":{"ip":"::1","method":"GET","timestamp":"2025-07-15T07:21:35.167Z","url":"/api/students/profile"},"timestamp":"2025-07-15T07:21:35.167Z"}
{"level":"info","message":{"ip":"::1","method":"GET","timestamp":"2025-07-15T07:21:35.649Z","url":"/api/students/profile"},"timestamp":"2025-07-15T07:21:35.649Z"}
{"level":"info","message":{"ip":"::1","method":"GET","timestamp":"2025-07-15T07:22:23.856Z","url":"/api/institute/all-instits"},"timestamp":"2025-07-15T07:22:23.856Z"}
{"level":"info","message":{"ip":"::1","method":"GET","timestamp":"2025-07-15T07:22:29.848Z","url":"/api/institute/all-institts"},"timestamp":"2025-07-15T07:22:29.848Z"}
{"level":"info","message":{"ip":"::1","method":"GET","timestamp":"2025-07-15T07:22:30.854Z","url":"/api/institute/all-instits"},"timestamp":"2025-07-15T07:22:30.854Z"}
{"level":"info","message":{"ip":"::1","method":"GET","timestamp":"2025-07-15T07:22:32.844Z","url":"/api/institute/all-institutes"},"timestamp":"2025-07-15T07:22:32.844Z"}
{"level":"info","message":{"ip":"::1","method":"GET","timestamp":"2025-07-15T07:22:40.462Z","url":"/api/institute/all-institutes"},"timestamp":"2025-07-15T07:22:40.462Z"}
{"level":"info","message":{"ip":"::1","method":"GET","timestamp":"2025-07-15T07:22:40.469Z","url":"/api/students/profile"},"timestamp":"2025-07-15T07:22:40.469Z"}
{"level":"info","message":{"ip":"::1","method":"GET","timestamp":"2025-07-15T07:22:41.027Z","url":"/api/students/profile"},"timestamp":"2025-07-15T07:22:41.027Z"}
{"level":"info","message":{"ip":"::1","method":"GET","timestamp":"2025-07-15T07:24:10.840Z","url":"/api/institute/all-institutes"},"timestamp":"2025-07-15T07:24:10.840Z"}
{"level":"info","message":{"ip":"::1","method":"GET","timestamp":"2025-07-15T07:24:10.847Z","url":"/api/students/profile"},"timestamp":"2025-07-15T07:24:10.847Z"}
{"level":"info","message":{"ip":"::1","method":"GET","timestamp":"2025-07-15T07:24:11.319Z","url":"/api/students/profile"},"timestamp":"2025-07-15T07:24:11.319Z"}
{"level":"info","message":{"ip":"::1","method":"GET","timestamp":"2025-07-15T07:26:13.094Z","url":"/api/institute/all-institutes%0A"},"timestamp":"2025-07-15T07:26:13.094Z"}
{"level":"info","message":{"ip":"::1","method":"GET","timestamp":"2025-07-15T07:28:39.867Z","url":"/api/institutes/all-institutes"},"timestamp":"2025-07-15T07:28:39.867Z"}
{"level":"info","message":{"ip":"::1","method":"GET","timestamp":"2025-07-15T07:28:55.015Z","url":"/api/institutes/all-institutes"},"timestamp":"2025-07-15T07:28:55.016Z"}
{"level":"info","message":{"ip":"::1","method":"GET","timestamp":"2025-07-15T07:28:55.056Z","url":"/api/students/profile"},"timestamp":"2025-07-15T07:28:55.056Z"}
{"level":"info","message":{"ip":"::1","method":"GET","timestamp":"2025-07-15T07:28:57.755Z","url":"/api/students/profile"},"timestamp":"2025-07-15T07:28:57.755Z"}
{"level":"info","message":{"ip":"::1","method":"GET","timestamp":"2025-07-15T07:30:00.881Z","url":"/api/students/profile"},"timestamp":"2025-07-15T07:30:00.881Z"}
{"level":"info","message":{"ip":"::1","method":"GET","timestamp":"2025-07-15T07:30:01.359Z","url":"/api/students/profile"},"timestamp":"2025-07-15T07:30:01.359Z"}
{"level":"info","message":{"ip":"::1","method":"GET","timestamp":"2025-07-15T07:30:06.864Z","url":"/api/institutes/all-institutes"},"timestamp":"2025-07-15T07:30:06.864Z"}
{"level":"info","message":{"ip":"::1","method":"GET","timestamp":"2025-07-15T07:30:06.866Z","url":"/api/students/profile"},"timestamp":"2025-07-15T07:30:06.866Z"}
{"level":"info","message":{"ip":"::1","method":"GET","timestamp":"2025-07-15T07:30:07.112Z","url":"/api/students/profile"},"timestamp":"2025-07-15T07:30:07.112Z"}
{"level":"info","message":{"ip":"::1","method":"GET","timestamp":"2025-07-15T07:30:09.845Z","url":"/api/institutes/all-institutes"},"timestamp":"2025-07-15T07:30:09.845Z"}
{"level":"info","message":{"ip":"::1","method":"GET","timestamp":"2025-07-15T07:30:14.207Z","url":"/api/students/profile"},"timestamp":"2025-07-15T07:30:14.207Z"}
{"level":"info","message":{"ip":"::1","method":"GET","timestamp":"2025-07-15T07:30:14.218Z","url":"/api/institutes/all-institutes"},"timestamp":"2025-07-15T07:30:14.218Z"}
{"level":"info","message":{"ip":"::1","method":"GET","timestamp":"2025-07-15T07:30:14.463Z","url":"/api/students/profile"},"timestamp":"2025-07-15T07:30:14.463Z"}
{"level":"info","message":{"ip":"::1","method":"GET","timestamp":"2025-07-15T07:30:42.810Z","url":"/api/institutes/all-institutes%0A"},"timestamp":"2025-07-15T07:30:42.810Z"}
{"level":"info","message":{"ip":"::1","method":"GET","timestamp":"2025-07-15T07:30:45.243Z","url":"/api/institutes/all-institutes%0A"},"timestamp":"2025-07-15T07:30:45.243Z"}
{"level":"info","message":{"ip":"::1","method":"GET","timestamp":"2025-07-15T07:32:20.853Z","url":"/api/institutes/institutes"},"timestamp":"2025-07-15T07:32:20.853Z"}
{"level":"info","message":{"ip":"::1","method":"GET","timestamp":"2025-07-15T07:32:55.894Z","url":"/api/institutes/institutes"},"timestamp":"2025-07-15T07:32:55.894Z"}
{"level":"info","message":{"ip":"::1","method":"GET","timestamp":"2025-07-15T07:33:16.554Z","url":"/api/institutes/institutes"},"timestamp":"2025-07-15T07:33:16.555Z"}
{"level":"info","message":{"ip":"::1","method":"GET","timestamp":"2025-07-15T07:34:22.848Z","url":"/api/institutes/profile"},"timestamp":"2025-07-15T07:34:22.848Z"}
{"level":"info","message":{"ip":"::1","method":"GET","timestamp":"2025-07-15T07:34:26.284Z","url":"/api/institutes/profile"},"timestamp":"2025-07-15T07:34:26.284Z"}
{"level":"info","message":{"ip":"::1","method":"GET","timestamp":"2025-07-15T07:34:26.294Z","url":"/api/students/profile"},"timestamp":"2025-07-15T07:34:26.294Z"}
{"level":"info","message":{"ip":"::1","method":"GET","timestamp":"2025-07-15T07:34:28.445Z","url":"/api/students/profile"},"timestamp":"2025-07-15T07:34:28.445Z"}
{"level":"info","message":{"ip":"::1","method":"GET","timestamp":"2025-07-15T07:35:16.848Z","url":"/api/institutes/institutes"},"timestamp":"2025-07-15T07:35:16.848Z"}
{"level":"info","message":{"ip":"::1","method":"GET","timestamp":"2025-07-15T07:35:19.853Z","url":"/api/institutes/"},"timestamp":"2025-07-15T07:35:19.853Z"}
{"level":"info","message":{"ip":"::1","method":"GET","timestamp":"2025-07-15T07:35:21.849Z","url":"/api/institutes/all-institutes"},"timestamp":"2025-07-15T07:35:21.849Z"}
{"level":"info","message":{"ip":"::1","method":"GET","timestamp":"2025-07-15T07:35:46.911Z","url":"/api/institutes/all-institutes"},"timestamp":"2025-07-15T07:35:46.911Z"}
{"level":"info","message":{"ip":"::1","method":"GET","timestamp":"2025-07-15T07:49:42.700Z","url":"/api/institutes/all-institutes"},"timestamp":"2025-07-15T07:49:42.701Z"}
{"level":"info","message":{"ip":"::1","method":"GET","timestamp":"2025-07-15T07:56:23.146Z","url":"/api/institutes/all-institutes"},"timestamp":"2025-07-15T07:56:23.148Z"}
{"level":"info","message":{"ip":"::1","method":"GET","timestamp":"2025-07-15T07:56:42.429Z","url":"/api/students/profile"},"timestamp":"2025-07-15T07:56:42.429Z"}
{"level":"info","message":{"ip":"::1","method":"GET","timestamp":"2025-07-15T07:56:42.464Z","url":"/api/institutes/all-institutes"},"timestamp":"2025-07-15T07:56:42.464Z"}
{"level":"info","message":{"ip":"::1","method":"GET","timestamp":"2025-07-15T07:56:43.308Z","url":"/api/students/profile"},"timestamp":"2025-07-15T07:56:43.308Z"}
{"level":"info","message":{"ip":"::1","method":"GET","timestamp":"2025-07-15T07:58:06.210Z","url":"/api/students/profile"},"timestamp":"2025-07-15T07:58:06.210Z"}
{"level":"info","message":{"ip":"::1","method":"GET","timestamp":"2025-07-15T07:58:34.639Z","url":"/api/institutes/all-institutes"},"timestamp":"2025-07-15T07:58:34.639Z"}
{"level":"info","message":{"ip":"::1","method":"GET","timestamp":"2025-07-15T07:58:34.650Z","url":"/api/students/profile"},"timestamp":"2025-07-15T07:58:34.651Z"}
{"level":"info","message":{"ip":"::1","method":"GET","timestamp":"2025-07-15T07:58:35.275Z","url":"/api/students/profile"},"timestamp":"2025-07-15T07:58:35.275Z"}
{"level":"info","message":{"ip":"::1","method":"GET","timestamp":"2025-07-15T08:01:57.873Z","url":"/api/institutes/all-institutes"},"timestamp":"2025-07-15T08:01:57.873Z"}
{"level":"info","message":{"ip":"::1","method":"GET","timestamp":"2025-07-15T08:02:06.069Z","url":"/api/institutes/all-institutes"},"timestamp":"2025-07-15T08:02:06.069Z"}
{"level":"info","message":{"ip":"::1","method":"GET","timestamp":"2025-07-15T08:05:40.901Z","url":"/api/institutes/all-institutes"},"timestamp":"2025-07-15T08:05:40.902Z"}
{"level":"info","message":{"ip":"::1","method":"GET","timestamp":"2025-07-15T08:05:40.904Z","url":"/api/students/profile"},"timestamp":"2025-07-15T08:05:40.904Z"}
{"level":"info","message":{"ip":"::1","method":"GET","timestamp":"2025-07-15T08:05:43.357Z","url":"/api/students/profile"},"timestamp":"2025-07-15T08:05:43.357Z"}
{"level":"info","message":{"ip":"::1","method":"GET","timestamp":"2025-07-15T08:05:53.862Z","url":"/api/institutes/all-institutes"},"timestamp":"2025-07-15T08:05:53.862Z"}
{"level":"info","message":{"ip":"::1","method":"GET","timestamp":"2025-07-15T08:05:53.867Z","url":"/api/students/profile"},"timestamp":"2025-07-15T08:05:53.867Z"}
{"level":"info","message":{"ip":"::1","method":"GET","timestamp":"2025-07-15T08:05:54.332Z","url":"/api/students/profile"},"timestamp":"2025-07-15T08:05:54.332Z"}
{"level":"info","message":{"ip":"::1","method":"GET","timestamp":"2025-07-15T08:05:56.855Z","url":"/api/institutes/all-institutes"},"timestamp":"2025-07-15T08:05:56.855Z"}
{"level":"info","message":{"ip":"::1","method":"GET","timestamp":"2025-07-15T08:05:56.858Z","url":"/api/students/profile"},"timestamp":"2025-07-15T08:05:56.858Z"}
{"level":"info","message":{"ip":"::1","method":"GET","timestamp":"2025-07-15T08:05:57.318Z","url":"/api/students/profile"},"timestamp":"2025-07-15T08:05:57.318Z"}
{"level":"info","message":{"ip":"::1","method":"GET","timestamp":"2025-07-15T08:06:43.856Z","url":"/api/students/profile"},"timestamp":"2025-07-15T08:06:43.856Z"}
{"level":"info","message":{"ip":"::1","method":"GET","timestamp":"2025-07-15T08:10:05.884Z","url":"/api/institutes/all-institutes"},"timestamp":"2025-07-15T08:10:05.884Z"}
{"level":"info","message":{"ip":"::1","method":"GET","timestamp":"2025-07-15T08:10:08.858Z","url":"/api/institutes/all-institutes"},"timestamp":"2025-07-15T08:10:08.858Z"}
{"level":"info","message":{"ip":"::1","method":"GET","timestamp":"2025-07-15T08:55:13.431Z","url":"/api/institutes/all-institutes"},"timestamp":"2025-07-15T08:55:13.433Z"}
{"level":"info","message":{"ip":"::1","method":"GET","timestamp":"2025-07-15T08:55:13.469Z","url":"/api/students/profile"},"timestamp":"2025-07-15T08:55:13.469Z"}
{"level":"info","message":{"ip":"::1","method":"GET","timestamp":"2025-07-15T08:55:17.014Z","url":"/api/students/profile"},"timestamp":"2025-07-15T08:55:17.014Z"}
{"level":"info","message":{"ip":"::1","method":"GET","timestamp":"2025-07-15T08:55:35.661Z","url":"/api/institutes/all-institutes"},"timestamp":"2025-07-15T08:55:35.661Z"}
{"level":"info","message":{"ip":"::1","method":"GET","timestamp":"2025-07-15T09:09:31.916Z","url":"/api/institutes/all-institutes"},"timestamp":"2025-07-15T09:09:31.916Z"}
{"level":"info","message":{"ip":"::1","method":"GET","timestamp":"2025-07-15T09:09:37.353Z","url":"/api/institutes/all-institutes"},"timestamp":"2025-07-15T09:09:37.353Z"}
{"level":"info","message":{"ip":"::1","method":"GET","timestamp":"2025-07-15T09:09:38.888Z","url":"/api/institutes/all-institutes"},"timestamp":"2025-07-15T09:09:38.888Z"}
{"level":"info","message":{"ip":"::1","method":"GET","timestamp":"2025-07-15T09:09:52.130Z","url":"/api/institutes/all-institutes"},"timestamp":"2025-07-15T09:09:52.130Z"}
{"level":"info","message":{"ip":"::1","method":"GET","timestamp":"2025-07-15T09:09:52.133Z","url":"/api/students/profile"},"timestamp":"2025-07-15T09:09:52.133Z"}
{"level":"info","message":{"ip":"::1","method":"GET","timestamp":"2025-07-15T09:09:55.044Z","url":"/api/students/profile"},"timestamp":"2025-07-15T09:09:55.044Z"}
{"level":"info","message":{"ip":"::1","method":"GET","timestamp":"2025-07-15T09:10:34.829Z","url":"/api/institutes/profile"},"timestamp":"2025-07-15T09:10:34.829Z"}
{"level":"info","message":{"ip":"::1","method":"GET","timestamp":"2025-07-15T09:10:34.855Z","url":"/api/students/profile"},"timestamp":"2025-07-15T09:10:34.855Z"}
{"level":"info","message":{"ip":"::1","method":"GET","timestamp":"2025-07-15T09:10:38.497Z","url":"/api/students/profile"},"timestamp":"2025-07-15T09:10:38.497Z"}
{"level":"info","message":{"ip":"::1","method":"GET","timestamp":"2025-07-15T09:10:44.514Z","url":"/api/institutes/all-institutes"},"timestamp":"2025-07-15T09:10:44.514Z"}
{"level":"info","message":{"ip":"::1","method":"GET","timestamp":"2025-07-15T09:10:44.522Z","url":"/api/students/profile"},"timestamp":"2025-07-15T09:10:44.523Z"}
{"level":"info","message":{"ip":"::1","method":"GET","timestamp":"2025-07-15T09:10:45.405Z","url":"/api/students/profile"},"timestamp":"2025-07-15T09:10:45.405Z"}
{"level":"info","message":{"ip":"::1","method":"GET","timestamp":"2025-07-15T09:11:38.698Z","url":"/api/institutes/all-institutes"},"timestamp":"2025-07-15T09:11:38.698Z"}
{"level":"info","message":{"ip":"::1","method":"GET","timestamp":"2025-07-15T09:11:44.265Z","url":"/api/students/profile"},"timestamp":"2025-07-15T09:11:44.265Z"}
{"level":"info","message":{"ip":"::1","method":"GET","timestamp":"2025-07-15T09:12:17.182Z","url":"/api/students/profile"},"timestamp":"2025-07-15T09:12:17.182Z"}
{"level":"info","message":{"ip":"::1","method":"GET","timestamp":"2025-07-15T09:12:17.734Z","url":"/api/students/profile"},"timestamp":"2025-07-15T09:12:17.734Z"}
{"level":"info","message":{"ip":"::1","method":"GET","timestamp":"2025-07-15T09:12:24.829Z","url":"/api/institutes/profile"},"timestamp":"2025-07-15T09:12:24.829Z"}
{"level":"info","message":{"ip":"::1","method":"GET","timestamp":"2025-07-15T09:12:24.846Z","url":"/api/students/profile"},"timestamp":"2025-07-15T09:12:24.846Z"}
{"level":"info","message":{"ip":"::1","method":"GET","timestamp":"2025-07-15T09:12:25.612Z","url":"/api/students/profile"},"timestamp":"2025-07-15T09:12:25.612Z"}
{"level":"info","message":{"ip":"::1","method":"GET","timestamp":"2025-07-15T09:12:27.110Z","url":"/api/students/profile"},"timestamp":"2025-07-15T09:12:27.110Z"}
{"level":"info","message":{"ip":"::1","method":"GET","timestamp":"2025-07-15T09:12:27.122Z","url":"/api/institutes/all-institutes"},"timestamp":"2025-07-15T09:12:27.122Z"}
{"level":"info","message":{"ip":"::1","method":"GET","timestamp":"2025-07-15T09:12:27.371Z","url":"/api/students/profile"},"timestamp":"2025-07-15T09:12:27.371Z"}
{"level":"info","message":{"ip":"::1","method":"GET","timestamp":"2025-07-15T09:14:23.267Z","url":"/api/institutes/all-institutes"},"timestamp":"2025-07-15T09:14:23.267Z"}
{"level":"info","message":{"ip":"::1","method":"GET","timestamp":"2025-07-15T09:14:23.277Z","url":"/api/students/profile"},"timestamp":"2025-07-15T09:14:23.278Z"}
{"level":"info","message":{"ip":"::1","method":"GET","timestamp":"2025-07-15T09:14:23.784Z","url":"/api/students/profile"},"timestamp":"2025-07-15T09:14:23.784Z"}
{"level":"info","message":{"ip":"::1","method":"GET","timestamp":"2025-07-15T09:15:23.370Z","url":"/api/institutes/all-institutes"},"timestamp":"2025-07-15T09:15:23.370Z"}
{"level":"info","message":{"ip":"::1","method":"GET","timestamp":"2025-07-15T09:17:44.753Z","url":"/api/students/profile"},"timestamp":"2025-07-15T09:17:44.753Z"}
{"level":"info","message":{"ip":"::1","method":"GET","timestamp":"2025-07-15T09:18:10.888Z","url":"/api/institutes/all-institutes"},"timestamp":"2025-07-15T09:18:10.888Z"}
{"level":"info","message":{"ip":"::1","method":"GET","timestamp":"2025-07-15T09:18:14.490Z","url":"/api/institutes/all-institutes"},"timestamp":"2025-07-15T09:18:14.490Z"}
{"level":"info","message":{"ip":"::1","method":"GET","timestamp":"2025-07-15T09:18:15.881Z","url":"/api/institutes/all-institutes"},"timestamp":"2025-07-15T09:18:15.881Z"}
{"level":"info","message":{"ip":"::1","method":"GET","timestamp":"2025-07-15T09:18:18.880Z","url":"/api/institutes/all-institutes"},"timestamp":"2025-07-15T09:18:18.880Z"}
{"level":"info","message":{"ip":"::1","method":"GET","timestamp":"2025-07-15T09:18:24.884Z","url":"/api/institutes/all-institutes"},"timestamp":"2025-07-15T09:18:24.884Z"}
{"level":"info","message":{"ip":"::1","method":"GET","timestamp":"2025-07-15T09:18:28.882Z","url":"/api/institutes/all-institutes"},"timestamp":"2025-07-15T09:18:28.882Z"}
{"level":"info","message":{"ip":"::1","method":"GET","timestamp":"2025-07-15T09:18:33.912Z","url":"/api/institutes/all-institutes"},"timestamp":"2025-07-15T09:18:33.912Z"}
{"level":"info","message":{"ip":"::1","method":"GET","timestamp":"2025-07-15T09:18:33.914Z","url":"/api/students/profile"},"timestamp":"2025-07-15T09:18:33.914Z"}
{"level":"info","message":{"ip":"::1","method":"GET","timestamp":"2025-07-15T09:18:37.445Z","url":"/api/students/profile"},"timestamp":"2025-07-15T09:18:37.445Z"}
{"level":"info","message":{"ip":"::1","method":"GET","timestamp":"2025-07-15T09:31:25.920Z","url":"/api/institutes/all-institutes"},"timestamp":"2025-07-15T09:31:25.921Z"}
{"level":"info","message":{"ip":"::1","method":"GET","timestamp":"2025-07-15T09:31:33.328Z","url":"/api/institutes/all-institutes"},"timestamp":"2025-07-15T09:31:33.328Z"}
{"level":"info","message":{"ip":"::1","method":"GET","timestamp":"2025-07-15T09:31:44.358Z","url":"/api/institutes/all-institutes"},"timestamp":"2025-07-15T09:31:44.358Z"}
{"level":"info","message":{"ip":"::1","method":"GET","timestamp":"2025-07-15T09:31:44.362Z","url":"/api/students/profile"},"timestamp":"2025-07-15T09:31:44.362Z"}
{"level":"info","message":{"ip":"::1","method":"GET","timestamp":"2025-07-15T09:31:46.689Z","url":"/api/students/profile"},"timestamp":"2025-07-15T09:31:46.689Z"}
{"level":"info","message":{"ip":"::1","method":"GET","timestamp":"2025-07-15T09:32:20.892Z","url":"/api/institutes/all-institutes"},"timestamp":"2025-07-15T09:32:20.892Z"}
{"level":"info","message":{"ip":"::1","method":"GET","timestamp":"2025-07-15T09:32:27.888Z","url":"/api/institutes/all-institutes"},"timestamp":"2025-07-15T09:32:27.888Z"}
{"level":"info","message":{"ip":"::1","method":"GET","timestamp":"2025-07-15T09:32:45.871Z","url":"/api/institutes/all-institutes"},"timestamp":"2025-07-15T09:32:45.871Z"}
{"level":"info","message":{"ip":"::1","method":"GET","timestamp":"2025-07-15T09:32:47.881Z","url":"/api/institutes/all-institutes"},"timestamp":"2025-07-15T09:32:47.881Z"}
{"level":"info","message":{"ip":"::1","method":"GET","timestamp":"2025-07-15T09:32:51.867Z","url":"/api/institutes/all-institutes"},"timestamp":"2025-07-15T09:32:51.867Z"}
{"level":"info","message":{"ip":"::1","method":"GET","timestamp":"2025-07-15T09:32:54.868Z","url":"/api/institutes/all-institutes"},"timestamp":"2025-07-15T09:32:54.868Z"}
{"level":"info","message":{"ip":"::1","method":"GET","timestamp":"2025-07-15T09:36:01.896Z","url":"/api/institutes/all-institutes"},"timestamp":"2025-07-15T09:36:01.896Z"}
{"level":"info","message":{"ip":"::1","method":"GET","timestamp":"2025-07-15T09:40:32.815Z","url":"/api/students/profile"},"timestamp":"2025-07-15T09:40:32.815Z"}
{"level":"info","message":{"ip":"::1","method":"GET","timestamp":"2025-07-15T09:40:39.892Z","url":"/api/institutes/all-institutes"},"timestamp":"2025-07-15T09:40:39.892Z"}
{"level":"info","message":{"ip":"::1","method":"GET","timestamp":"2025-07-15T09:43:30.867Z","url":"/api/institutes/all-institutes"},"timestamp":"2025-07-15T09:43:30.867Z"}
{"level":"info","message":{"ip":"::1","method":"GET","timestamp":"2025-07-15T09:43:41.873Z","url":"/api/institutes/all-institutes"},"timestamp":"2025-07-15T09:43:41.873Z"}
{"level":"info","message":{"ip":"::1","method":"GET","timestamp":"2025-07-15T09:43:43.863Z","url":"/api/institutes/all-institutes"},"timestamp":"2025-07-15T09:43:43.863Z"}
{"level":"info","message":{"ip":"::1","method":"GET","timestamp":"2025-07-15T09:43:51.580Z","url":"/api/institutes/all-institutes"},"timestamp":"2025-07-15T09:43:51.580Z"}
{"level":"info","message":{"ip":"::1","method":"GET","timestamp":"2025-07-15T09:43:51.584Z","url":"/api/students/profile"},"timestamp":"2025-07-15T09:43:51.584Z"}
{"level":"info","message":{"ip":"::1","method":"GET","timestamp":"2025-07-15T09:43:54.037Z","url":"/api/students/profile"},"timestamp":"2025-07-15T09:43:54.037Z"}
{"level":"info","message":{"ip":"::1","method":"GET","timestamp":"2025-07-15T09:43:56.585Z","url":"/api/students/profile"},"timestamp":"2025-07-15T09:43:56.585Z"}
{"level":"info","message":{"ip":"::1","method":"GET","timestamp":"2025-07-15T09:43:56.590Z","url":"/api/institutes/all-institutes"},"timestamp":"2025-07-15T09:43:56.590Z"}
{"level":"info","message":{"ip":"::1","method":"GET","timestamp":"2025-07-15T09:43:57.442Z","url":"/api/students/profile"},"timestamp":"2025-07-15T09:43:57.442Z"}
{"level":"info","message":{"ip":"::1","method":"GET","timestamp":"2025-07-15T09:44:02.269Z","url":"/api/students/profile"},"timestamp":"2025-07-15T09:44:02.269Z"}
{"level":"info","message":{"ip":"::1","method":"GET","timestamp":"2025-07-15T09:44:02.273Z","url":"/api/institutes/all-institutes"},"timestamp":"2025-07-15T09:44:02.273Z"}
{"level":"info","message":{"ip":"::1","method":"GET","timestamp":"2025-07-15T09:44:02.617Z","url":"/api/students/profile"},"timestamp":"2025-07-15T09:44:02.617Z"}
{"level":"info","message":{"ip":"::1","method":"GET","timestamp":"2025-07-15T09:45:06.061Z","url":"/api/institutes/all-institutes"},"timestamp":"2025-07-15T09:45:06.062Z"}
{"level":"info","message":{"ip":"::1","method":"GET","timestamp":"2025-07-15T09:45:06.064Z","url":"/api/students/profile"},"timestamp":"2025-07-15T09:45:06.064Z"}
{"level":"info","message":{"ip":"::1","method":"GET","timestamp":"2025-07-15T09:45:06.583Z","url":"/api/students/profile"},"timestamp":"2025-07-15T09:45:06.583Z"}
{"level":"info","message":{"ip":"::1","method":"GET","timestamp":"2025-07-15T09:46:03.745Z","url":"/api/students/profile"},"timestamp":"2025-07-15T09:46:03.745Z"}
{"level":"info","message":{"ip":"::1","method":"GET","timestamp":"2025-07-15T09:46:04.793Z","url":"/api/students/profile"},"timestamp":"2025-07-15T09:46:04.793Z"}
{"level":"info","message":{"ip":"::1","method":"GET","timestamp":"2025-07-15T09:46:28.290Z","url":"/api/students/profile"},"timestamp":"2025-07-15T09:46:28.290Z"}
{"level":"info","message":{"ip":"::1","method":"GET","timestamp":"2025-07-15T09:46:28.947Z","url":"/api/students/profile"},"timestamp":"2025-07-15T09:46:28.947Z"}
{"level":"info","message":{"ip":"::1","method":"GET","timestamp":"2025-07-15T09:46:29.887Z","url":"/api/institutes/all-institutes"},"timestamp":"2025-07-15T09:46:29.887Z"}
{"level":"info","message":{"ip":"::1","method":"GET","timestamp":"2025-07-15T09:46:41.045Z","url":"/api/institutes/all-institutes"},"timestamp":"2025-07-15T09:46:41.045Z"}
{"level":"info","message":{"ip":"::1","method":"GET","timestamp":"2025-07-15T09:49:03.235Z","url":"/api/students/profile"},"timestamp":"2025-07-15T09:49:03.235Z"}
{"level":"info","message":{"ip":"::1","method":"GET","timestamp":"2025-07-15T09:49:04.562Z","url":"/api/institutes/all-institutes"},"timestamp":"2025-07-15T09:49:04.562Z"}
{"level":"info","message":{"ip":"::1","method":"GET","timestamp":"2025-07-15T09:49:05.594Z","url":"/api/students/profile"},"timestamp":"2025-07-15T09:49:05.594Z"}
{"level":"info","message":{"ip":"::1","method":"GET","timestamp":"2025-07-15T09:49:14.989Z","url":"/api/institutes/all-institutes"},"timestamp":"2025-07-15T09:49:14.989Z"}
{"level":"info","message":{"ip":"::1","method":"GET","timestamp":"2025-07-15T09:49:29.489Z","url":"/api/institutes/all-institutes"},"timestamp":"2025-07-15T09:49:29.489Z"}
{"level":"info","message":{"ip":"::1","method":"GET","timestamp":"2025-07-15T09:49:35.824Z","url":"/api/institutes/all-institutes"},"timestamp":"2025-07-15T09:49:35.824Z"}
{"level":"info","message":{"ip":"::1","method":"GET","timestamp":"2025-07-15T09:49:49.314Z","url":"/api/institutes/all-institutes"},"timestamp":"2025-07-15T09:49:49.314Z"}
{"level":"info","message":{"ip":"::1","method":"GET","timestamp":"2025-07-15T09:53:09.125Z","url":"/api/institutes/all-institutes"},"timestamp":"2025-07-15T09:53:09.125Z"}
{"level":"info","message":{"ip":"::1","method":"GET","timestamp":"2025-07-15T09:53:09.128Z","url":"/api/students/profile"},"timestamp":"2025-07-15T09:53:09.128Z"}
{"level":"info","message":{"ip":"::1","method":"GET","timestamp":"2025-07-15T09:53:09.640Z","url":"/api/students/profile"},"timestamp":"2025-07-15T09:53:09.640Z"}
{"level":"info","message":{"ip":"::1","method":"GET","timestamp":"2025-07-15T09:53:12.110Z","url":"/api/institutes/all-institutes"},"timestamp":"2025-07-15T09:53:12.110Z"}
{"level":"info","message":{"ip":"::1","method":"GET","timestamp":"2025-07-15T09:53:12.114Z","url":"/api/students/profile"},"timestamp":"2025-07-15T09:53:12.114Z"}
{"level":"info","message":{"ip":"::1","method":"GET","timestamp":"2025-07-15T09:53:12.367Z","url":"/api/students/profile"},"timestamp":"2025-07-15T09:53:12.367Z"}
{"level":"info","message":{"ip":"::1","method":"GET","timestamp":"2025-07-15T09:54:04.945Z","url":"/api/institutes/all-institutes"},"timestamp":"2025-07-15T09:54:04.945Z"}
{"level":"info","message":{"ip":"::1","method":"GET","timestamp":"2025-07-15T09:54:04.951Z","url":"/api/students/profile"},"timestamp":"2025-07-15T09:54:04.951Z"}
{"level":"info","message":{"ip":"::1","method":"GET","timestamp":"2025-07-15T09:54:05.457Z","url":"/api/students/profile"},"timestamp":"2025-07-15T09:54:05.457Z"}
{"level":"info","message":{"ip":"::1","method":"GET","timestamp":"2025-07-15T09:54:31.372Z","url":"/api/institutes/all-institutes"},"timestamp":"2025-07-15T09:54:31.373Z"}
{"level":"info","message":{"ip":"::1","method":"GET","timestamp":"2025-07-15T09:54:31.376Z","url":"/api/students/profile"},"timestamp":"2025-07-15T09:54:31.376Z"}
{"level":"info","message":{"ip":"::1","method":"GET","timestamp":"2025-07-15T09:54:34.087Z","url":"/api/students/profile"},"timestamp":"2025-07-15T09:54:34.087Z"}
{"level":"info","message":{"ip":"::1","method":"GET","timestamp":"2025-07-15T09:55:06.804Z","url":"/api/institutes/all-institutes"},"timestamp":"2025-07-15T09:55:06.804Z"}
{"level":"info","message":{"ip":"::1","method":"GET","timestamp":"2025-07-15T09:55:06.806Z","url":"/api/students/profile"},"timestamp":"2025-07-15T09:55:06.806Z"}
{"level":"info","message":{"ip":"::1","method":"GET","timestamp":"2025-07-15T09:55:07.296Z","url":"/api/students/profile"},"timestamp":"2025-07-15T09:55:07.296Z"}
{"level":"info","message":{"ip":"::1","method":"GET","timestamp":"2025-07-15T09:55:16.805Z","url":"/api/students/profile"},"timestamp":"2025-07-15T09:55:16.805Z"}
{"level":"info","message":{"ip":"::1","method":"GET","timestamp":"2025-07-15T09:55:16.821Z","url":"/api/institutes/all-institutes"},"timestamp":"2025-07-15T09:55:16.821Z"}
{"level":"info","message":{"ip":"::1","method":"GET","timestamp":"2025-07-15T09:55:17.227Z","url":"/api/students/profile"},"timestamp":"2025-07-15T09:55:17.227Z"}
{"level":"info","message":{"ip":"::1","method":"GET","timestamp":"2025-07-15T10:10:03.157Z","url":"/api/students/profile"},"timestamp":"2025-07-15T10:10:03.157Z"}
{"level":"info","message":{"ip":"::1","method":"GET","timestamp":"2025-07-15T10:10:03.173Z","url":"/api/institutes/all-institutes"},"timestamp":"2025-07-15T10:10:03.173Z"}
{"level":"info","message":{"ip":"::1","method":"GET","timestamp":"2025-07-15T10:10:06.349Z","url":"/api/students/profile"},"timestamp":"2025-07-15T10:10:06.349Z"}
{"level":"info","message":{"ip":"::1","method":"GET","timestamp":"2025-07-15T10:10:26.635Z","url":"/api/institutes/all-institutes"},"timestamp":"2025-07-15T10:10:26.635Z"}
{"level":"info","message":{"ip":"::1","method":"GET","timestamp":"2025-07-15T10:10:26.638Z","url":"/api/students/profile"},"timestamp":"2025-07-15T10:10:26.638Z"}
{"level":"info","message":{"ip":"::1","method":"GET","timestamp":"2025-07-15T10:10:27.135Z","url":"/api/students/profile"},"timestamp":"2025-07-15T10:10:27.135Z"}
{"level":"info","message":{"ip":"::1","method":"POST","timestamp":"2025-07-15T10:10:33.044Z","url":"/api/students/logout"},"timestamp":"2025-07-15T10:10:33.044Z"}
{"level":"info","message":{"ip":"::1","method":"GET","timestamp":"2025-07-15T10:10:36.864Z","url":"/api/students/profile"},"timestamp":"2025-07-15T10:10:36.864Z"}
{"level":"info","message":{"ip":"::1","method":"GET","timestamp":"2025-07-15T10:10:36.877Z","url":"/api/institutes/all-institutes"},"timestamp":"2025-07-15T10:10:36.877Z"}
{"level":"info","message":{"ip":"::1","method":"GET","timestamp":"2025-07-15T10:10:36.893Z","url":"/api/students/profile"},"timestamp":"2025-07-15T10:10:36.893Z"}
{"level":"info","message":{"ip":"::1","method":"GET","timestamp":"2025-07-15T10:10:36.907Z","url":"/api/institutes/profile"},"timestamp":"2025-07-15T10:10:36.907Z"}
{"level":"info","message":{"ip":"::1","method":"GET","timestamp":"2025-07-15T10:10:36.920Z","url":"/api/institutes/profile"},"timestamp":"2025-07-15T10:10:36.920Z"}
{"level":"info","message":{"ip":"::1","method":"GET","timestamp":"2025-07-15T10:10:39.260Z","url":"/api/students/profile"},"timestamp":"2025-07-15T10:10:39.260Z"}
{"level":"info","message":{"ip":"::1","method":"GET","timestamp":"2025-07-15T10:10:39.280Z","url":"/api/institutes/all-institutes"},"timestamp":"2025-07-15T10:10:39.280Z"}
{"level":"info","message":{"ip":"::1","method":"GET","timestamp":"2025-07-15T10:10:39.292Z","url":"/api/students/profile"},"timestamp":"2025-07-15T10:10:39.292Z"}
{"level":"info","message":{"ip":"::1","method":"GET","timestamp":"2025-07-15T10:10:39.303Z","url":"/api/institutes/profile"},"timestamp":"2025-07-15T10:10:39.303Z"}
{"level":"info","message":{"ip":"::1","method":"GET","timestamp":"2025-07-15T10:10:39.360Z","url":"/api/institutes/profile"},"timestamp":"2025-07-15T10:10:39.360Z"}
{"level":"info","message":{"ip":"::1","method":"GET","timestamp":"2025-07-19T16:58:26.053Z","url":"/api/students/profile"},"timestamp":"2025-07-19T16:58:26.054Z"}
{"level":"info","message":{"ip":"::1","method":"GET","timestamp":"2025-07-19T16:59:09.302Z","url":"/api/students/profile"},"timestamp":"2025-07-19T16:59:09.302Z"}
{"level":"info","message":{"ip":"::1","method":"GET","timestamp":"2025-07-19T17:00:11.647Z","url":"/api/institutes/all-institutes"},"timestamp":"2025-07-19T17:00:11.647Z"}
{"level":"info","message":{"ip":"::1","method":"POST","timestamp":"2025-07-19T17:00:18.132Z","url":"/api/students/logout"},"timestamp":"2025-07-19T17:00:18.132Z"}
{"level":"info","message":{"ip":"::1","method":"POST","timestamp":"2025-07-19T17:01:17.263Z","url":"/api/students/signup"},"timestamp":"2025-07-19T17:01:17.263Z"}
{"level":"info","message":{"ip":"::1","method":"POST","timestamp":"2025-07-19T17:01:50.117Z","url":"/api/students/verify"},"timestamp":"2025-07-19T17:01:50.117Z"}
{"level":"info","message":{"ip":"::1","method":"GET","timestamp":"2025-07-19T17:01:52.270Z","url":"/api/students/profile"},"timestamp":"2025-07-19T17:01:52.270Z"}
{"level":"info","message":{"ip":"::1","method":"GET","timestamp":"2025-07-19T17:02:00.246Z","url":"/api/students/profile"},"timestamp":"2025-07-19T17:02:00.246Z"}
{"level":"info","message":{"ip":"::1","method":"GET","timestamp":"2025-07-21T13:20:57.357Z","url":"/api/institutes/all-institutes"},"timestamp":"2025-07-21T13:20:57.358Z"}
{"level":"info","message":{"ip":"::1","method":"GET","timestamp":"2025-07-21T13:22:08.015Z","url":"/api/institutes/institutes-data"},"timestamp":"2025-07-21T13:22:08.015Z"}
{"level":"info","message":{"ip":"::1","method":"GET","timestamp":"2025-07-21T14:11:03.944Z","url":"/api/institutes/all-institutes"},"timestamp":"2025-07-21T14:11:03.945Z"}
{"level":"info","message":{"ip":"::1","method":"GET","timestamp":"2025-07-21T14:16:00.289Z","url":"/api/institutes/all-institutes"},"timestamp":"2025-07-21T14:16:00.289Z"}
{"level":"info","message":{"ip":"::1","method":"GET","timestamp":"2025-07-21T14:52:21.510Z","url":"/api/institutes/all-institutes"},"timestamp":"2025-07-21T14:52:21.510Z"}
{"level":"info","message":{"ip":"::1","method":"GET","timestamp":"2025-07-21T15:05:01.060Z","url":"/api/institutes/all-institutes"},"timestamp":"2025-07-21T15:05:01.061Z"}
{"level":"info","message":{"ip":"::1","method":"GET","timestamp":"2025-07-21T15:13:00.763Z","url":"/api/institutes/all-institutes"},"timestamp":"2025-07-21T15:13:00.763Z"}
{"level":"info","message":{"ip":"::1","method":"GET","timestamp":"2025-07-21T15:16:22.565Z","url":"/api/institutes/all-institutes"},"timestamp":"2025-07-21T15:16:22.565Z"}
{"level":"info","message":{"ip":"::1","method":"GET","timestamp":"2025-07-21T15:18:52.662Z","url":"/api/institutes/all-institutes"},"timestamp":"2025-07-21T15:18:52.662Z"}
{"level":"info","message":{"ip":"::1","method":"GET","timestamp":"2025-07-21T15:26:05.157Z","url":"/api/institutes/all-institutes"},"timestamp":"2025-07-21T15:26:05.157Z"}
{"level":"info","message":{"ip":"::1","method":"GET","timestamp":"2025-07-21T15:32:33.748Z","url":"/api/institutes/all-institutes"},"timestamp":"2025-07-21T15:32:33.748Z"}
{"level":"info","message":{"ip":"::1","method":"GET","timestamp":"2025-07-21T15:33:12.969Z","url":"/api/institutes/all-institutes"},"timestamp":"2025-07-21T15:33:12.969Z"}
{"level":"info","message":{"ip":"::1","method":"GET","timestamp":"2025-07-21T15:33:32.738Z","url":"/api/institutes/all-institutes"},"timestamp":"2025-07-21T15:33:32.738Z"}
{"level":"info","message":{"ip":"::1","method":"GET","timestamp":"2025-07-21T15:33:33.189Z","url":"/api/institutes/all-institutes"},"timestamp":"2025-07-21T15:33:33.189Z"}
{"level":"info","message":{"ip":"::1","method":"GET","timestamp":"2025-07-21T15:33:57.893Z","url":"/api/institutes/all-institutes"},"timestamp":"2025-07-21T15:33:57.893Z"}
{"level":"info","message":{"ip":"::1","method":"GET","timestamp":"2025-07-21T15:35:38.435Z","url":"/api/institutes/all-institutes"},"timestamp":"2025-07-21T15:35:38.436Z"}
{"level":"info","message":{"ip":"::1","method":"GET","timestamp":"2025-07-21T15:36:28.850Z","url":"/api/institutes/all-institutes"},"timestamp":"2025-07-21T15:36:28.850Z"}
{"level":"info","message":{"ip":"::1","method":"GET","timestamp":"2025-07-21T15:36:43.702Z","url":"/api/institutes/all-institutes?id=461e9854-e329-4820-adeb-0127f2080580&vscodeBrowserReqId=1753112203687"},"timestamp":"2025-07-21T15:36:43.702Z"}
{"level":"info","message":{"ip":"::1","method":"GET","timestamp":"2025-07-21T15:39:01.791Z","url":"/api/institutes/all-institutes?id=461e9854-e329-4820-adeb-0127f2080580&vscodeBrowserReqId=1753112341735"},"timestamp":"2025-07-21T15:39:01.791Z"}
{"level":"info","message":{"ip":"::1","method":"GET","timestamp":"2025-07-21T15:39:07.467Z","url":"/api/institutes/all-institutes"},"timestamp":"2025-07-21T15:39:07.467Z"}
{"level":"info","message":{"ip":"::1","method":"GET","timestamp":"2025-07-21T15:40:22.169Z","url":"/api/institutes/all-institutes"},"timestamp":"2025-07-21T15:40:22.169Z"}
{"level":"info","message":{"ip":"::1","method":"GET","timestamp":"2025-07-21T15:40:58.472Z","url":"/api/institutes/all-institutes"},"timestamp":"2025-07-21T15:40:58.472Z"}
{"level":"info","message":{"ip":"::1","method":"GET","timestamp":"2025-07-21T15:44:07.033Z","url":"/api/institutes/all-institutes"},"timestamp":"2025-07-21T15:44:07.034Z"}
{"level":"info","message":{"ip":"::1","method":"GET","timestamp":"2025-07-21T15:53:36.299Z","url":"/api/institutes/all-institutes"},"timestamp":"2025-07-21T15:53:36.299Z"}
{"level":"info","message":{"ip":"::1","method":"GET","timestamp":"2025-07-21T15:55:05.250Z","url":"/api/institutes/all-institutes"},"timestamp":"2025-07-21T15:55:05.250Z"}
{"level":"info","message":{"ip":"::1","method":"GET","timestamp":"2025-07-21T15:59:25.646Z","url":"/api/institutes/all-institutes"},"timestamp":"2025-07-21T15:59:25.650Z"}
{"level":"info","message":{"ip":"::1","method":"GET","timestamp":"2025-07-21T16:01:21.117Z","url":"/api/institutes/all-institutes"},"timestamp":"2025-07-21T16:01:21.117Z"}
{"level":"info","message":{"ip":"::1","method":"GET","timestamp":"2025-07-21T16:01:44.794Z","url":"/api/institutes/all-institutes"},"timestamp":"2025-07-21T16:01:44.794Z"}
{"level":"info","message":{"ip":"::1","method":"GET","timestamp":"2025-07-21T16:02:56.399Z","url":"/api/institutes/all-institutes"},"timestamp":"2025-07-21T16:02:56.399Z"}
{"level":"info","message":{"ip":"::1","method":"GET","timestamp":"2025-07-21T16:10:50.742Z","url":"/api/institutes/all-institutes"},"timestamp":"2025-07-21T16:10:50.742Z"}
{"level":"info","message":{"ip":"::1","method":"GET","timestamp":"2025-07-21T16:14:41.940Z","url":"/api/institutes/all-institutes"},"timestamp":"2025-07-21T16:14:41.941Z"}
{"level":"info","message":{"ip":"::1","method":"GET","timestamp":"2025-07-21T16:20:25.701Z","url":"/api/institute/123"},"timestamp":"2025-07-21T16:20:25.702Z"}
{"level":"info","message":{"ip":"::1","method":"GET","timestamp":"2025-07-21T16:20:25.795Z","url":"/favicon.ico"},"timestamp":"2025-07-21T16:20:25.795Z"}
{"level":"info","message":{"ip":"::1","method":"GET","timestamp":"2025-07-21T16:25:56.694Z","url":"/api/institute/123"},"timestamp":"2025-07-21T16:25:56.695Z"}
{"level":"info","message":{"ip":"::1","method":"GET","timestamp":"2025-07-21T16:27:12.476Z","url":"/api/institute/123"},"timestamp":"2025-07-21T16:27:12.476Z"}
{"level":"info","message":{"ip":"::1","method":"GET","timestamp":"2025-07-21T16:27:14.110Z","url":"/api/institute/123"},"timestamp":"2025-07-21T16:27:14.110Z"}
{"level":"info","message":{"ip":"::1","method":"GET","timestamp":"2025-07-21T16:27:14.340Z","url":"/api/institute/123"},"timestamp":"2025-07-21T16:27:14.340Z"}
{"level":"info","message":{"ip":"::1","method":"GET","timestamp":"2025-07-21T16:27:14.958Z","url":"/api/institute/123"},"timestamp":"2025-07-21T16:27:14.958Z"}
{"level":"info","message":{"ip":"::1","method":"GET","timestamp":"2025-07-21T16:27:15.320Z","url":"/api/institute/123"},"timestamp":"2025-07-21T16:27:15.320Z"}
{"level":"info","message":{"ip":"::1","method":"GET","timestamp":"2025-07-21T16:27:50.451Z","url":"/api/institute/123"},"timestamp":"2025-07-21T16:27:50.451Z"}
{"level":"info","message":{"ip":"::1","method":"GET","timestamp":"2025-07-21T16:27:51.527Z","url":"/api/institute/123"},"timestamp":"2025-07-21T16:27:51.527Z"}
{"level":"info","message":{"ip":"::1","method":"GET","timestamp":"2025-07-21T16:27:51.708Z","url":"/api/institute/123"},"timestamp":"2025-07-21T16:27:51.708Z"}
{"level":"info","message":{"ip":"::1","method":"GET","timestamp":"2025-07-21T16:27:51.921Z","url":"/api/institute/123"},"timestamp":"2025-07-21T16:27:51.921Z"}
{"level":"info","message":{"ip":"::1","method":"GET","timestamp":"2025-07-21T16:29:00.133Z","url":"/api/institute/123"},"timestamp":"2025-07-21T16:29:00.133Z"}
{"level":"info","message":{"ip":"::1","method":"GET","timestamp":"2025-07-21T16:29:01.172Z","url":"/api/institute/123"},"timestamp":"2025-07-21T16:29:01.172Z"}
{"level":"info","message":{"ip":"::1","method":"GET","timestamp":"2025-07-21T16:29:01.478Z","url":"/api/institute/123"},"timestamp":"2025-07-21T16:29:01.478Z"}
{"level":"info","message":{"ip":"::1","method":"GET","timestamp":"2025-07-21T16:29:01.905Z","url":"/api/institute/123"},"timestamp":"2025-07-21T16:29:01.905Z"}
{"level":"info","message":{"ip":"::1","method":"GET","timestamp":"2025-07-21T16:30:40.780Z","url":"/api/institute/123"},"timestamp":"2025-07-21T16:30:40.781Z"}
{"level":"info","message":{"ip":"::1","method":"GET","timestamp":"2025-07-21T16:30:41.795Z","url":"/api/institute/123"},"timestamp":"2025-07-21T16:30:41.795Z"}
{"level":"info","message":{"ip":"::1","method":"GET","timestamp":"2025-07-21T16:30:42.108Z","url":"/api/institute/123"},"timestamp":"2025-07-21T16:30:42.108Z"}
{"level":"info","message":{"ip":"::1","method":"GET","timestamp":"2025-07-21T16:30:42.431Z","url":"/api/institute/123"},"timestamp":"2025-07-21T16:30:42.431Z"}
{"level":"info","message":{"ip":"::1","method":"GET","timestamp":"2025-07-21T16:31:30.834Z","url":"/api/institute/123"},"timestamp":"2025-07-21T16:31:30.835Z"}
{"level":"info","message":{"ip":"::1","method":"GET","timestamp":"2025-07-21T16:32:17.029Z","url":"/api/institute/123"},"timestamp":"2025-07-21T16:32:17.029Z"}
{"level":"info","message":{"ip":"::1","method":"GET","timestamp":"2025-07-21T16:33:48.069Z","url":"/api/institute/123"},"timestamp":"2025-07-21T16:33:48.069Z"}
{"level":"info","message":{"ip":"::1","method":"GET","timestamp":"2025-07-21T16:33:49.290Z","url":"/api/institute/123"},"timestamp":"2025-07-21T16:33:49.290Z"}
{"level":"info","message":{"ip":"::1","method":"GET","timestamp":"2025-07-21T16:33:49.596Z","url":"/api/institute/123"},"timestamp":"2025-07-21T16:33:49.596Z"}
{"level":"info","message":{"ip":"::1","method":"GET","timestamp":"2025-07-21T16:33:49.928Z","url":"/api/institute/123"},"timestamp":"2025-07-21T16:33:49.928Z"}
{"level":"info","message":{"ip":"::1","method":"GET","timestamp":"2025-07-21T16:33:50.229Z","url":"/api/institute/123"},"timestamp":"2025-07-21T16:33:50.229Z"}
{"level":"info","message":{"ip":"::1","method":"GET","timestamp":"2025-07-21T16:36:07.870Z","url":"/api/institute/123"},"timestamp":"2025-07-21T16:36:07.870Z"}
{"level":"info","message":{"ip":"::1","method":"GET","timestamp":"2025-07-21T16:36:08.108Z","url":"/api/institute/123"},"timestamp":"2025-07-21T16:36:08.108Z"}
{"level":"info","message":{"ip":"::1","method":"GET","timestamp":"2025-07-21T16:36:09.096Z","url":"/api/institute/123"},"timestamp":"2025-07-21T16:36:09.096Z"}
{"level":"info","message":{"ip":"::1","method":"GET","timestamp":"2025-07-21T16:36:09.447Z","url":"/api/institute/123"},"timestamp":"2025-07-21T16:36:09.447Z"}
{"level":"info","message":{"ip":"::1","method":"GET","timestamp":"2025-07-21T16:39:26.426Z","url":"/api/institute/123"},"timestamp":"2025-07-21T16:39:26.426Z"}
{"level":"info","message":{"ip":"::1","method":"GET","timestamp":"2025-07-21T16:39:27.399Z","url":"/api/institute/123"},"timestamp":"2025-07-21T16:39:27.399Z"}
{"level":"info","message":{"ip":"::1","method":"GET","timestamp":"2025-07-21T16:39:27.699Z","url":"/api/institute/123"},"timestamp":"2025-07-21T16:39:27.699Z"}
{"level":"info","message":{"ip":"::1","method":"GET","timestamp":"2025-07-21T16:39:27.931Z","url":"/api/institute/123"},"timestamp":"2025-07-21T16:39:27.931Z"}
{"level":"info","message":{"ip":"::1","method":"GET","timestamp":"2025-07-21T16:39:28.175Z","url":"/api/institute/123"},"timestamp":"2025-07-21T16:39:28.175Z"}
{"level":"info","message":{"ip":"::1","method":"GET","timestamp":"2025-07-21T16:39:28.376Z","url":"/api/institute/123"},"timestamp":"2025-07-21T16:39:28.376Z"}
{"level":"info","message":{"ip":"::1","method":"GET","timestamp":"2025-07-21T16:39:28.667Z","url":"/api/institute/123"},"timestamp":"2025-07-21T16:39:28.667Z"}
{"level":"info","message":{"ip":"::1","method":"GET","timestamp":"2025-07-21T16:39:28.849Z","url":"/api/institute/123"},"timestamp":"2025-07-21T16:39:28.849Z"}
{"level":"info","message":{"ip":"::1","method":"GET","timestamp":"2025-07-21T16:39:29.068Z","url":"/api/institute/123"},"timestamp":"2025-07-21T16:39:29.068Z"}
{"level":"info","message":{"ip":"::1","method":"GET","timestamp":"2025-07-21T16:53:14.799Z","url":"/api/institute/123?id=9788039c-9b64-44fe-8832-322eec3bbf55&vscodeBrowserReqId=1753116794775"},"timestamp":"2025-07-21T16:53:14.800Z"}
{"level":"info","message":{"ip":"::1","method":"GET","timestamp":"2025-07-21T16:53:39.672Z","url":"/api/institute/123"},"timestamp":"2025-07-21T16:53:39.672Z"}
{"level":"info","message":{"ip":"::1","method":"GET","timestamp":"2025-07-21T16:53:55.738Z","url":"/api/institute/123?id=9788039c-9b64-44fe-8832-322eec3bbf55&vscodeBrowserReqId=1753116835727"},"timestamp":"2025-07-21T16:53:55.738Z"}
{"level":"info","message":{"ip":"::1","method":"GET","timestamp":"2025-07-21T16:55:54.694Z","url":"/test?id=9788039c-9b64-44fe-8832-322eec3bbf55&vscodeBrowserReqId=1753116954679"},"timestamp":"2025-07-21T16:55:54.694Z"}
{"level":"info","message":{"ip":"::1","method":"GET","timestamp":"2025-07-21T16:56:03.882Z","url":"/api/institute/123"},"timestamp":"2025-07-21T16:56:03.882Z"}
{"level":"info","message":{"ip":"::1","method":"GET","timestamp":"2025-07-21T17:00:16.402Z","url":"/api/institutes/6f4c6217-7acf-4428-9f32-3e6a63b00e42"},"timestamp":"2025-07-21T17:00:16.402Z"}
{"level":"info","message":{"ip":"::1","method":"GET","timestamp":"2025-07-21T17:02:44.015Z","url":"/api/institutes/6f4c6217-7acf-4428-9f32-3e6a63b00e42"},"timestamp":"2025-07-21T17:02:44.015Z"}
{"level":"info","message":{"ip":"::1","method":"GET","timestamp":"2025-07-21T17:02:45.226Z","url":"/api/institutes/6f4c6217-7acf-4428-9f32-3e6a63b00e42"},"timestamp":"2025-07-21T17:02:45.226Z"}
{"level":"info","message":{"ip":"::1","method":"GET","timestamp":"2025-07-21T17:02:45.361Z","url":"/api/institutes/6f4c6217-7acf-4428-9f32-3e6a63b00e42"},"timestamp":"2025-07-21T17:02:45.361Z"}
{"level":"info","message":{"ip":"::1","method":"GET","timestamp":"2025-07-21T17:02:45.543Z","url":"/api/institutes/6f4c6217-7acf-4428-9f32-3e6a63b00e42"},"timestamp":"2025-07-21T17:02:45.543Z"}
{"level":"info","message":{"ip":"::1","method":"GET","timestamp":"2025-07-21T17:02:45.760Z","url":"/api/institutes/6f4c6217-7acf-4428-9f32-3e6a63b00e42"},"timestamp":"2025-07-21T17:02:45.761Z"}
{"level":"info","message":{"ip":"::1","method":"GET","timestamp":"2025-07-21T17:19:50.858Z","url":"/api/institutes/6f4c6217-7acf-4428-9f32-3e6a63b00e42"},"timestamp":"2025-07-21T17:19:50.858Z"}
{"level":"info","message":{"ip":"::1","method":"GET","timestamp":"2025-07-21T17:21:41.242Z","url":"/api/institutes/6f4c6217-7acf-4428-9f32-3e6a63b00e42"},"timestamp":"2025-07-21T17:21:41.243Z"}
{"level":"info","message":{"ip":"::1","method":"GET","timestamp":"2025-07-21T17:23:44.277Z","url":"/api/institutes/6f4c6217-7acf-4428-9f32-3e6a63b00e42"},"timestamp":"2025-07-21T17:23:44.277Z"}
{"level":"info","message":{"ip":"::1","method":"GET","timestamp":"2025-07-21T17:27:43.333Z","url":"/api/institutes/4052e945-6a45-4722-98c9-12dbb973f1ee"},"timestamp":"2025-07-21T17:27:43.333Z"}
{"level":"info","message":{"ip":"::1","method":"GET","timestamp":"2025-07-21T17:30:06.497Z","url":"/api/institutes/4052e945-6a45-4722-98c9-12dbb973f1ee"},"timestamp":"2025-07-21T17:30:06.497Z"}
{"level":"info","message":{"ip":"::1","method":"GET","timestamp":"2025-07-21T17:30:07.830Z","url":"/api/institutes/4052e945-6a45-4722-98c9-12dbb973f1ee"},"timestamp":"2025-07-21T17:30:07.830Z"}
{"level":"info","message":{"ip":"::1","method":"GET","timestamp":"2025-07-21T17:30:08.584Z","url":"/api/institutes/4052e945-6a45-4722-98c9-12dbb973f1ee"},"timestamp":"2025-07-21T17:30:08.584Z"}
{"level":"info","message":{"ip":"::1","method":"GET","timestamp":"2025-07-21T17:31:33.853Z","url":"/api/institutes/4052e945-6a45-4722-98c9-12dbb973f1ee"},"timestamp":"2025-07-21T17:31:33.853Z"}
{"level":"info","message":{"ip":"::1","method":"GET","timestamp":"2025-07-21T17:32:55.547Z","url":"/api/institutes/4052e945-6a45-4722-98c9-12dbb973f1ee"},"timestamp":"2025-07-21T17:32:55.548Z"}
{"level":"info","message":{"ip":"::1","method":"GET","timestamp":"2025-07-21T17:32:58.246Z","url":"/api/institutes/4052e945-6a45-4722-98c9-12dbb973f1ee"},"timestamp":"2025-07-21T17:32:58.246Z"}
{"level":"info","message":{"ip":"::1","method":"GET","timestamp":"2025-07-21T17:33:14.264Z","url":"/api/institutes/4052e945-6a45-4722-98c9-12dbb973f1ee"},"timestamp":"2025-07-21T17:33:14.265Z"}
{"level":"info","message":{"ip":"::1","method":"GET","timestamp":"2025-07-21T17:34:40.590Z","url":"/api/institutes/4052e945-6a45-4722-98c9-12dbb973f1ee"},"timestamp":"2025-07-21T17:34:40.590Z"}
{"level":"info","message":{"ip":"::1","method":"GET","timestamp":"2025-07-21T17:34:53.236Z","url":"/api/institutes/4052e945-6a45-4722-98c9-12dbb973f1ee"},"timestamp":"2025-07-21T17:34:53.236Z"}
{"level":"info","message":{"ip":"::1","method":"GET","timestamp":"2025-07-21T17:35:05.835Z","url":"/api/institutes/4052e945-6a45-4722-98c9-12dbb973f1ee"},"timestamp":"2025-07-21T17:35:05.836Z"}
{"level":"info","message":{"ip":"::1","method":"GET","timestamp":"2025-07-21T17:35:21.963Z","url":"/api/institutes/4052e945-6a45-4722-98c9-12dbb973f1ee"},"timestamp":"2025-07-21T17:35:21.963Z"}
{"level":"info","message":{"ip":"::1","method":"GET","timestamp":"2025-07-21T17:35:23.962Z","url":"/api/institutes/4052e945-6a45-4722-98c9-12dbb973f1ee"},"timestamp":"2025-07-21T17:35:23.962Z"}
{"level":"info","message":{"ip":"::1","method":"GET","timestamp":"2025-07-21T17:36:32.793Z","url":"/api/institutes/4052e945-6a45-4722-98c9-12dbb973f1ee"},"timestamp":"2025-07-21T17:36:32.793Z"}
{"level":"info","message":{"ip":"::1","method":"GET","timestamp":"2025-07-21T17:40:22.950Z","url":"/api/institutes/all-institutes"},"timestamp":"2025-07-21T17:40:22.950Z"}
{"level":"info","message":{"ip":"::1","method":"GET","timestamp":"2025-07-21T17:40:35.879Z","url":"/api/institutes/all-institutes"},"timestamp":"2025-07-21T17:40:35.879Z"}
{"level":"info","message":{"ip":"::1","method":"GET","timestamp":"2025-07-21T17:41:02.957Z","url":"/api/institutes/all-institutes"},"timestamp":"2025-07-21T17:41:02.957Z"}
{"level":"info","message":{"ip":"::1","method":"GET","timestamp":"2025-07-21T17:42:44.006Z","url":"/api/institutes/4052e945-6a45-4722-98c9-12dbb973f1ee"},"timestamp":"2025-07-21T17:42:44.006Z"}
{"level":"info","message":{"ip":"::1","method":"GET","timestamp":"2025-07-21T17:47:10.144Z","url":"/api/institutes/all-institutes"},"timestamp":"2025-07-21T17:47:10.146Z"}
{"level":"info","message":{"ip":"::1","method":"GET","timestamp":"2025-07-21T17:47:45.634Z","url":"/api/institutes/all-institutes"},"timestamp":"2025-07-21T17:47:45.636Z"}
{"level":"info","message":{"ip":"::1","method":"GET","timestamp":"2025-07-21T17:51:11.728Z","url":"/api/institutes/4052e945-6a45-4722-98c9-12dbb973f1ee"},"timestamp":"2025-07-21T17:51:11.728Z"}
{"level":"info","message":{"ip":"::1","method":"GET","timestamp":"2025-07-21T18:02:28.057Z","url":"/api/institutes/all-institutes"},"timestamp":"2025-07-21T18:02:28.058Z"}
{"level":"info","message":{"ip":"::1","method":"GET","timestamp":"2025-07-21T18:15:09.337Z","url":"/api/institutes/all-institutes"},"timestamp":"2025-07-21T18:15:09.338Z"}
{"level":"info","message":{"ip":"::1","method":"GET","timestamp":"2025-07-21T18:18:23.354Z","url":"/api/institutes/all-institutes"},"timestamp":"2025-07-21T18:18:23.354Z"}
{"level":"info","message":{"ip":"::1","method":"GET","timestamp":"2025-07-21T18:18:52.837Z","url":"/api/institutes/4052e945-6a45-4722-98c9-12dbb973f1ee"},"timestamp":"2025-07-21T18:18:52.837Z"}
{"level":"info","message":{"ip":"::1","method":"GET","timestamp":"2025-07-21T18:18:53.582Z","url":"/api/institutes/4052e945-6a45-4722-98c9-12dbb973f1ee"},"timestamp":"2025-07-21T18:18:53.582Z"}
{"level":"info","message":{"ip":"::1","method":"GET","timestamp":"2025-07-21T18:18:53.818Z","url":"/api/institutes/4052e945-6a45-4722-98c9-12dbb973f1ee"},"timestamp":"2025-07-21T18:18:53.818Z"}
{"level":"info","message":{"ip":"::1","method":"GET","timestamp":"2025-07-21T18:22:53.043Z","url":"/api/institutes/all-institutes"},"timestamp":"2025-07-21T18:22:53.043Z"}
{"level":"info","message":{"ip":"::1","method":"GET","timestamp":"2025-07-21T18:23:14.222Z","url":"/api/institutes/all-institutes"},"timestamp":"2025-07-21T18:23:14.223Z"}
{"level":"info","message":{"ip":"::1","method":"GET","timestamp":"2025-07-21T18:24:24.044Z","url":"/api/institutes/all-institutes"},"timestamp":"2025-07-21T18:24:24.044Z"}
{"level":"info","message":{"ip":"::1","method":"GET","timestamp":"2025-07-21T18:24:29.886Z","url":"/api/institutes/9bd9f7ce-d935-4040-911f-da3205b6bca9"},"timestamp":"2025-07-21T18:24:29.887Z"}
{"level":"info","message":{"ip":"::1","method":"GET","timestamp":"2025-07-21T18:24:30.459Z","url":"/api/institutes/9bd9f7ce-d935-4040-911f-da3205b6bca9"},"timestamp":"2025-07-21T18:24:30.459Z"}
{"level":"info","message":{"ip":"::1","method":"GET","timestamp":"2025-07-21T18:24:30.697Z","url":"/api/institutes/9bd9f7ce-d935-4040-911f-da3205b6bca9"},"timestamp":"2025-07-21T18:24:30.697Z"}
{"level":"info","message":{"ip":"::1","method":"GET","timestamp":"2025-07-21T18:28:49.263Z","url":"/api/institutes/all-institutes"},"timestamp":"2025-07-21T18:28:49.263Z"}
{"level":"info","message":{"ip":"::1","method":"GET","timestamp":"2025-07-21T18:29:00.261Z","url":"/api/institutes/4052e945-6a45-4722-98c9-12dbb973f1ee"},"timestamp":"2025-07-21T18:29:00.261Z"}
{"level":"info","message":{"ip":"::1","method":"GET","timestamp":"2025-07-21T18:29:00.736Z","url":"/api/institutes/4052e945-6a45-4722-98c9-12dbb973f1ee"},"timestamp":"2025-07-21T18:29:00.736Z"}
{"level":"info","message":{"ip":"::1","method":"GET","timestamp":"2025-07-21T18:29:00.981Z","url":"/api/institutes/4052e945-6a45-4722-98c9-12dbb973f1ee"},"timestamp":"2025-07-21T18:29:00.981Z"}
{"level":"info","message":{"ip":"::1","method":"GET","timestamp":"2025-07-21T18:32:36.744Z","url":"/api/institutes/9bd9f7ce-d935-4040-911f-da3205b6bca9"},"timestamp":"2025-07-21T18:32:36.744Z"}
{"level":"info","message":{"ip":"::1","method":"GET","timestamp":"2025-07-21T18:32:37.319Z","url":"/api/institutes/9bd9f7ce-d935-4040-911f-da3205b6bca9"},"timestamp":"2025-07-21T18:32:37.319Z"}
{"level":"info","message":{"ip":"::1","method":"GET","timestamp":"2025-07-21T18:32:37.556Z","url":"/api/institutes/9bd9f7ce-d935-4040-911f-da3205b6bca9"},"timestamp":"2025-07-21T18:32:37.556Z"}
{"level":"info","message":{"ip":"::1","method":"GET","timestamp":"2025-07-21T18:33:00.351Z","url":"/api/institutes/6f4c6217-7acf-4428-9f32-3e6a63b00e42"},"timestamp":"2025-07-21T18:33:00.351Z"}
{"level":"info","message":{"ip":"::1","method":"GET","timestamp":"2025-07-21T18:33:00.922Z","url":"/api/institutes/6f4c6217-7acf-4428-9f32-3e6a63b00e42"},"timestamp":"2025-07-21T18:33:00.922Z"}
{"level":"info","message":{"ip":"::1","method":"GET","timestamp":"2025-07-21T18:33:01.214Z","url":"/api/institutes/6f4c6217-7acf-4428-9f32-3e6a63b00e42"},"timestamp":"2025-07-21T18:33:01.214Z"}
{"level":"info","message":{"ip":"::1","method":"GET","timestamp":"2025-07-21T18:35:11.246Z","url":"/api/institutes/all-institutes"},"timestamp":"2025-07-21T18:35:11.246Z"}
{"level":"info","message":{"ip":"::1","method":"GET","timestamp":"2025-07-21T18:36:40.712Z","url":"/api/institutes/9bd9f7ce-d935-4040-911f-da3205b6bca9"},"timestamp":"2025-07-21T18:36:40.712Z"}
{"level":"info","message":{"ip":"::1","method":"GET","timestamp":"2025-07-21T18:36:43.463Z","url":"/api/institutes/9bd9f7ce-d935-4040-911f-da3205b6bca9"},"timestamp":"2025-07-21T18:36:43.463Z"}
{"level":"info","message":{"ip":"::1","method":"GET","timestamp":"2025-07-21T18:37:11.683Z","url":"/api/institutes/9bd9f7ce-d935-4040-911f-da3205b6bca9"},"timestamp":"2025-07-21T18:37:11.683Z"}
{"level":"info","message":{"ip":"::1","method":"GET","timestamp":"2025-07-21T18:37:14.666Z","url":"/api/institutes/9bd9f7ce-d935-4040-911f-da3205b6bca9"},"timestamp":"2025-07-21T18:37:14.666Z"}
{"level":"info","message":{"ip":"::1","method":"GET","timestamp":"2025-07-21T18:37:16.664Z","url":"/api/institutes/9bd9f7ce-d935-4040-911f-da3205b6bca9"},"timestamp":"2025-07-21T18:37:16.664Z"}
{"level":"info","message":{"ip":"::1","method":"GET","timestamp":"2025-07-21T18:37:16.900Z","url":"/api/institutes/9bd9f7ce-d935-4040-911f-da3205b6bca9"},"timestamp":"2025-07-21T18:37:16.900Z"}
{"level":"info","message":{"ip":"::1","method":"GET","timestamp":"2025-07-21T18:37:17.135Z","url":"/api/institutes/9bd9f7ce-d935-4040-911f-da3205b6bca9"},"timestamp":"2025-07-21T18:37:17.135Z"}
{"level":"info","message":{"ip":"::1","method":"GET","timestamp":"2025-07-21T18:37:25.456Z","url":"/api/institutes/all-institutes"},"timestamp":"2025-07-21T18:37:25.456Z"}
{"level":"info","message":{"ip":"::1","method":"GET","timestamp":"2025-07-21T18:39:42.197Z","url":"/api/institutes/all-institutes"},"timestamp":"2025-07-21T18:39:42.198Z"}
{"level":"info","message":{"ip":"::1","method":"GET","timestamp":"2025-07-21T18:39:53.531Z","url":"/api/institutes/all-institutes"},"timestamp":"2025-07-21T18:39:53.531Z"}
{"level":"info","message":{"ip":"::1","method":"GET","timestamp":"2025-07-21T18:39:55.783Z","url":"/api/institutes/9bd9f7ce-d935-4040-911f-da3205b6bca9"},"timestamp":"2025-07-21T18:39:55.783Z"}
{"level":"info","message":{"ip":"::1","method":"GET","timestamp":"2025-07-21T18:39:56.348Z","url":"/api/institutes/9bd9f7ce-d935-4040-911f-da3205b6bca9"},"timestamp":"2025-07-21T18:39:56.348Z"}
{"level":"info","message":{"ip":"::1","method":"GET","timestamp":"2025-07-21T18:39:56.657Z","url":"/api/institutes/9bd9f7ce-d935-4040-911f-da3205b6bca9"},"timestamp":"2025-07-21T18:39:56.657Z"}
{"level":"info","message":{"ip":"::1","method":"GET","timestamp":"2025-07-21T18:43:28.264Z","url":"/api/institutes/all-institutes"},"timestamp":"2025-07-21T18:43:28.264Z"}
{"level":"info","message":{"ip":"::1","method":"GET","timestamp":"2025-07-21T18:43:42.747Z","url":"/api/institutes/all-institutes"},"timestamp":"2025-07-21T18:43:42.747Z"}
{"level":"info","message":{"ip":"::1","method":"GET","timestamp":"2025-07-21T18:44:15.796Z","url":"/api/institutes/all-institutes"},"timestamp":"2025-07-21T18:44:15.796Z"}
{"level":"info","message":{"ip":"::1","method":"GET","timestamp":"2025-07-21T18:44:20.901Z","url":"/api/institutes/all-institutes"},"timestamp":"2025-07-21T18:44:20.901Z"}
{"level":"info","message":{"ip":"::1","method":"GET","timestamp":"2025-07-21T18:44:48.884Z","url":"/api/institutes/all-institutes"},"timestamp":"2025-07-21T18:44:48.884Z"}
{"level":"info","message":{"ip":"::1","method":"GET","timestamp":"2025-07-21T18:45:05.033Z","url":"/api/institutes/all-institutes"},"timestamp":"2025-07-21T18:45:05.033Z"}
{"level":"info","message":{"ip":"::1","method":"GET","timestamp":"2025-07-21T18:49:24.856Z","url":"/api/institutes/all-institutes"},"timestamp":"2025-07-21T18:49:24.856Z"}
{"level":"info","message":{"ip":"::1","method":"GET","timestamp":"2025-07-21T18:50:09.510Z","url":"/api/institutes/all-institutes"},"timestamp":"2025-07-21T18:50:09.510Z"}
{"level":"info","message":{"ip":"::1","method":"GET","timestamp":"2025-07-21T18:50:16.713Z","url":"/api/institutes/9bd9f7ce-d935-4040-911f-da3205b6bca9"},"timestamp":"2025-07-21T18:50:16.713Z"}
{"level":"info","message":{"ip":"::1","method":"GET","timestamp":"2025-07-21T18:50:17.313Z","url":"/api/institutes/9bd9f7ce-d935-4040-911f-da3205b6bca9"},"timestamp":"2025-07-21T18:50:17.313Z"}
{"level":"info","message":{"ip":"::1","method":"GET","timestamp":"2025-07-21T18:50:17.620Z","url":"/api/institutes/9bd9f7ce-d935-4040-911f-da3205b6bca9"},"timestamp":"2025-07-21T18:50:17.620Z"}
{"level":"info","message":{"ip":"::1","method":"GET","timestamp":"2025-07-21T18:52:28.997Z","url":"/api/institutes/all-institutes"},"timestamp":"2025-07-21T18:52:28.997Z"}
{"level":"info","message":{"ip":"::1","method":"GET","timestamp":"2025-07-21T18:55:14.966Z","url":"/api/institutes/all-institutes"},"timestamp":"2025-07-21T18:55:14.966Z"}
{"level":"info","message":{"ip":"::1","method":"GET","timestamp":"2025-07-21T18:55:19.054Z","url":"/api/institutes/c04c2831-217b-438d-a3f7-8d6df29ae559"},"timestamp":"2025-07-21T18:55:19.054Z"}
{"level":"info","message":{"ip":"::1","method":"GET","timestamp":"2025-07-21T18:55:19.705Z","url":"/api/institutes/c04c2831-217b-438d-a3f7-8d6df29ae559"},"timestamp":"2025-07-21T18:55:19.705Z"}
{"level":"info","message":{"ip":"::1","method":"GET","timestamp":"2025-07-21T18:55:20.008Z","url":"/api/institutes/c04c2831-217b-438d-a3f7-8d6df29ae559"},"timestamp":"2025-07-21T18:55:20.008Z"}
{"level":"info","message":{"ip":"::1","method":"GET","timestamp":"2025-07-21T18:55:28.396Z","url":"/api/institutes/a99671cd-dde3-4cf7-a5e5-3e85b91a1210"},"timestamp":"2025-07-21T18:55:28.396Z"}
{"level":"info","message":{"ip":"::1","method":"GET","timestamp":"2025-07-21T18:55:28.714Z","url":"/api/institutes/a99671cd-dde3-4cf7-a5e5-3e85b91a1210"},"timestamp":"2025-07-21T18:55:28.714Z"}
{"level":"info","message":{"ip":"::1","method":"GET","timestamp":"2025-07-21T18:55:29.021Z","url":"/api/institutes/a99671cd-dde3-4cf7-a5e5-3e85b91a1210"},"timestamp":"2025-07-21T18:55:29.021Z"}
{"level":"info","message":{"ip":"::1","method":"GET","timestamp":"2025-07-21T18:55:33.499Z","url":"/api/institutes/9bd9f7ce-d935-4040-911f-da3205b6bca9"},"timestamp":"2025-07-21T18:55:33.499Z"}
{"level":"info","message":{"ip":"::1","method":"GET","timestamp":"2025-07-21T18:55:34.250Z","url":"/api/institutes/9bd9f7ce-d935-4040-911f-da3205b6bca9"},"timestamp":"2025-07-21T18:55:34.250Z"}
{"level":"info","message":{"ip":"::1","method":"GET","timestamp":"2025-07-21T18:55:34.496Z","url":"/api/institutes/9bd9f7ce-d935-4040-911f-da3205b6bca9"},"timestamp":"2025-07-21T18:55:34.496Z"}
{"level":"info","message":{"ip":"::1","method":"GET","timestamp":"2025-07-21T18:55:49.070Z","url":"/api/institutes/4052e945-6a45-4722-98c9-12dbb973f1ee"},"timestamp":"2025-07-21T18:55:49.070Z"}
{"level":"info","message":{"ip":"::1","method":"GET","timestamp":"2025-07-21T18:55:49.707Z","url":"/api/institutes/4052e945-6a45-4722-98c9-12dbb973f1ee"},"timestamp":"2025-07-21T18:55:49.707Z"}
{"level":"info","message":{"ip":"::1","method":"GET","timestamp":"2025-07-21T18:55:50.015Z","url":"/api/institutes/4052e945-6a45-4722-98c9-12dbb973f1ee"},"timestamp":"2025-07-21T18:55:50.015Z"}
{"level":"info","message":{"ip":"::1","method":"GET","timestamp":"2025-07-21T18:55:56.404Z","url":"/api/institutes/all-institutes"},"timestamp":"2025-07-21T18:55:56.404Z"}
{"level":"info","message":{"ip":"::1","method":"GET","timestamp":"2025-07-21T18:56:13.020Z","url":"/api/institutes/all-institutes"},"timestamp":"2025-07-21T18:56:13.020Z"}
{"level":"info","message":{"ip":"::1","method":"GET","timestamp":"2025-07-21T18:56:43.242Z","url":"/api/institutes/all-institutes"},"timestamp":"2025-07-21T18:56:43.242Z"}
{"level":"info","message":{"ip":"::1","method":"GET","timestamp":"2025-07-21T18:57:45.108Z","url":"/api/institutes/all-institutes"},"timestamp":"2025-07-21T18:57:45.108Z"}
{"level":"info","message":{"ip":"::1","method":"GET","timestamp":"2025-07-21T18:57:47.362Z","url":"/api/institutes/:undefined"},"timestamp":"2025-07-21T18:57:47.363Z"}
{"level":"info","message":{"ip":"::1","method":"GET","timestamp":"2025-07-21T18:57:47.395Z","url":"/api/institutes/:undefined"},"timestamp":"2025-07-21T18:57:47.395Z"}
{"level":"info","message":{"ip":"::1","method":"GET","timestamp":"2025-07-21T18:57:47.418Z","url":"/api/institutes/:undefined"},"timestamp":"2025-07-21T18:57:47.418Z"}
{"level":"info","message":{"ip":"::1","method":"GET","timestamp":"2025-07-21T18:58:21.715Z","url":"/api/institutes/:undefined"},"timestamp":"2025-07-21T18:58:21.715Z"}
{"level":"info","message":{"ip":"::1","method":"GET","timestamp":"2025-07-21T18:58:21.981Z","url":"/api/institutes/:undefined"},"timestamp":"2025-07-21T18:58:21.981Z"}
{"level":"info","message":{"ip":"::1","method":"GET","timestamp":"2025-07-21T18:58:22.007Z","url":"/api/institutes/:undefined"},"timestamp":"2025-07-21T18:58:22.007Z"}
{"level":"info","message":{"ip":"::1","method":"GET","timestamp":"2025-07-21T18:58:23.079Z","url":"/api/institutes/all-institutes"},"timestamp":"2025-07-21T18:58:23.079Z"}
{"level":"info","message":{"ip":"::1","method":"GET","timestamp":"2025-07-21T18:58:25.815Z","url":"/api/institutes/all-institutes"},"timestamp":"2025-07-21T18:58:25.815Z"}
{"level":"info","message":{"ip":"::1","method":"GET","timestamp":"2025-07-21T18:58:28.497Z","url":"/api/institutes/:c04c2831-217b-438d-a3f7-8d6df29ae559"},"timestamp":"2025-07-21T18:58:28.497Z"}
{"level":"info","message":{"ip":"::1","method":"GET","timestamp":"2025-07-21T18:58:28.512Z","url":"/api/institutes/:c04c2831-217b-438d-a3f7-8d6df29ae559"},"timestamp":"2025-07-21T18:58:28.512Z"}
{"level":"info","message":{"ip":"::1","method":"GET","timestamp":"2025-07-21T18:58:28.531Z","url":"/api/institutes/:c04c2831-217b-438d-a3f7-8d6df29ae559"},"timestamp":"2025-07-21T18:58:28.531Z"}
{"level":"info","message":{"ip":"::1","method":"GET","timestamp":"2025-07-21T18:59:28.638Z","url":"/api/institutes/:c04c2831-217b-438d-a3f7-8d6df29ae559"},"timestamp":"2025-07-21T18:59:28.638Z"}
{"level":"info","message":{"ip":"::1","method":"GET","timestamp":"2025-07-21T18:59:28.892Z","url":"/api/institutes/:c04c2831-217b-438d-a3f7-8d6df29ae559"},"timestamp":"2025-07-21T18:59:28.892Z"}
{"level":"info","message":{"ip":"::1","method":"GET","timestamp":"2025-07-21T18:59:29.053Z","url":"/api/institutes/:c04c2831-217b-438d-a3f7-8d6df29ae559"},"timestamp":"2025-07-21T18:59:29.053Z"}
{"level":"info","message":{"ip":"::1","method":"GET","timestamp":"2025-07-21T18:59:36.599Z","url":"/api/institutes/c04c2831-217b-438d-a3f7-8d6df29ae559"},"timestamp":"2025-07-21T18:59:36.599Z"}
{"level":"info","message":{"ip":"::1","method":"GET","timestamp":"2025-07-21T18:59:36.834Z","url":"/api/institutes/c04c2831-217b-438d-a3f7-8d6df29ae559"},"timestamp":"2025-07-21T18:59:36.834Z"}
{"level":"info","message":{"ip":"::1","method":"GET","timestamp":"2025-07-21T18:59:37.067Z","url":"/api/institutes/c04c2831-217b-438d-a3f7-8d6df29ae559"},"timestamp":"2025-07-21T18:59:37.067Z"}
{"level":"info","message":{"ip":"::1","method":"GET","timestamp":"2025-07-21T18:59:45.486Z","url":"/api/institutes/:c04c2831-217b-438d-a3f7-8d6df29ae559"},"timestamp":"2025-07-21T18:59:45.486Z"}
{"level":"info","message":{"ip":"::1","method":"GET","timestamp":"2025-07-21T18:59:45.663Z","url":"/api/institutes/all-institutes"},"timestamp":"2025-07-21T18:59:45.663Z"}
{"level":"info","message":{"ip":"::1","method":"GET","timestamp":"2025-07-21T18:59:45.731Z","url":"/api/institutes/:c04c2831-217b-438d-a3f7-8d6df29ae559"},"timestamp":"2025-07-21T18:59:45.731Z"}
{"level":"info","message":{"ip":"::1","method":"GET","timestamp":"2025-07-21T18:59:45.747Z","url":"/api/institutes/:c04c2831-217b-438d-a3f7-8d6df29ae559"},"timestamp":"2025-07-21T18:59:45.747Z"}
{"level":"info","message":{"ip":"::1","method":"GET","timestamp":"2025-07-21T18:59:47.615Z","url":"/api/institutes/all-institutes"},"timestamp":"2025-07-21T18:59:47.615Z"}
{"level":"info","message":{"ip":"::1","method":"GET","timestamp":"2025-07-21T18:59:49.191Z","url":"/api/institutes/c04c2831-217b-438d-a3f7-8d6df29ae559"},"timestamp":"2025-07-21T18:59:49.191Z"}
{"level":"info","message":{"ip":"::1","method":"GET","timestamp":"2025-07-21T18:59:49.839Z","url":"/api/institutes/c04c2831-217b-438d-a3f7-8d6df29ae559"},"timestamp":"2025-07-21T18:59:49.839Z"}
{"level":"info","message":{"ip":"::1","method":"GET","timestamp":"2025-07-21T18:59:50.141Z","url":"/api/institutes/c04c2831-217b-438d-a3f7-8d6df29ae559"},"timestamp":"2025-07-21T18:59:50.141Z"}
{"level":"info","message":{"ip":"::1","method":"GET","timestamp":"2025-07-21T18:59:58.717Z","url":"/api/institutes/a99671cd-dde3-4cf7-a5e5-3e85b91a1210"},"timestamp":"2025-07-21T18:59:58.717Z"}
{"level":"info","message":{"ip":"::1","method":"GET","timestamp":"2025-07-21T18:59:59.051Z","url":"/api/institutes/a99671cd-dde3-4cf7-a5e5-3e85b91a1210"},"timestamp":"2025-07-21T18:59:59.051Z"}
{"level":"info","message":{"ip":"::1","method":"GET","timestamp":"2025-07-21T18:59:59.357Z","url":"/api/institutes/a99671cd-dde3-4cf7-a5e5-3e85b91a1210"},"timestamp":"2025-07-21T18:59:59.357Z"}
{"level":"info","message":{"ip":"::1","method":"GET","timestamp":"2025-07-21T19:03:58.695Z","url":"/api/institutes/all-institutes"},"timestamp":"2025-07-21T19:03:58.695Z"}
{"level":"info","message":{"ip":"::1","method":"GET","timestamp":"2025-07-21T19:04:20.231Z","url":"/api/institutes/all-institutes"},"timestamp":"2025-07-21T19:04:20.231Z"}
{"level":"info","message":{"ip":"::1","method":"GET","timestamp":"2025-07-21T19:04:20.581Z","url":"/api/institutes/all-institutes"},"timestamp":"2025-07-21T19:04:20.581Z"}
{"level":"info","message":{"ip":"::1","method":"GET","timestamp":"2025-07-21T19:04:41.528Z","url":"/api/institutes/all-institutes"},"timestamp":"2025-07-21T19:04:41.528Z"}
{"level":"info","message":{"ip":"::1","method":"GET","timestamp":"2025-07-21T19:05:04.353Z","url":"/api/institutes/all-institutes"},"timestamp":"2025-07-21T19:05:04.353Z"}
{"level":"info","message":{"ip":"::1","method":"GET","timestamp":"2025-07-21T19:05:33.470Z","url":"/api/institutes/all-institutes"},"timestamp":"2025-07-21T19:05:33.470Z"}
{"level":"info","message":{"ip":"::1","method":"GET","timestamp":"2025-07-21T19:14:53.664Z","url":"/api/institutes/all-institutes"},"timestamp":"2025-07-21T19:14:53.664Z"}
{"level":"info","message":{"ip":"::1","method":"GET","timestamp":"2025-07-21T19:17:59.976Z","url":"/api/institutes/all-institutes"},"timestamp":"2025-07-21T19:17:59.976Z"}
{"level":"info","message":{"ip":"::1","method":"GET","timestamp":"2025-07-21T19:18:49.606Z","url":"/api/institutes/all-institutes"},"timestamp":"2025-07-21T19:18:49.606Z"}
{"level":"info","message":{"ip":"::1","method":"GET","timestamp":"2025-07-21T19:22:05.762Z","url":"/api/institutes/all-institutes"},"timestamp":"2025-07-21T19:22:05.762Z"}
{"level":"info","message":{"ip":"::1","method":"GET","timestamp":"2025-07-21T19:24:20.198Z","url":"/api/institutes/all-institutes"},"timestamp":"2025-07-21T19:24:20.198Z"}
{"level":"info","message":{"ip":"::1","method":"GET","timestamp":"2025-07-21T19:24:26.315Z","url":"/api/institutes"},"timestamp":"2025-07-21T19:24:26.315Z"}
{"level":"info","message":{"ip":"::1","method":"GET","timestamp":"2025-07-21T19:25:14.924Z","url":"/api/institutes"},"timestamp":"2025-07-21T19:25:14.924Z"}
{"level":"info","message":{"ip":"::1","method":"GET","timestamp":"2025-07-21T19:25:24.488Z","url":"/api/institutes"},"timestamp":"2025-07-21T19:25:24.488Z"}
{"level":"info","message":{"ip":"::1","method":"GET","timestamp":"2025-07-21T19:26:01.692Z","url":"/api/institutes"},"timestamp":"2025-07-21T19:26:01.693Z"}
{"level":"info","message":{"ip":"::1","method":"GET","timestamp":"2025-07-21T19:28:07.702Z","url":"/api/institutes/all-institutes"},"timestamp":"2025-07-21T19:28:07.702Z"}
{"level":"info","message":{"ip":"::1","method":"GET","timestamp":"2025-07-21T19:28:11.306Z","url":"/api/institutes/all-institutes"},"timestamp":"2025-07-21T19:28:11.306Z"}
{"level":"info","message":{"ip":"::1","method":"GET","timestamp":"2025-07-21T19:28:24.490Z","url":"/api/institutes/all-institutes"},"timestamp":"2025-07-21T19:28:24.490Z"}
{"level":"info","message":{"ip":"::1","method":"GET","timestamp":"2025-07-21T19:28:26.860Z","url":"/api/institutes/all-institutes"},"timestamp":"2025-07-21T19:28:26.861Z"}
{"level":"info","message":{"ip":"::1","method":"GET","timestamp":"2025-07-21T19:28:34.251Z","url":"/api/institutes/all-institutes"},"timestamp":"2025-07-21T19:28:34.251Z"}
{"level":"info","message":{"ip":"::1","method":"GET","timestamp":"2025-07-21T19:28:46.704Z","url":"/api/institutes/all-institutes"},"timestamp":"2025-07-21T19:28:46.704Z"}
{"level":"info","message":{"ip":"::1","method":"GET","timestamp":"2025-07-21T19:30:43.732Z","url":"/api/institutes/all-institutes"},"timestamp":"2025-07-21T19:30:43.732Z"}
{"level":"info","message":{"ip":"::1","method":"GET","timestamp":"2025-07-21T19:35:34.427Z","url":"/api/institutes/all-institutes"},"timestamp":"2025-07-21T19:35:34.427Z"}
{"level":"info","message":{"ip":"::1","method":"GET","timestamp":"2025-07-21T19:35:39.900Z","url":"/api/institutes/all-institutes"},"timestamp":"2025-07-21T19:35:39.900Z"}
{"level":"info","message":{"ip":"::1","method":"GET","timestamp":"2025-07-21T19:35:55.337Z","url":"/api/institutes/all-institutes"},"timestamp":"2025-07-21T19:35:55.338Z"}
{"level":"info","message":{"ip":"::1","method":"GET","timestamp":"2025-07-21T19:35:57.671Z","url":"/api/institutes/all-institutes"},"timestamp":"2025-07-21T19:35:57.671Z"}
{"level":"info","message":{"ip":"::1","method":"GET","timestamp":"2025-07-21T19:35:59.098Z","url":"/api/institutes/all-institutes"},"timestamp":"2025-07-21T19:35:59.098Z"}
{"level":"info","message":{"ip":"::1","method":"GET","timestamp":"2025-07-21T19:36:06.625Z","url":"/api/institutes/all-institutes"},"timestamp":"2025-07-21T19:36:06.625Z"}
{"level":"info","message":{"ip":"::1","method":"GET","timestamp":"2025-07-21T19:37:37.716Z","url":"/api/institutes/all-institutes"},"timestamp":"2025-07-21T19:37:37.716Z"}
{"level":"info","message":{"ip":"::1","method":"GET","timestamp":"2025-07-21T19:38:46.705Z","url":"/api/institutes/all-institutes"},"timestamp":"2025-07-21T19:38:46.705Z"}
{"level":"info","message":{"ip":"::1","method":"GET","timestamp":"2025-07-21T19:38:54.878Z","url":"/api/institutes/all-institutes"},"timestamp":"2025-07-21T19:38:54.878Z"}
{"level":"info","message":{"ip":"::1","method":"GET","timestamp":"2025-07-21T19:39:13.907Z","url":"/api/institutes/all-institutes"},"timestamp":"2025-07-21T19:39:13.907Z"}
{"level":"info","message":{"ip":"::1","method":"GET","timestamp":"2025-07-21T19:39:36.549Z","url":"/api/institutes/all-institutes"},"timestamp":"2025-07-21T19:39:36.549Z"}
{"level":"info","message":{"ip":"::1","method":"GET","timestamp":"2025-07-21T19:39:41.342Z","url":"/api/institutes/all-institutes"},"timestamp":"2025-07-21T19:39:41.342Z"}
{"level":"info","message":{"ip":"::1","method":"GET","timestamp":"2025-07-21T19:39:43.947Z","url":"/api/institutes/9bd9f7ce-d935-4040-911f-da3205b6bca9"},"timestamp":"2025-07-21T19:39:43.947Z"}
{"level":"info","message":{"ip":"::1","method":"GET","timestamp":"2025-07-21T19:39:44.642Z","url":"/api/institutes/9bd9f7ce-d935-4040-911f-da3205b6bca9"},"timestamp":"2025-07-21T19:39:44.642Z"}
{"level":"info","message":{"ip":"::1","method":"GET","timestamp":"2025-07-21T19:39:44.901Z","url":"/api/institutes/9bd9f7ce-d935-4040-911f-da3205b6bca9"},"timestamp":"2025-07-21T19:39:44.901Z"}
{"level":"info","message":{"ip":"::1","method":"GET","timestamp":"2025-07-21T19:39:49.412Z","url":"/api/institutes/all-institutes"},"timestamp":"2025-07-21T19:39:49.412Z"}
{"level":"info","message":{"ip":"::1","method":"GET","timestamp":"2025-07-21T19:40:20.077Z","url":"/api/institutes/all-institutes"},"timestamp":"2025-07-21T19:40:20.077Z"}
{"level":"info","message":{"ip":"::1","method":"GET","timestamp":"2025-07-21T19:40:25.173Z","url":"/api/institutes/all-institutes"},"timestamp":"2025-07-21T19:40:25.173Z"}
{"level":"info","message":{"ip":"::1","method":"GET","timestamp":"2025-07-21T19:40:26.607Z","url":"/api/institutes/4052e945-6a45-4722-98c9-12dbb973f1ee"},"timestamp":"2025-07-21T19:40:26.607Z"}
{"level":"info","message":{"ip":"::1","method":"GET","timestamp":"2025-07-21T19:40:26.886Z","url":"/api/institutes/4052e945-6a45-4722-98c9-12dbb973f1ee"},"timestamp":"2025-07-21T19:40:26.886Z"}
{"level":"info","message":{"ip":"::1","method":"GET","timestamp":"2025-07-21T19:40:27.200Z","url":"/api/institutes/4052e945-6a45-4722-98c9-12dbb973f1ee"},"timestamp":"2025-07-21T19:40:27.200Z"}
{"level":"info","message":{"ip":"::1","method":"GET","timestamp":"2025-07-21T19:40:28.580Z","url":"/api/institutes/all-institutes"},"timestamp":"2025-07-21T19:40:28.580Z"}
{"level":"info","message":{"ip":"::1","method":"GET","timestamp":"2025-07-21T19:42:54.521Z","url":"/api/institutes/all-institutes"},"timestamp":"2025-07-21T19:42:54.521Z"}
{"level":"info","message":{"ip":"::1","method":"GET","timestamp":"2025-07-21T19:43:11.351Z","url":"/api/institutes/9bd9f7ce-d935-4040-911f-da3205b6bca9"},"timestamp":"2025-07-21T19:43:11.351Z"}
{"level":"info","message":{"ip":"::1","method":"GET","timestamp":"2025-07-21T19:43:11.819Z","url":"/api/institutes/9bd9f7ce-d935-4040-911f-da3205b6bca9"},"timestamp":"2025-07-21T19:43:11.819Z"}
{"level":"info","message":{"ip":"::1","method":"GET","timestamp":"2025-07-21T19:43:12.369Z","url":"/api/institutes/9bd9f7ce-d935-4040-911f-da3205b6bca9"},"timestamp":"2025-07-21T19:43:12.369Z"}
{"level":"info","message":{"ip":"::1","method":"GET","timestamp":"2025-07-21T19:43:16.752Z","url":"/api/institutes/all-institutes"},"timestamp":"2025-07-21T19:43:16.752Z"}
{"level":"info","message":{"ip":"::1","method":"GET","timestamp":"2025-07-21T19:43:27.034Z","url":"/api/students/profile"},"timestamp":"2025-07-21T19:43:27.034Z"}
{"level":"info","message":{"ip":"::1","method":"POST","timestamp":"2025-07-21T19:43:27.146Z","url":"/api/students/logout"},"timestamp":"2025-07-21T19:43:27.146Z"}
{"level":"info","message":{"ip":"::1","method":"POST","timestamp":"2025-07-21T19:43:27.165Z","url":"/api/students/logout"},"timestamp":"2025-07-21T19:43:27.165Z"}
{"level":"info","message":{"ip":"::1","method":"POST","timestamp":"2025-07-21T19:43:27.172Z","url":"/api/students/logout"},"timestamp":"2025-07-21T19:43:27.172Z"}
{"level":"info","message":{"ip":"::1","method":"POST","timestamp":"2025-07-21T19:43:27.182Z","url":"/api/students/logout"},"timestamp":"2025-07-21T19:43:27.182Z"}
{"level":"info","message":{"ip":"::1","method":"POST","timestamp":"2025-07-21T19:43:27.185Z","url":"/api/students/logout"},"timestamp":"2025-07-21T19:43:27.185Z"}
{"level":"info","message":{"ip":"::1","method":"POST","timestamp":"2025-07-21T19:43:27.192Z","url":"/api/students/logout"},"timestamp":"2025-07-21T19:43:27.192Z"}
{"level":"info","message":{"ip":"::1","method":"POST","timestamp":"2025-07-21T19:43:27.200Z","url":"/api/institutes/logout"},"timestamp":"2025-07-21T19:43:27.200Z"}
{"level":"info","message":{"ip":"::1","method":"POST","timestamp":"2025-07-21T19:43:27.204Z","url":"/api/institutes/logout"},"timestamp":"2025-07-21T19:43:27.204Z"}
{"level":"info","message":{"ip":"::1","method":"POST","timestamp":"2025-07-21T19:43:27.211Z","url":"/api/institutes/logout"},"timestamp":"2025-07-21T19:43:27.211Z"}
{"level":"info","message":{"ip":"::1","method":"POST","timestamp":"2025-07-21T19:43:27.216Z","url":"/api/institutes/logout"},"timestamp":"2025-07-21T19:43:27.216Z"}
{"level":"info","message":{"ip":"::1","method":"POST","timestamp":"2025-07-21T19:43:27.221Z","url":"/api/institutes/logout"},"timestamp":"2025-07-21T19:43:27.221Z"}
{"level":"info","message":{"ip":"::1","method":"POST","timestamp":"2025-07-21T19:43:27.228Z","url":"/api/institutes/logout"},"timestamp":"2025-07-21T19:43:27.228Z"}
{"level":"info","message":{"ip":"::1","method":"POST","timestamp":"2025-07-21T19:43:27.232Z","url":"/api/institutes/logout"},"timestamp":"2025-07-21T19:43:27.232Z"}
{"level":"info","message":{"ip":"::1","method":"POST","timestamp":"2025-07-21T19:43:27.236Z","url":"/api/institutes/logout"},"timestamp":"2025-07-21T19:43:27.236Z"}
{"level":"info","message":{"ip":"::1","method":"POST","timestamp":"2025-07-21T19:43:27.241Z","url":"/api/institutes/logout"},"timestamp":"2025-07-21T19:43:27.241Z"}
{"level":"info","message":{"ip":"::1","method":"POST","timestamp":"2025-07-21T19:43:27.244Z","url":"/api/institutes/logout"},"timestamp":"2025-07-21T19:43:27.244Z"}
{"level":"info","message":{"ip":"::1","method":"POST","timestamp":"2025-07-21T19:43:27.248Z","url":"/api/institutes/logout"},"timestamp":"2025-07-21T19:43:27.249Z"}
{"level":"info","message":{"ip":"::1","method":"POST","timestamp":"2025-07-21T19:43:27.251Z","url":"/api/institutes/logout"},"timestamp":"2025-07-21T19:43:27.251Z"}
{"level":"info","message":{"ip":"::1","method":"POST","timestamp":"2025-07-21T19:43:27.256Z","url":"/api/institutes/logout"},"timestamp":"2025-07-21T19:43:27.256Z"}
{"level":"info","message":{"ip":"::1","method":"POST","timestamp":"2025-07-21T19:43:27.261Z","url":"/api/institutes/logout"},"timestamp":"2025-07-21T19:43:27.261Z"}
{"level":"info","message":{"ip":"::1","method":"POST","timestamp":"2025-07-21T19:43:27.263Z","url":"/api/institutes/logout"},"timestamp":"2025-07-21T19:43:27.263Z"}
{"level":"info","message":{"ip":"::1","method":"POST","timestamp":"2025-07-21T19:43:27.268Z","url":"/api/institutes/logout"},"timestamp":"2025-07-21T19:43:27.268Z"}
{"level":"info","message":{"ip":"::1","method":"POST","timestamp":"2025-07-21T19:43:27.273Z","url":"/api/institutes/logout"},"timestamp":"2025-07-21T19:43:27.273Z"}
{"level":"info","message":{"ip":"::1","method":"POST","timestamp":"2025-07-21T19:43:27.278Z","url":"/api/institutes/logout"},"timestamp":"2025-07-21T19:43:27.278Z"}
{"level":"info","message":{"ip":"::1","method":"POST","timestamp":"2025-07-21T19:43:27.282Z","url":"/api/institutes/logout"},"timestamp":"2025-07-21T19:43:27.282Z"}
{"level":"info","message":{"ip":"::1","method":"POST","timestamp":"2025-07-21T19:43:27.284Z","url":"/api/institutes/logout"},"timestamp":"2025-07-21T19:43:27.284Z"}
{"level":"info","message":{"ip":"::1","method":"POST","timestamp":"2025-07-21T19:43:27.290Z","url":"/api/institutes/logout"},"timestamp":"2025-07-21T19:43:27.290Z"}
{"level":"info","message":{"ip":"::1","method":"POST","timestamp":"2025-07-21T19:43:27.294Z","url":"/api/institutes/logout"},"timestamp":"2025-07-21T19:43:27.294Z"}
{"level":"info","message":{"ip":"::1","method":"POST","timestamp":"2025-07-21T19:43:27.297Z","url":"/api/institutes/logout"},"timestamp":"2025-07-21T19:43:27.297Z"}
{"level":"info","message":{"ip":"::1","method":"POST","timestamp":"2025-07-21T19:43:27.301Z","url":"/api/institutes/logout"},"timestamp":"2025-07-21T19:43:27.302Z"}
{"level":"info","message":{"ip":"::1","method":"POST","timestamp":"2025-07-21T19:43:27.305Z","url":"/api/institutes/logout"},"timestamp":"2025-07-21T19:43:27.305Z"}
{"level":"info","message":{"ip":"::1","method":"POST","timestamp":"2025-07-21T19:43:27.312Z","url":"/api/institutes/logout"},"timestamp":"2025-07-21T19:43:27.312Z"}
{"level":"info","message":{"ip":"::1","method":"POST","timestamp":"2025-07-21T19:43:27.315Z","url":"/api/institutes/logout"},"timestamp":"2025-07-21T19:43:27.315Z"}
{"level":"info","message":{"ip":"::1","method":"POST","timestamp":"2025-07-21T19:43:27.320Z","url":"/api/institutes/logout"},"timestamp":"2025-07-21T19:43:27.320Z"}
{"level":"info","message":{"ip":"::1","method":"POST","timestamp":"2025-07-21T19:43:27.324Z","url":"/api/institutes/logout"},"timestamp":"2025-07-21T19:43:27.324Z"}
{"level":"info","message":{"ip":"::1","method":"POST","timestamp":"2025-07-21T19:43:27.327Z","url":"/api/institutes/logout"},"timestamp":"2025-07-21T19:43:27.327Z"}
{"level":"info","message":{"ip":"::1","method":"POST","timestamp":"2025-07-21T19:43:27.334Z","url":"/api/institutes/logout"},"timestamp":"2025-07-21T19:43:27.334Z"}
{"level":"info","message":{"ip":"::1","method":"POST","timestamp":"2025-07-21T19:43:27.338Z","url":"/api/institutes/logout"},"timestamp":"2025-07-21T19:43:27.338Z"}
{"level":"info","message":{"ip":"::1","method":"POST","timestamp":"2025-07-21T19:43:27.343Z","url":"/api/institutes/logout"},"timestamp":"2025-07-21T19:43:27.343Z"}
{"level":"info","message":{"ip":"::1","method":"POST","timestamp":"2025-07-21T19:43:27.348Z","url":"/api/institutes/logout"},"timestamp":"2025-07-21T19:43:27.349Z"}
{"level":"info","message":{"ip":"::1","method":"POST","timestamp":"2025-07-21T19:43:27.351Z","url":"/api/institutes/logout"},"timestamp":"2025-07-21T19:43:27.351Z"}
{"level":"info","message":{"ip":"::1","method":"POST","timestamp":"2025-07-21T19:43:27.359Z","url":"/api/institutes/logout"},"timestamp":"2025-07-21T19:43:27.359Z"}
{"level":"info","message":{"ip":"::1","method":"POST","timestamp":"2025-07-21T19:43:27.363Z","url":"/api/institutes/logout"},"timestamp":"2025-07-21T19:43:27.363Z"}
{"level":"info","message":{"ip":"::1","method":"POST","timestamp":"2025-07-21T19:43:27.367Z","url":"/api/institutes/logout"},"timestamp":"2025-07-21T19:43:27.367Z"}
{"level":"info","message":{"ip":"::1","method":"POST","timestamp":"2025-07-21T19:43:27.370Z","url":"/api/institutes/logout"},"timestamp":"2025-07-21T19:43:27.370Z"}
{"level":"info","message":{"ip":"::1","method":"POST","timestamp":"2025-07-21T19:43:27.376Z","url":"/api/institutes/logout"},"timestamp":"2025-07-21T19:43:27.376Z"}
{"level":"info","message":{"ip":"::1","method":"POST","timestamp":"2025-07-21T19:43:27.380Z","url":"/api/institutes/logout"},"timestamp":"2025-07-21T19:43:27.380Z"}
{"level":"info","message":{"ip":"::1","method":"POST","timestamp":"2025-07-21T19:43:27.383Z","url":"/api/institutes/logout"},"timestamp":"2025-07-21T19:43:27.383Z"}
{"level":"info","message":{"ip":"::1","method":"POST","timestamp":"2025-07-21T19:43:27.387Z","url":"/api/institutes/logout"},"timestamp":"2025-07-21T19:43:27.387Z"}
{"level":"info","message":{"ip":"::1","method":"POST","timestamp":"2025-07-21T19:43:27.392Z","url":"/api/institutes/logout"},"timestamp":"2025-07-21T19:43:27.392Z"}
{"level":"info","message":{"ip":"::1","method":"POST","timestamp":"2025-07-21T19:43:27.397Z","url":"/api/institutes/logout"},"timestamp":"2025-07-21T19:43:27.397Z"}
{"level":"info","message":{"ip":"::1","method":"POST","timestamp":"2025-07-21T19:43:27.400Z","url":"/api/institutes/logout"},"timestamp":"2025-07-21T19:43:27.400Z"}
{"level":"info","message":{"ip":"::1","method":"POST","timestamp":"2025-07-21T19:43:27.405Z","url":"/api/institutes/logout"},"timestamp":"2025-07-21T19:43:27.405Z"}
{"level":"info","message":{"ip":"::1","method":"POST","timestamp":"2025-07-21T19:43:27.409Z","url":"/api/institutes/logout"},"timestamp":"2025-07-21T19:43:27.409Z"}
{"level":"info","message":{"ip":"::1","method":"POST","timestamp":"2025-07-21T19:43:27.414Z","url":"/api/institutes/logout"},"timestamp":"2025-07-21T19:43:27.414Z"}
{"level":"info","message":{"ip":"::1","method":"POST","timestamp":"2025-07-21T19:43:27.417Z","url":"/api/institutes/logout"},"timestamp":"2025-07-21T19:43:27.417Z"}
{"level":"info","message":{"ip":"::1","method":"POST","timestamp":"2025-07-21T19:43:27.423Z","url":"/api/institutes/logout"},"timestamp":"2025-07-21T19:43:27.423Z"}
{"level":"info","message":{"ip":"::1","method":"POST","timestamp":"2025-07-21T19:43:27.426Z","url":"/api/institutes/logout"},"timestamp":"2025-07-21T19:43:27.426Z"}
{"level":"info","message":{"ip":"::1","method":"POST","timestamp":"2025-07-21T19:43:27.430Z","url":"/api/institutes/logout"},"timestamp":"2025-07-21T19:43:27.430Z"}
{"level":"info","message":{"ip":"::1","method":"POST","timestamp":"2025-07-21T19:43:27.433Z","url":"/api/institutes/logout"},"timestamp":"2025-07-21T19:43:27.433Z"}
{"level":"info","message":{"ip":"::1","method":"POST","timestamp":"2025-07-21T19:43:27.436Z","url":"/api/institutes/logout"},"timestamp":"2025-07-21T19:43:27.436Z"}
{"level":"info","message":{"ip":"::1","method":"POST","timestamp":"2025-07-21T19:43:27.443Z","url":"/api/institutes/logout"},"timestamp":"2025-07-21T19:43:27.443Z"}
{"level":"info","message":{"ip":"::1","method":"POST","timestamp":"2025-07-21T19:43:27.446Z","url":"/api/institutes/logout"},"timestamp":"2025-07-21T19:43:27.446Z"}
{"level":"info","message":{"ip":"::1","method":"POST","timestamp":"2025-07-21T19:43:27.451Z","url":"/api/institutes/logout"},"timestamp":"2025-07-21T19:43:27.451Z"}
{"level":"info","message":{"ip":"::1","method":"POST","timestamp":"2025-07-21T19:43:27.455Z","url":"/api/institutes/logout"},"timestamp":"2025-07-21T19:43:27.455Z"}
{"level":"info","message":{"ip":"::1","method":"POST","timestamp":"2025-07-21T19:43:27.458Z","url":"/api/institutes/logout"},"timestamp":"2025-07-21T19:43:27.458Z"}
{"level":"info","message":{"ip":"::1","method":"POST","timestamp":"2025-07-21T19:43:27.464Z","url":"/api/institutes/logout"},"timestamp":"2025-07-21T19:43:27.464Z"}
{"level":"info","message":{"ip":"::1","method":"POST","timestamp":"2025-07-21T19:43:27.466Z","url":"/api/institutes/logout"},"timestamp":"2025-07-21T19:43:27.466Z"}
{"level":"info","message":{"ip":"::1","method":"POST","timestamp":"2025-07-21T19:43:27.474Z","url":"/api/institutes/logout"},"timestamp":"2025-07-21T19:43:27.474Z"}
{"level":"info","message":{"ip":"::1","method":"POST","timestamp":"2025-07-21T19:43:27.477Z","url":"/api/institutes/logout"},"timestamp":"2025-07-21T19:43:27.477Z"}
{"level":"info","message":{"ip":"::1","method":"POST","timestamp":"2025-07-21T19:43:27.481Z","url":"/api/institutes/logout"},"timestamp":"2025-07-21T19:43:27.481Z"}
{"level":"info","message":{"ip":"::1","method":"GET","timestamp":"2025-07-21T19:44:42.220Z","url":"/api/institutes/all-institutes"},"timestamp":"2025-07-21T19:44:42.221Z"}
{"level":"info","message":{"ip":"::1","method":"GET","timestamp":"2025-07-21T19:46:41.700Z","url":"/api/institutes/all-institutes"},"timestamp":"2025-07-21T19:46:41.700Z"}
{"level":"info","message":{"ip":"::1","method":"GET","timestamp":"2025-07-21T19:46:43.739Z","url":"/api/institutes/institutes-data"},"timestamp":"2025-07-21T19:46:43.739Z"}
{"level":"info","message":{"ip":"::1","method":"GET","timestamp":"2025-07-21T19:47:22.433Z","url":"/api/institutes/institutes-data"},"timestamp":"2025-07-21T19:47:22.433Z"}
{"level":"info","message":{"ip":"::1","method":"GET","timestamp":"2025-07-21T19:47:26.128Z","url":"/api/institutes/institutes-data"},"timestamp":"2025-07-21T19:47:26.128Z"}
{"level":"info","message":{"ip":"::1","method":"GET","timestamp":"2025-07-21T19:49:48.726Z","url":"/api/institutes/all-institutes"},"timestamp":"2025-07-21T19:49:48.726Z"}
{"level":"info","message":{"ip":"::1","method":"GET","timestamp":"2025-07-21T19:49:50.387Z","url":"/api/institutes/institutes-data"},"timestamp":"2025-07-21T19:49:50.387Z"}
{"level":"info","message":{"ip":"::1","method":"GET","timestamp":"2025-07-21T19:50:01.737Z","url":"/api/institutes/institutes-data"},"timestamp":"2025-07-21T19:50:01.737Z"}
{"level":"info","message":{"ip":"::1","method":"GET","timestamp":"2025-07-21T19:51:09.804Z","url":"/api/institutes/all-institutes"},"timestamp":"2025-07-21T19:51:09.804Z"}
{"level":"info","message":{"ip":"::1","method":"GET","timestamp":"2025-07-21T19:51:14.182Z","url":"/api/institutes/all-institutes"},"timestamp":"2025-07-21T19:51:14.182Z"}
{"level":"info","message":{"ip":"::1","method":"GET","timestamp":"2025-07-21T19:51:51.741Z","url":"/api/institutes/all-institutes%22;"},"timestamp":"2025-07-21T19:51:51.741Z"}
{"level":"info","message":{"ip":"::1","method":"GET","timestamp":"2025-07-21T19:51:54.785Z","url":"/api/institutes/all-institutes%22;"},"timestamp":"2025-07-21T19:51:54.785Z"}
{"level":"info","message":{"ip":"::1","method":"GET","timestamp":"2025-07-21T19:53:17.723Z","url":"/api/institutes/all-institutes"},"timestamp":"2025-07-21T19:53:17.723Z"}
{"level":"info","message":{"ip":"::1","method":"GET","timestamp":"2025-07-21T19:53:18.777Z","url":"/api/institutes/all-institutes"},"timestamp":"2025-07-21T19:53:18.777Z"}
{"level":"info","message":{"ip":"::1","method":"GET","timestamp":"2025-07-21T19:53:24.532Z","url":"/api/institutes/all-institutes"},"timestamp":"2025-07-21T19:53:24.532Z"}
{"level":"info","message":{"ip":"::1","method":"GET","timestamp":"2025-07-21T19:54:32.400Z","url":"/api/institutes/all-institutes"},"timestamp":"2025-07-21T19:54:32.400Z"}
{"level":"info","message":{"ip":"::1","method":"GET","timestamp":"2025-07-21T19:55:26.744Z","url":"/api/institutes/all-institutes"},"timestamp":"2025-07-21T19:55:26.744Z"}
{"level":"info","message":{"ip":"::1","method":"GET","timestamp":"2025-07-21T19:56:24.048Z","url":"/api/institutes/all-institutes"},"timestamp":"2025-07-21T19:56:24.048Z"}
{"level":"info","message":{"ip":"::1","method":"GET","timestamp":"2025-07-21T19:57:25.412Z","url":"/api/institutes/all-institutes"},"timestamp":"2025-07-21T19:57:25.412Z"}
{"level":"info","message":{"ip":"::1","method":"GET","timestamp":"2025-07-21T19:58:29.061Z","url":"/api/institutes/all-institutes"},"timestamp":"2025-07-21T19:58:29.061Z"}
{"level":"info","message":{"ip":"::1","method":"GET","timestamp":"2025-07-21T19:58:33.825Z","url":"/api/institutes/all-institutes"},"timestamp":"2025-07-21T19:58:33.825Z"}
{"level":"info","message":{"ip":"::1","method":"GET","timestamp":"2025-07-21T19:58:34.081Z","url":"/api/institutes/all-institutes"},"timestamp":"2025-07-21T19:58:34.081Z"}
{"level":"info","message":{"ip":"::1","method":"GET","timestamp":"2025-07-21T19:58:38.411Z","url":"/api/institutes/all-institutes"},"timestamp":"2025-07-21T19:58:38.411Z"}
{"level":"info","message":{"ip":"::1","method":"GET","timestamp":"2025-07-21T19:58:38.688Z","url":"/api/institutes/all-institutes"},"timestamp":"2025-07-21T19:58:38.688Z"}
{"level":"info","message":{"ip":"::1","method":"GET","timestamp":"2025-07-21T19:58:46.961Z","url":"/api/institutes/all-institutes"},"timestamp":"2025-07-21T19:58:46.961Z"}
{"level":"info","message":{"ip":"::1","method":"GET","timestamp":"2025-07-21T19:58:47.422Z","url":"/api/institutes/all-institutes"},"timestamp":"2025-07-21T19:58:47.422Z"}
{"level":"info","message":{"ip":"::1","method":"GET","timestamp":"2025-07-21T19:59:04.596Z","url":"/api/institutes/all-institutes"},"timestamp":"2025-07-21T19:59:04.596Z"}
{"level":"info","message":{"ip":"::1","method":"GET","timestamp":"2025-07-21T19:59:05.210Z","url":"/api/institutes/all-institutes"},"timestamp":"2025-07-21T19:59:05.210Z"}
{"level":"info","message":{"ip":"::1","method":"GET","timestamp":"2025-07-21T20:00:10.715Z","url":"/api/institutes/all-institutes"},"timestamp":"2025-07-21T20:00:10.715Z"}
{"level":"info","message":{"ip":"::1","method":"GET","timestamp":"2025-07-21T20:00:11.173Z","url":"/api/institutes/all-institutes"},"timestamp":"2025-07-21T20:00:11.173Z"}
{"level":"info","message":{"ip":"::1","method":"GET","timestamp":"2025-07-21T20:00:50.941Z","url":"/api/institutes/all-institutes"},"timestamp":"2025-07-21T20:00:50.941Z"}
{"level":"info","message":{"ip":"::1","method":"GET","timestamp":"2025-07-21T20:00:53.522Z","url":"/api/institutes/all-institutes"},"timestamp":"2025-07-21T20:00:53.522Z"}
{"level":"info","message":{"ip":"::1","method":"GET","timestamp":"2025-07-21T20:01:35.752Z","url":"/api/institutes/all-institutes"},"timestamp":"2025-07-21T20:01:35.752Z"}
{"level":"info","message":{"ip":"::1","method":"GET","timestamp":"2025-07-21T20:01:40.843Z","url":"/api/institutes/all-institutes"},"timestamp":"2025-07-21T20:01:40.843Z"}
{"level":"info","message":{"ip":"::1","method":"GET","timestamp":"2025-07-21T20:01:46.533Z","url":"/api/institutes/all-institutes"},"timestamp":"2025-07-21T20:01:46.533Z"}
{"level":"info","message":{"ip":"::1","method":"GET","timestamp":"2025-07-22T04:59:34.972Z","url":"/api/institutes/all-institutes"},"timestamp":"2025-07-22T04:59:34.973Z"}
{"level":"info","message":{"ip":"::1","method":"GET","timestamp":"2025-07-22T05:02:51.023Z","url":"/api/institutes/all-institutes"},"timestamp":"2025-07-22T05:02:51.023Z"}
{"level":"info","message":{"ip":"::1","method":"GET","timestamp":"2025-07-22T05:03:09.364Z","url":"/api/institutes/all-institutes"},"timestamp":"2025-07-22T05:03:09.364Z"}
{"level":"info","message":{"ip":"::1","method":"GET","timestamp":"2025-07-22T05:03:17.274Z","url":"/api/institutes/all-institutes"},"timestamp":"2025-07-22T05:03:17.274Z"}
{"level":"info","message":{"ip":"::1","method":"GET","timestamp":"2025-07-22T05:05:01.093Z","url":"/api/institutes/all-institutes"},"timestamp":"2025-07-22T05:05:01.093Z"}
{"level":"info","message":{"ip":"::1","method":"GET","timestamp":"2025-07-22T05:05:09.261Z","url":"/api/institutes/all-institutes"},"timestamp":"2025-07-22T05:05:09.261Z"}
{"level":"info","message":{"ip":"::1","method":"GET","timestamp":"2025-07-22T05:10:04.113Z","url":"/api/institutes/all-institutes"},"timestamp":"2025-07-22T05:10:04.113Z"}
{"level":"info","message":{"ip":"::1","method":"GET","timestamp":"2025-07-22T05:10:09.501Z","url":"/api/institutes/all-institutes"},"timestamp":"2025-07-22T05:10:09.501Z"}
{"level":"info","message":{"ip":"::1","method":"GET","timestamp":"2025-07-22T05:10:11.762Z","url":"/api/institutes/all-institutes"},"timestamp":"2025-07-22T05:10:11.762Z"}
{"level":"info","message":{"ip":"::1","method":"GET","timestamp":"2025-07-22T05:10:20.559Z","url":"/api/institutes/all-institutes"},"timestamp":"2025-07-22T05:10:20.559Z"}
{"level":"info","message":{"ip":"::1","method":"GET","timestamp":"2025-07-22T05:10:41.366Z","url":"/api/institutes/all-institutes"},"timestamp":"2025-07-22T05:10:41.366Z"}
{"level":"info","message":{"ip":"::1","method":"GET","timestamp":"2025-07-22T05:11:44.508Z","url":"/api/institutes/all-institutes"},"timestamp":"2025-07-22T05:11:44.508Z"}
{"level":"info","message":{"ip":"::1","method":"GET","timestamp":"2025-07-22T05:11:48.490Z","url":"/api/institutes/all-institutes"},"timestamp":"2025-07-22T05:11:48.490Z"}
{"level":"info","message":{"ip":"::1","method":"GET","timestamp":"2025-07-22T05:12:58.511Z","url":"/api/institutes/all-institutes"},"timestamp":"2025-07-22T05:12:58.511Z"}
{"level":"info","message":{"ip":"::1","method":"GET","timestamp":"2025-07-22T05:13:14.090Z","url":"/api/institutes/all-institutes"},"timestamp":"2025-07-22T05:13:14.090Z"}
{"level":"info","message":{"ip":"::1","method":"GET","timestamp":"2025-07-22T05:13:17.949Z","url":"/api/institutes/all-institutes"},"timestamp":"2025-07-22T05:13:17.949Z"}
{"level":"info","message":{"ip":"::1","method":"GET","timestamp":"2025-07-22T05:14:37.906Z","url":"/api/institutes/all-institutes"},"timestamp":"2025-07-22T05:14:37.906Z"}
{"level":"info","message":{"ip":"::1","method":"GET","timestamp":"2025-07-22T05:17:27.372Z","url":"/api/institutes/all-institutes"},"timestamp":"2025-07-22T05:17:27.372Z"}
{"level":"info","message":{"ip":"::1","method":"GET","timestamp":"2025-07-22T05:17:42.421Z","url":"/api/institutes/all-institutes"},"timestamp":"2025-07-22T05:17:42.421Z"}
{"level":"info","message":{"ip":"::1","method":"GET","timestamp":"2025-07-22T05:17:51.618Z","url":"/api/institutes/all-institutes"},"timestamp":"2025-07-22T05:17:51.618Z"}
{"level":"info","message":{"ip":"::1","method":"GET","timestamp":"2025-07-22T05:17:56.915Z","url":"/api/institutes/all-institutes"},"timestamp":"2025-07-22T05:17:56.915Z"}
{"level":"info","message":{"ip":"::1","method":"GET","timestamp":"2025-07-22T05:18:06.214Z","url":"/api/institutes/all-institutes"},"timestamp":"2025-07-22T05:18:06.214Z"}
{"level":"info","message":{"ip":"::1","method":"GET","timestamp":"2025-07-22T05:18:20.563Z","url":"/api/institutes/all-institutes"},"timestamp":"2025-07-22T05:18:20.563Z"}
{"level":"info","message":{"ip":"::1","method":"GET","timestamp":"2025-07-22T05:18:23.065Z","url":"/api/institutes/all-institutes"},"timestamp":"2025-07-22T05:18:23.065Z"}
{"level":"info","message":{"ip":"::1","method":"GET","timestamp":"2025-07-22T05:18:28.088Z","url":"/api/institutes/all-institutes"},"timestamp":"2025-07-22T05:18:28.088Z"}
{"level":"info","message":{"ip":"::1","method":"GET","timestamp":"2025-07-22T05:18:29.402Z","url":"/api/institutes/all-institutes"},"timestamp":"2025-07-22T05:18:29.402Z"}
{"level":"info","message":{"ip":"::1","method":"GET","timestamp":"2025-07-22T05:18:29.794Z","url":"/api/institutes/all-institutes"},"timestamp":"2025-07-22T05:18:29.794Z"}
{"level":"info","message":{"ip":"::1","method":"GET","timestamp":"2025-07-22T05:18:30.108Z","url":"/api/institutes/all-institutes"},"timestamp":"2025-07-22T05:18:30.108Z"}
{"level":"info","message":{"ip":"::1","method":"GET","timestamp":"2025-07-22T05:18:30.439Z","url":"/api/institutes/all-institutes"},"timestamp":"2025-07-22T05:18:30.439Z"}
{"level":"info","message":{"ip":"::1","method":"GET","timestamp":"2025-07-22T05:18:31.036Z","url":"/api/institutes/all-institutes"},"timestamp":"2025-07-22T05:18:31.036Z"}
{"level":"info","message":{"ip":"::1","method":"GET","timestamp":"2025-07-22T05:20:28.504Z","url":"/api/institutes/all-institutes"},"timestamp":"2025-07-22T05:20:28.504Z"}
{"level":"info","message":{"ip":"::1","method":"GET","timestamp":"2025-07-22T05:22:07.505Z","url":"/api/institutes/all-institutes"},"timestamp":"2025-07-22T05:22:07.505Z"}
{"level":"info","message":{"ip":"::1","method":"GET","timestamp":"2025-07-22T05:23:09.518Z","url":"/api/institutes/all-institutes"},"timestamp":"2025-07-22T05:23:09.518Z"}
{"level":"info","message":{"ip":"::1","method":"GET","timestamp":"2025-07-22T05:23:59.494Z","url":"/api/institutes/all-institutes"},"timestamp":"2025-07-22T05:23:59.494Z"}
{"level":"info","message":{"ip":"::1","method":"GET","timestamp":"2025-07-22T05:26:56.495Z","url":"/api/institutes/all-institutes"},"timestamp":"2025-07-22T05:26:56.495Z"}
{"level":"info","message":{"ip":"::1","method":"GET","timestamp":"2025-07-22T05:27:05.499Z","url":"/api/institutes/all-institutes"},"timestamp":"2025-07-22T05:27:05.499Z"}
{"level":"info","message":{"ip":"::1","method":"GET","timestamp":"2025-07-22T05:28:21.500Z","url":"/api/institutes/all-institutes"},"timestamp":"2025-07-22T05:28:21.500Z"}
{"level":"info","message":{"ip":"::1","method":"GET","timestamp":"2025-07-22T05:28:28.917Z","url":"/api/institutes/all-institutes"},"timestamp":"2025-07-22T05:28:28.917Z"}
{"level":"info","message":{"ip":"::1","method":"GET","timestamp":"2025-07-22T05:30:26.493Z","url":"/api/institutes/all-institutes"},"timestamp":"2025-07-22T05:30:26.493Z"}
{"level":"info","message":{"ip":"::1","method":"GET","timestamp":"2025-07-22T05:30:40.504Z","url":"/api/institutes/all-institutes"},"timestamp":"2025-07-22T05:30:40.504Z"}
{"level":"info","message":{"ip":"::1","method":"GET","timestamp":"2025-07-22T05:31:27.515Z","url":"/api/institutes/all-institutes"},"timestamp":"2025-07-22T05:31:27.515Z"}
{"level":"info","message":{"ip":"::1","method":"GET","timestamp":"2025-07-22T05:32:38.665Z","url":"/api/institutes/all-institutes"},"timestamp":"2025-07-22T05:32:38.665Z"}
{"level":"info","message":{"ip":"::1","method":"GET","timestamp":"2025-07-22T05:33:06.548Z","url":"/api/institutes/all-institutes"},"timestamp":"2025-07-22T05:33:06.548Z"}
{"level":"info","message":{"ip":"::1","method":"GET","timestamp":"2025-07-22T05:33:30.510Z","url":"/api/institutes/all-institutes"},"timestamp":"2025-07-22T05:33:30.510Z"}
{"level":"info","message":{"ip":"::1","method":"GET","timestamp":"2025-07-22T05:34:00.500Z","url":"/api/institutes/all-institutes"},"timestamp":"2025-07-22T05:34:00.501Z"}
{"level":"info","message":{"ip":"::1","method":"GET","timestamp":"2025-07-22T05:34:15.526Z","url":"/api/institutes/all-institutes"},"timestamp":"2025-07-22T05:34:15.526Z"}
{"level":"info","message":{"ip":"::1","method":"GET","timestamp":"2025-07-22T05:34:34.515Z","url":"/api/institutes/all-institutes"},"timestamp":"2025-07-22T05:34:34.515Z"}
{"level":"info","message":{"ip":"::1","method":"GET","timestamp":"2025-07-22T05:34:54.919Z","url":"/api/institutes/all-institutes"},"timestamp":"2025-07-22T05:34:54.919Z"}
{"level":"info","message":{"ip":"::1","method":"GET","timestamp":"2025-07-22T05:34:57.100Z","url":"/api/institutes/all-institutes"},"timestamp":"2025-07-22T05:34:57.100Z"}
{"level":"info","message":{"ip":"::1","method":"GET","timestamp":"2025-07-22T05:35:47.255Z","url":"/api/institutes/all-institutes"},"timestamp":"2025-07-22T05:35:47.255Z"}
{"level":"info","message":{"ip":"::1","method":"GET","timestamp":"2025-07-22T05:38:20.822Z","url":"/api/institutes/all-institutes"},"timestamp":"2025-07-22T05:38:20.822Z"}
{"level":"info","message":{"ip":"::1","method":"GET","timestamp":"2025-07-22T05:38:22.894Z","url":"/api/institutes/all-institutes"},"timestamp":"2025-07-22T05:38:22.894Z"}
{"level":"info","message":{"ip":"::1","method":"GET","timestamp":"2025-07-22T05:38:34.125Z","url":"/api/institutes/all-institutes"},"timestamp":"2025-07-22T05:38:34.125Z"}
{"level":"info","message":{"ip":"::1","method":"GET","timestamp":"2025-07-22T05:38:45.096Z","url":"/api/institutes/all-institutes"},"timestamp":"2025-07-22T05:38:45.096Z"}
{"level":"info","message":{"ip":"::1","method":"GET","timestamp":"2025-07-22T05:42:13.135Z","url":"/api/institutes/all-institutes"},"timestamp":"2025-07-22T05:42:13.135Z"}
{"level":"info","message":{"ip":"::1","method":"GET","timestamp":"2025-07-22T05:42:14.500Z","url":"/api/institutes"},"timestamp":"2025-07-22T05:42:14.500Z"}
{"level":"info","message":{"ip":"::1","method":"GET","timestamp":"2025-07-22T05:42:41.483Z","url":"/api/institutes/all-institutes"},"timestamp":"2025-07-22T05:42:41.483Z"}
{"level":"info","message":{"ip":"::1","method":"GET","timestamp":"2025-07-22T05:42:43.870Z","url":"/api/institutes/all-institutes"},"timestamp":"2025-07-22T05:42:43.870Z"}
{"level":"info","message":{"ip":"::1","method":"GET","timestamp":"2025-07-22T05:42:51.974Z","url":"/api/institutes/all-institutes"},"timestamp":"2025-07-22T05:42:51.974Z"}
{"level":"info","message":{"ip":"::1","method":"GET","timestamp":"2025-07-22T05:43:23.509Z","url":"/api/institutes/all-institutes"},"timestamp":"2025-07-22T05:43:23.509Z"}
{"level":"info","message":{"ip":"::1","method":"GET","timestamp":"2025-07-22T05:46:43.519Z","url":"/api/institutes/all-institutes"},"timestamp":"2025-07-22T05:46:43.519Z"}
{"level":"info","message":{"ip":"::1","method":"GET","timestamp":"2025-07-22T05:47:46.520Z","url":"/api/institutes/all-institutes"},"timestamp":"2025-07-22T05:47:46.520Z"}
{"level":"info","message":{"ip":"::1","method":"GET","timestamp":"2025-07-22T05:48:06.590Z","url":"/api/institutes/all-institutes"},"timestamp":"2025-07-22T05:48:06.590Z"}
{"level":"info","message":{"ip":"::1","method":"GET","timestamp":"2025-07-22T05:48:28.098Z","url":"/api/institutes/all-institutes"},"timestamp":"2025-07-22T05:48:28.098Z"}
{"level":"info","message":{"ip":"::1","method":"GET","timestamp":"2025-07-22T05:48:31.196Z","url":"/api/institutes/all-institutes"},"timestamp":"2025-07-22T05:48:31.197Z"}
{"level":"info","message":{"ip":"::1","method":"GET","timestamp":"2025-07-22T05:48:32.897Z","url":"/api/institutes/all-institutes"},"timestamp":"2025-07-22T05:48:32.897Z"}
{"level":"info","message":{"ip":"::1","method":"GET","timestamp":"2025-07-22T05:48:36.576Z","url":"/api/institutes/all-institutes"},"timestamp":"2025-07-22T05:48:36.576Z"}
{"level":"info","message":{"ip":"::1","method":"GET","timestamp":"2025-07-22T05:52:41.974Z","url":"/api/institutes/all-institutes"},"timestamp":"2025-07-22T05:52:41.974Z"}
{"level":"info","message":{"ip":"::1","method":"GET","timestamp":"2025-07-22T05:53:48.537Z","url":"/api/institutes/all-institutes"},"timestamp":"2025-07-22T05:53:48.537Z"}
{"level":"info","message":{"ip":"::1","method":"GET","timestamp":"2025-07-22T05:53:56.504Z","url":"/api/institutes/all-institutes"},"timestamp":"2025-07-22T05:53:56.505Z"}
{"level":"info","message":{"ip":"::1","method":"GET","timestamp":"2025-07-22T05:54:40.399Z","url":"/api/institutes/all-institutes"},"timestamp":"2025-07-22T05:54:40.399Z"}
{"level":"info","message":{"ip":"::1","method":"GET","timestamp":"2025-07-22T05:54:57.461Z","url":"/api/institutes/9bd9f7ce-d935-4040-911f-da3205b6bca9"},"timestamp":"2025-07-22T05:54:57.462Z"}
{"level":"info","message":{"ip":"::1","method":"GET","timestamp":"2025-07-22T05:54:58.405Z","url":"/api/institutes/9bd9f7ce-d935-4040-911f-da3205b6bca9"},"timestamp":"2025-07-22T05:54:58.405Z"}
{"level":"info","message":{"ip":"::1","method":"GET","timestamp":"2025-07-22T05:54:58.695Z","url":"/api/institutes/9bd9f7ce-d935-4040-911f-da3205b6bca9"},"timestamp":"2025-07-22T05:54:58.695Z"}
{"level":"info","message":{"ip":"::1","method":"GET","timestamp":"2025-07-22T05:55:02.346Z","url":"/api/institutes/all-institutes"},"timestamp":"2025-07-22T05:55:02.346Z"}
{"level":"info","message":{"ip":"::1","method":"GET","timestamp":"2025-07-22T05:55:07.602Z","url":"/api/institutes/a99671cd-dde3-4cf7-a5e5-3e85b91a1210"},"timestamp":"2025-07-22T05:55:07.602Z"}
{"level":"info","message":{"ip":"::1","method":"GET","timestamp":"2025-07-22T05:55:07.912Z","url":"/api/institutes/a99671cd-dde3-4cf7-a5e5-3e85b91a1210"},"timestamp":"2025-07-22T05:55:07.912Z"}
{"level":"info","message":{"ip":"::1","method":"GET","timestamp":"2025-07-22T05:55:08.218Z","url":"/api/institutes/a99671cd-dde3-4cf7-a5e5-3e85b91a1210"},"timestamp":"2025-07-22T05:55:08.218Z"}
{"level":"info","message":{"ip":"::1","method":"GET","timestamp":"2025-07-22T05:55:19.632Z","url":"/api/institutes/a99671cd-dde3-4cf7-a5e5-3e85b91a1210"},"timestamp":"2025-07-22T05:55:19.632Z"}
{"level":"info","message":{"ip":"::1","method":"GET","timestamp":"2025-07-22T05:55:20.200Z","url":"/api/institutes/a99671cd-dde3-4cf7-a5e5-3e85b91a1210"},"timestamp":"2025-07-22T05:55:20.200Z"}
{"level":"info","message":{"ip":"::1","method":"GET","timestamp":"2025-07-22T05:55:20.440Z","url":"/api/institutes/a99671cd-dde3-4cf7-a5e5-3e85b91a1210"},"timestamp":"2025-07-22T05:55:20.440Z"}
{"level":"info","message":{"ip":"::1","method":"GET","timestamp":"2025-07-22T08:39:49.328Z","url":"/api/institutes/all-institutes"},"timestamp":"2025-07-22T08:39:49.330Z"}
{"level":"info","message":{"ip":"::1","method":"GET","timestamp":"2025-07-22T08:41:56.426Z","url":"/api/institutes/all-institutes"},"timestamp":"2025-07-22T08:41:56.426Z"}
{"level":"info","message":{"ip":"::1","method":"GET","timestamp":"2025-07-22T08:42:30.651Z","url":"/api/institutes/all-institutes"},"timestamp":"2025-07-22T08:42:30.652Z"}
{"level":"info","message":{"ip":"::1","method":"GET","timestamp":"2025-07-22T08:43:58.173Z","url":"/api/institutes/all-institutes"},"timestamp":"2025-07-22T08:43:58.174Z"}
{"level":"info","message":{"ip":"::1","method":"GET","timestamp":"2025-07-22T08:48:19.619Z","url":"/api/institutes/all-institutes"},"timestamp":"2025-07-22T08:48:19.620Z"}
{"level":"info","message":{"ip":"::1","method":"GET","timestamp":"2025-07-22T08:48:31.544Z","url":"/api/institutes/all-institutes"},"timestamp":"2025-07-22T08:48:31.544Z"}
{"level":"info","message":{"ip":"::1","method":"GET","timestamp":"2025-07-22T08:48:38.223Z","url":"/api/institutes/all-institutes"},"timestamp":"2025-07-22T08:48:38.223Z"}
{"level":"info","message":{"ip":"::1","method":"GET","timestamp":"2025-07-22T08:48:41.992Z","url":"/api/institutes/all-institutes"},"timestamp":"2025-07-22T08:48:41.992Z"}
{"level":"info","message":{"ip":"::1","method":"GET","timestamp":"2025-07-22T08:48:51.305Z","url":"/api/institutes/all-institutes"},"timestamp":"2025-07-22T08:48:51.306Z"}
{"level":"info","message":{"ip":"::1","method":"GET","timestamp":"2025-07-22T08:49:37.175Z","url":"/api/institutes/all-institutes"},"timestamp":"2025-07-22T08:49:37.175Z"}
{"level":"info","message":{"ip":"::1","method":"GET","timestamp":"2025-07-22T08:50:36.494Z","url":"/api/institutes/all-institutes"},"timestamp":"2025-07-22T08:50:36.494Z"}
{"level":"info","message":{"ip":"::1","method":"GET","timestamp":"2025-07-22T08:50:40.395Z","url":"/api/institutes/all-institutes"},"timestamp":"2025-07-22T08:50:40.395Z"}
{"level":"info","message":{"ip":"::1","method":"GET","timestamp":"2025-07-22T08:50:53.503Z","url":"/api/institutes/all-institutes"},"timestamp":"2025-07-22T08:50:53.503Z"}
{"level":"info","message":{"ip":"::1","method":"GET","timestamp":"2025-07-22T08:52:45.653Z","url":"/api/institutes/all-institutes"},"timestamp":"2025-07-22T08:52:45.653Z"}
{"level":"info","message":{"ip":"::1","method":"GET","timestamp":"2025-07-22T08:58:54.540Z","url":"/api/institutes/all-institutes"},"timestamp":"2025-07-22T08:58:54.540Z"}
{"level":"info","message":{"ip":"::1","method":"GET","timestamp":"2025-07-22T09:14:41.053Z","url":"/api/institutes/all-institutes"},"timestamp":"2025-07-22T09:14:41.054Z"}
{"level":"info","message":{"ip":"::1","method":"GET","timestamp":"2025-07-22T09:14:48.320Z","url":"/api/institutes/all-institutes"},"timestamp":"2025-07-22T09:14:48.320Z"}
{"level":"info","message":{"ip":"::1","method":"GET","timestamp":"2025-07-22T09:17:34.193Z","url":"/api/institutes/all-institutes"},"timestamp":"2025-07-22T09:17:34.193Z"}
{"level":"info","message":{"ip":"::1","method":"GET","timestamp":"2025-07-22T09:17:35.744Z","url":"/api/institutes/all-institutes"},"timestamp":"2025-07-22T09:17:35.744Z"}
{"level":"info","message":{"ip":"::1","method":"GET","timestamp":"2025-07-22T09:18:16.187Z","url":"/api/institutes/all-institutes"},"timestamp":"2025-07-22T09:18:16.187Z"}
{"level":"info","message":{"ip":"::1","method":"GET","timestamp":"2025-07-22T09:18:17.172Z","url":"/api/institutes/all-institutes"},"timestamp":"2025-07-22T09:18:17.173Z"}
{"level":"info","message":{"ip":"::1","method":"GET","timestamp":"2025-07-22T09:19:04.164Z","url":"/api/institutes/all-institutes"},"timestamp":"2025-07-22T09:19:04.164Z"}
{"level":"info","message":{"ip":"::1","method":"GET","timestamp":"2025-07-22T09:19:04.626Z","url":"/api/institutes/all-institutes"},"timestamp":"2025-07-22T09:19:04.626Z"}
{"level":"info","message":{"ip":"::1","method":"GET","timestamp":"2025-07-22T09:19:10.603Z","url":"/api/institutes/all-institutes"},"timestamp":"2025-07-22T09:19:10.603Z"}
{"level":"info","message":{"ip":"::1","method":"GET","timestamp":"2025-07-22T09:19:10.844Z","url":"/api/institutes/all-institutes"},"timestamp":"2025-07-22T09:19:10.844Z"}
{"level":"info","message":{"ip":"::1","method":"GET","timestamp":"2025-07-22T09:19:55.421Z","url":"/api/institutes/all-institutes"},"timestamp":"2025-07-22T09:19:55.421Z"}
{"level":"info","message":{"ip":"::1","method":"GET","timestamp":"2025-07-22T09:19:59.536Z","url":"/api/institutes/all-institutes"},"timestamp":"2025-07-22T09:19:59.536Z"}
{"level":"info","message":{"ip":"::1","method":"GET","timestamp":"2025-07-22T09:20:05.022Z","url":"/api/institutes/all-institutes"},"timestamp":"2025-07-22T09:20:05.022Z"}
{"level":"info","message":{"ip":"::1","method":"GET","timestamp":"2025-07-22T09:20:12.606Z","url":"/api/institutes/all-institutes"},"timestamp":"2025-07-22T09:20:12.606Z"}
{"level":"info","message":{"ip":"::1","method":"GET","timestamp":"2025-07-22T09:20:16.565Z","url":"/api/institutes/all-institutes"},"timestamp":"2025-07-22T09:20:16.565Z"}
{"level":"info","message":{"ip":"::1","method":"GET","timestamp":"2025-07-22T09:20:25.362Z","url":"/api/institutes/all-institutes"},"timestamp":"2025-07-22T09:20:25.362Z"}
{"level":"info","message":{"ip":"::1","method":"GET","timestamp":"2025-07-22T09:20:49.507Z","url":"/api/institutes/all-institutes"},"timestamp":"2025-07-22T09:20:49.507Z"}
{"level":"info","message":{"ip":"::1","method":"GET","timestamp":"2025-07-22T09:22:23.484Z","url":"/api/institutes/all-institutes"},"timestamp":"2025-07-22T09:22:23.484Z"}
{"level":"info","message":{"ip":"::1","method":"GET","timestamp":"2025-07-22T09:22:31.930Z","url":"/api/institutes/all-institutes"},"timestamp":"2025-07-22T09:22:31.930Z"}
{"level":"info","message":{"ip":"::1","method":"GET","timestamp":"2025-07-22T09:22:36.889Z","url":"/api/institutes/all-institutes"},"timestamp":"2025-07-22T09:22:36.889Z"}
{"level":"info","message":{"ip":"::1","method":"GET","timestamp":"2025-07-22T09:22:41.203Z","url":"/api/institutes/all-institutes"},"timestamp":"2025-07-22T09:22:41.203Z"}
{"level":"info","message":{"ip":"::1","method":"GET","timestamp":"2025-07-22T09:22:49.690Z","url":"/api/institutes/all-institutes"},"timestamp":"2025-07-22T09:22:49.690Z"}
{"level":"info","message":{"ip":"::1","method":"GET","timestamp":"2025-07-22T09:24:42.588Z","url":"/api/institutes/all-institutes"},"timestamp":"2025-07-22T09:24:42.588Z"}
{"level":"info","message":{"ip":"::1","method":"GET","timestamp":"2025-07-22T09:24:46.804Z","url":"/api/institutes/c04c2831-217b-438d-a3f7-8d6df29ae559"},"timestamp":"2025-07-22T09:24:46.804Z"}
{"level":"info","message":{"ip":"::1","method":"GET","timestamp":"2025-07-22T09:24:47.511Z","url":"/api/institutes/c04c2831-217b-438d-a3f7-8d6df29ae559"},"timestamp":"2025-07-22T09:24:47.512Z"}
{"level":"info","message":{"ip":"::1","method":"GET","timestamp":"2025-07-22T09:24:47.781Z","url":"/api/institutes/c04c2831-217b-438d-a3f7-8d6df29ae559"},"timestamp":"2025-07-22T09:24:47.781Z"}
{"level":"info","message":{"ip":"::1","method":"GET","timestamp":"2025-07-22T09:24:59.500Z","url":"/api/institutes/9bd9f7ce-d935-4040-911f-da3205b6bca9"},"timestamp":"2025-07-22T09:24:59.500Z"}
{"level":"info","message":{"ip":"::1","method":"GET","timestamp":"2025-07-22T09:25:02.344Z","url":"/api/institutes/9bd9f7ce-d935-4040-911f-da3205b6bca9"},"timestamp":"2025-07-22T09:25:02.344Z"}
{"level":"info","message":{"ip":"::1","method":"GET","timestamp":"2025-07-22T09:25:02.675Z","url":"/api/institutes/9bd9f7ce-d935-4040-911f-da3205b6bca9"},"timestamp":"2025-07-22T09:25:02.675Z"}
{"level":"info","message":{"ip":"::1","method":"GET","timestamp":"2025-07-22T09:25:12.478Z","url":"/institutes/9bd9f7ce-d935-4040-911f-da3205b6bca9"},"timestamp":"2025-07-22T09:25:12.478Z"}
{"level":"info","message":{"ip":"::1","method":"GET","timestamp":"2025-07-22T09:25:15.474Z","url":"/institutes/9bd9f7ce-d935-4040-911f-da3205b6bca9"},"timestamp":"2025-07-22T09:25:15.474Z"}
{"level":"info","message":{"ip":"::1","method":"GET","timestamp":"2025-07-22T09:25:22.639Z","url":"/institutes/9bd9f7ce-d935-4040-911f-da3205b6bca9"},"timestamp":"2025-07-22T09:25:22.639Z"}
{"level":"info","message":{"ip":"::1","method":"GET","timestamp":"2025-07-22T09:25:22.672Z","url":"/api/institutes/9bd9f7ce-d935-4040-911f-da3205b6bca9"},"timestamp":"2025-07-22T09:25:22.672Z"}
{"level":"info","message":{"ip":"::1","method":"GET","timestamp":"2025-07-22T09:25:23.260Z","url":"/api/institutes/9bd9f7ce-d935-4040-911f-da3205b6bca9"},"timestamp":"2025-07-22T09:25:23.260Z"}
{"level":"info","message":{"ip":"::1","method":"GET","timestamp":"2025-07-22T09:25:30.475Z","url":"/api/institutes/9bd9f7ce-d935-4040-911f-da3205b6bca9"},"timestamp":"2025-07-22T09:25:30.475Z"}
{"level":"info","message":{"ip":"::1","method":"GET","timestamp":"2025-07-22T09:25:33.977Z","url":"/api/institutes/9bd9f7ce-d935-4040-911f-da3205b6bca9"},"timestamp":"2025-07-22T09:25:33.977Z"}
{"level":"info","message":{"ip":"::1","method":"GET","timestamp":"2025-07-22T09:25:34.247Z","url":"/api/institutes/9bd9f7ce-d935-4040-911f-da3205b6bca9"},"timestamp":"2025-07-22T09:25:34.247Z"}
{"level":"info","message":{"ip":"::1","method":"GET","timestamp":"2025-07-22T09:25:34.510Z","url":"/api/institutes/9bd9f7ce-d935-4040-911f-da3205b6bca9"},"timestamp":"2025-07-22T09:25:34.510Z"}
{"level":"info","message":{"ip":"::1","method":"GET","timestamp":"2025-07-22T09:26:51.442Z","url":"/api/institutes/9bd9f7ce-d935-4040-911f-da3205b6bca9"},"timestamp":"2025-07-22T09:26:51.442Z"}
{"level":"info","message":{"ip":"::1","method":"GET","timestamp":"2025-07-22T09:26:51.916Z","url":"/api/institutes/9bd9f7ce-d935-4040-911f-da3205b6bca9"},"timestamp":"2025-07-22T09:26:51.916Z"}
{"level":"info","message":{"ip":"::1","method":"GET","timestamp":"2025-07-22T09:26:52.211Z","url":"/api/institutes/9bd9f7ce-d935-4040-911f-da3205b6bca9"},"timestamp":"2025-07-22T09:26:52.211Z"}
{"level":"info","message":{"ip":"::1","method":"GET","timestamp":"2025-07-22T09:27:17.556Z","url":"/api/institutes/all-institutes"},"timestamp":"2025-07-22T09:27:17.556Z"}
{"level":"info","message":{"ip":"::1","method":"GET","timestamp":"2025-07-22T09:27:19.393Z","url":"/api/institutes/all-institutes"},"timestamp":"2025-07-22T09:27:19.393Z"}
{"level":"info","message":{"ip":"::1","method":"GET","timestamp":"2025-07-22T09:27:24.740Z","url":"/api/institutes/a99671cd-dde3-4cf7-a5e5-3e85b91a1210"},"timestamp":"2025-07-22T09:27:24.740Z"}
{"level":"info","message":{"ip":"::1","method":"GET","timestamp":"2025-07-22T09:27:24.989Z","url":"/api/institutes/a99671cd-dde3-4cf7-a5e5-3e85b91a1210"},"timestamp":"2025-07-22T09:27:24.989Z"}
{"level":"info","message":{"ip":"::1","method":"GET","timestamp":"2025-07-22T09:27:25.296Z","url":"/api/institutes/a99671cd-dde3-4cf7-a5e5-3e85b91a1210"},"timestamp":"2025-07-22T09:27:25.296Z"}
{"level":"info","message":{"ip":"::1","method":"GET","timestamp":"2025-07-22T09:27:32.584Z","url":"/api/institutes/all-institutes"},"timestamp":"2025-07-22T09:27:32.584Z"}
{"level":"info","message":{"ip":"::1","method":"GET","timestamp":"2025-07-22T09:28:17.276Z","url":"/api/institutes/all-institutes"},"timestamp":"2025-07-22T09:28:17.276Z"}
{"level":"info","message":{"ip":"::1","method":"GET","timestamp":"2025-07-22T09:31:42.699Z","url":"/api/institutes/all-institutes"},"timestamp":"2025-07-22T09:31:42.700Z"}
{"level":"info","message":{"ip":"::1","method":"GET","timestamp":"2025-07-22T09:32:00.433Z","url":"/api/institutes/all-institutes"},"timestamp":"2025-07-22T09:32:00.433Z"}
{"level":"info","message":{"ip":"::1","method":"GET","timestamp":"2025-07-22T09:32:09.303Z","url":"/api/institutes/all-institutes"},"timestamp":"2025-07-22T09:32:09.303Z"}
{"level":"info","message":{"ip":"::1","method":"GET","timestamp":"2025-07-22T09:32:35.043Z","url":"/api/institutes/all-institutes"},"timestamp":"2025-07-22T09:32:35.043Z"}
{"level":"info","message":{"ip":"::1","method":"GET","timestamp":"2025-07-22T09:33:04.071Z","url":"/api/institutes/all-institutes"},"timestamp":"2025-07-22T09:33:04.071Z"}
{"level":"info","message":{"ip":"::1","method":"GET","timestamp":"2025-07-22T09:35:11.066Z","url":"/api/institutes/all-institutes"},"timestamp":"2025-07-22T09:35:11.066Z"}
{"level":"info","message":{"ip":"::1","method":"GET","timestamp":"2025-07-22T09:35:34.075Z","url":"/api/institutes/all-institutes"},"timestamp":"2025-07-22T09:35:34.075Z"}
{"level":"info","message":{"ip":"::1","method":"GET","timestamp":"2025-07-22T09:35:37.310Z","url":"/api/institutes/all-institutes"},"timestamp":"2025-07-22T09:35:37.310Z"}
{"level":"info","message":{"ip":"::1","method":"GET","timestamp":"2025-07-22T09:36:11.358Z","url":"/api/institutes/all-institutes"},"timestamp":"2025-07-22T09:36:11.358Z"}
{"level":"info","message":{"ip":"::1","method":"GET","timestamp":"2025-07-22T09:36:53.626Z","url":"/api/institutes/all-institutes"},"timestamp":"2025-07-22T09:36:53.626Z"}
{"level":"info","message":{"ip":"::1","method":"GET","timestamp":"2025-07-22T10:05:01.402Z","url":"/api/institutes/all-institutes"},"timestamp":"2025-07-22T10:05:01.403Z"}
{"level":"info","message":{"ip":"::1","method":"GET","timestamp":"2025-07-22T10:06:18.258Z","url":"/api/institutes/all-institutes"},"timestamp":"2025-07-22T10:06:18.258Z"}
{"level":"info","message":{"ip":"::1","method":"GET","timestamp":"2025-07-22T10:07:48.020Z","url":"/api/institutes/all-institutes"},"timestamp":"2025-07-22T10:07:48.020Z"}
{"level":"info","message":{"ip":"::1","method":"GET","timestamp":"2025-07-22T10:12:04.168Z","url":"/api/institutes/all-institutes"},"timestamp":"2025-07-22T10:12:04.168Z"}
{"level":"info","message":{"ip":"::1","method":"GET","timestamp":"2025-07-22T10:14:36.413Z","url":"/api/institutes/all-institutes"},"timestamp":"2025-07-22T10:14:36.413Z"}
{"level":"info","message":{"ip":"::1","method":"GET","timestamp":"2025-07-22T10:42:02.977Z","url":"/api/institutes/all-institutes"},"timestamp":"2025-07-22T10:42:02.977Z"}
{"level":"info","message":{"ip":"::1","method":"GET","timestamp":"2025-07-22T10:48:51.373Z","url":"/api/institutes/all-institutes"},"timestamp":"2025-07-22T10:48:51.373Z"}
{"level":"info","message":{"ip":"::1","method":"GET","timestamp":"2025-07-22T15:29:42.858Z","url":"/api/institutes/all-institutes"},"timestamp":"2025-07-22T15:29:42.859Z"}
{"level":"info","message":{"ip":"::1","method":"GET","timestamp":"2025-07-23T07:42:33.178Z","url":"/api/institutes/all-institutes"},"timestamp":"2025-07-23T07:42:33.179Z"}
{"level":"info","message":{"ip":"::1","method":"GET","timestamp":"2025-07-23T17:52:18.993Z","url":"/api/institutes/all-institutes"},"timestamp":"2025-07-23T17:52:18.993Z"}

{"level":"info","message":{"ip":"::1","method":"GET","timestamp":"2025-07-24T17:17:39.188Z","url":"/api/institutes/all-institutes"},"timestamp":"2025-07-24T17:17:39.189Z"}
{"level":"info","message":{"ip":"::1","method":"GET","timestamp":"2025-07-24T17:17:44.438Z","url":"/api/institutes/all-institutes"},"timestamp":"2025-07-24T17:17:44.438Z"}
{"level":"info","message":{"ip":"::1","method":"GET","timestamp":"2025-07-24T17:18:10.266Z","url":"/api/institutes/all-institutes"},"timestamp":"2025-07-24T17:18:10.267Z"}
{"level":"info","message":{"ip":"::1","method":"GET","timestamp":"2025-07-24T17:35:28.007Z","url":"/api/institutes/all-institutes"},"timestamp":"2025-07-24T17:35:28.008Z"}
{"level":"info","message":{"ip":"::1","method":"GET","timestamp":"2025-07-24T17:38:44.525Z","url":"/api/institutes/all-institutes"},"timestamp":"2025-07-24T17:38:44.525Z"}
{"level":"info","message":{"ip":"::1","method":"GET","timestamp":"2025-07-24T17:38:53.679Z","url":"/api/institutes/817dbb53-0f10-4134-a1c1-a0c4d4e062e4"},"timestamp":"2025-07-24T17:38:53.679Z"}
{"level":"info","message":{"ip":"::1","method":"GET","timestamp":"2025-07-24T17:38:54.316Z","url":"/api/institutes/817dbb53-0f10-4134-a1c1-a0c4d4e062e4"},"timestamp":"2025-07-24T17:38:54.316Z"}
{"level":"info","message":{"ip":"::1","method":"GET","timestamp":"2025-07-24T17:38:54.567Z","url":"/api/institutes/817dbb53-0f10-4134-a1c1-a0c4d4e062e4"},"timestamp":"2025-07-24T17:38:54.568Z"}
{"level":"info","message":{"ip":"::1","method":"GET","timestamp":"2025-07-24T17:39:02.009Z","url":"/api/institutes/all-institutes"},"timestamp":"2025-07-24T17:39:02.009Z"}
{"level":"info","message":{"ip":"::1","method":"GET","timestamp":"2025-07-24T17:39:07.272Z","url":"/api/institutes/all-institutes"},"timestamp":"2025-07-24T17:39:07.272Z"}
{"level":"info","message":{"ip":"::1","method":"GET","timestamp":"2025-07-24T17:39:15.786Z","url":"/api/institutes/all-institutes"},"timestamp":"2025-07-24T17:39:15.786Z"}
{"level":"info","message":{"ip":"::1","method":"GET","timestamp":"2025-07-24T17:39:20.111Z","url":"/api/institutes/all-institutes"},"timestamp":"2025-07-24T17:39:20.111Z"}
{"level":"info","message":{"ip":"::1","method":"GET","timestamp":"2025-07-24T17:39:27.708Z","url":"/api/institutes/all-institutes"},"timestamp":"2025-07-24T17:39:27.708Z"}
{"level":"info","message":{"ip":"::1","method":"GET","timestamp":"2025-07-24T17:39:35.795Z","url":"/api/institutes/all-institutes"},"timestamp":"2025-07-24T17:39:35.795Z"}
{"level":"info","message":{"ip":"::1","method":"GET","timestamp":"2025-07-24T17:46:02.115Z","url":"/api/institutes/all-institutes"},"timestamp":"2025-07-24T17:46:02.116Z"}
{"level":"info","message":{"ip":"::1","method":"POST","timestamp":"2025-07-24T17:48:53.304Z","url":"/api/institutes/signup"},"timestamp":"2025-07-24T17:48:53.304Z"}
{"level":"info","message":{"ip":"::1","method":"POST","timestamp":"2025-07-24T17:49:16.022Z","url":"/api/institutes/verify"},"timestamp":"2025-07-24T17:49:16.022Z"}
{"level":"info","message":{"ip":"::1","method":"GET","timestamp":"2025-07-24T17:49:18.280Z","url":"/api/institutes/profile"},"timestamp":"2025-07-24T17:49:18.280Z"}
{"level":"info","message":{"ip":"::1","method":"PATCH","timestamp":"2025-07-24T17:51:13.440Z","url":"/api/institutes/me/basic-info"},"timestamp":"2025-07-24T17:51:13.440Z"}
{"level":"info","message":{"ip":"::1","method":"GET","timestamp":"2025-07-24T17:51:16.432Z","url":"/api/institutes/profile"},"timestamp":"2025-07-24T17:51:16.433Z"}
{"level":"info","message":{"ip":"::1","method":"PATCH","timestamp":"2025-07-24T17:56:18.437Z","url":"/api/institutes/me/contact"},"timestamp":"2025-07-24T17:56:18.437Z"}
{"level":"info","message":{"ip":"::1","method":"GET","timestamp":"2025-07-24T17:56:21.415Z","url":"/api/institutes/profile"},"timestamp":"2025-07-24T17:56:21.415Z"}
{"level":"info","message":{"ip":"::1","method":"PATCH","timestamp":"2025-07-24T17:56:33.732Z","url":"/api/institutes/me/courses"},"timestamp":"2025-07-24T17:56:33.732Z"}
{"level":"info","message":{"ip":"::1","method":"GET","timestamp":"2025-07-24T17:56:34.584Z","url":"/api/institutes/profile"},"timestamp":"2025-07-24T17:56:34.584Z"}
{"level":"info","message":{"ip":"::1","method":"PATCH","timestamp":"2025-07-24T17:56:55.494Z","url":"/api/institutes/me/faculties"},"timestamp":"2025-07-24T17:56:55.495Z"}
{"level":"info","message":{"ip":"::1","method":"GET","timestamp":"2025-07-24T17:56:56.678Z","url":"/api/institutes/profile"},"timestamp":"2025-07-24T17:56:56.678Z"}
{"level":"info","message":{"ip":"::1","method":"PATCH","timestamp":"2025-07-24T17:57:28.937Z","url":"/api/institutes/me/student-achievements"},"timestamp":"2025-07-24T17:57:28.937Z"}
{"level":"info","message":{"ip":"::1","method":"GET","timestamp":"2025-07-24T17:57:29.970Z","url":"/api/institutes/profile"},"timestamp":"2025-07-24T17:57:29.970Z"}
{"level":"info","message":{"ip":"::1","method":"PATCH","timestamp":"2025-07-24T17:58:05.247Z","url":"/api/institutes/upload/documents"},"timestamp":"2025-07-24T17:58:05.247Z"}
{"level":"info","message":{"ip":"::1","method":"PATCH","timestamp":"2025-07-24T17:58:13.786Z","url":"/api/institutes/me/institute-achievements"},"timestamp":"2025-07-24T17:58:13.786Z"}
{"level":"info","message":{"ip":"::1","method":"GET","timestamp":"2025-07-24T17:58:14.592Z","url":"/api/institutes/profile"},"timestamp":"2025-07-24T17:58:14.592Z"}
{"level":"info","message":{"ip":"::1","method":"PATCH","timestamp":"2025-07-24T17:58:31.734Z","url":"/api/institutes/me/facilities"},"timestamp":"2025-07-24T17:58:31.734Z"}
{"level":"info","message":{"ip":"::1","method":"GET","timestamp":"2025-07-24T17:58:32.923Z","url":"/api/institutes/profile"},"timestamp":"2025-07-24T17:58:32.923Z"}
{"level":"info","message":{"ip":"::1","method":"PATCH","timestamp":"2025-07-24T17:58:42.036Z","url":"/api/institutes/upload/image"},"timestamp":"2025-07-24T17:58:42.036Z"}
{"level":"info","message":{"ip":"::1","method":"PATCH","timestamp":"2025-07-24T17:59:31.345Z","url":"/api/institutes/upload/video"},"timestamp":"2025-07-24T17:59:31.345Z"}
{"instituteId":"c00e5ee7-6386-4ce4-a4fa-1e00707fa5be","level":"info","message":"Video uploaded successfully","timestamp":"2025-07-24T17:59:38.964Z","url":"https://res.cloudinary.com/drhrgs6y5/video/upload/v1753379979/nextute/videos/pkagddtmdsbrruj7dsrl.mp4"}
{"level":"info","message":{"ip":"::1","method":"PATCH","timestamp":"2025-07-24T17:59:42.019Z","url":"/api/institutes/me/media"},"timestamp":"2025-07-24T17:59:42.019Z"}
{"level":"info","message":{"ip":"::1","method":"GET","timestamp":"2025-07-24T17:59:42.895Z","url":"/api/institutes/profile"},"timestamp":"2025-07-24T17:59:42.896Z"}
{"level":"info","message":{"ip":"::1","method":"GET","timestamp":"2025-07-24T18:03:08.020Z","url":"/api/institutes/profile"},"timestamp":"2025-07-24T18:03:08.021Z"}
{"level":"info","message":{"ip":"::1","method":"GET","timestamp":"2025-07-25T06:32:13.571Z","url":"/api/institutes/all-institutes"},"timestamp":"2025-07-25T06:32:13.573Z"}
{"level":"info","message":{"ip":"::1","method":"GET","timestamp":"2025-07-25T12:42:09.143Z","url":"/api/institutes/d8bb0f4a-a187-47d0-9c5c-80cc76b7cae5"},"timestamp":"2025-07-25T12:42:09.144Z"}
{"level":"info","message":{"ip":"::1","method":"GET","timestamp":"2025-07-25T12:42:14.714Z","url":"/api/institutes/all-institutes"},"timestamp":"2025-07-25T12:42:14.714Z"}
{"level":"info","message":{"ip":"::1","method":"GET","timestamp":"2025-07-25T12:42:25.800Z","url":"/api/institutes/d8bb0f4a-a187-47d0-9c5c-80cc76b7cae5"},"timestamp":"2025-07-25T12:42:25.800Z"}
{"level":"info","message":{"ip":"::1","method":"GET","timestamp":"2025-07-25T12:42:26.162Z","url":"/api/institutes/d8bb0f4a-a187-47d0-9c5c-80cc76b7cae5"},"timestamp":"2025-07-25T12:42:26.162Z"}
{"level":"info","message":{"ip":"::1","method":"GET","timestamp":"2025-07-25T12:42:26.465Z","url":"/api/institutes/d8bb0f4a-a187-47d0-9c5c-80cc76b7cae5"},"timestamp":"2025-07-25T12:42:26.465Z"}
{"level":"info","message":{"ip":"::1","method":"GET","timestamp":"2025-07-25T12:42:42.131Z","url":"/api/institutes/d8bb0f4a-a187-47d0-9c5c-80cc76b7cae5"},"timestamp":"2025-07-25T12:42:42.131Z"}
{"level":"info","message":{"ip":"::1","method":"GET","timestamp":"2025-07-25T12:49:25.600Z","url":"/api/institutes/d8bb0f4a-a187-47d0-9c5c-80cc76b7cae5"},"timestamp":"2025-07-25T12:49:25.600Z"}
{"level":"info","message":{"ip":"::1","method":"GET","timestamp":"2025-07-25T12:51:21.326Z","url":"/api/institutes/d8bb0f4a-a187-47d0-9c5c-80cc76b7cae5"},"timestamp":"2025-07-25T12:51:21.326Z"}
{"level":"info","message":{"ip":"::1","method":"GET","timestamp":"2025-07-25T12:51:27.380Z","url":"/api/institutes/d8bb0f4a-a187-47d0-9c5c-80cc76b7cae5"},"timestamp":"2025-07-25T12:51:27.380Z"}
{"level":"info","message":{"ip":"::1","method":"GET","timestamp":"2025-07-25T12:51:27.619Z","url":"/api/institutes/d8bb0f4a-a187-47d0-9c5c-80cc76b7cae5"},"timestamp":"2025-07-25T12:51:27.619Z"}
{"level":"info","message":{"ip":"::1","method":"GET","timestamp":"2025-07-25T12:51:27.861Z","url":"/api/institutes/d8bb0f4a-a187-47d0-9c5c-80cc76b7cae5"},"timestamp":"2025-07-25T12:51:27.861Z"}
{"level":"info","message":{"ip":"::1","method":"GET","timestamp":"2025-07-25T12:51:58.880Z","url":"/api/institutes/d8bb0f4a-a187-47d0-9c5c-80cc76b7cae5"},"timestamp":"2025-07-25T12:51:58.881Z"}
{"level":"info","message":{"ip":"::1","method":"GET","timestamp":"2025-07-25T12:53:03.722Z","url":"/api/institutes/d8bb0f4a-a187-47d0-9c5c-80cc76b7cae5"},"timestamp":"2025-07-25T12:53:03.722Z"}
{"level":"info","message":{"ip":"::1","method":"GET","timestamp":"2025-07-25T12:53:07.556Z","url":"/api/institutes/d8bb0f4a-a187-47d0-9c5c-80cc76b7cae5"},"timestamp":"2025-07-25T12:53:07.556Z"}
{"level":"info","message":{"ip":"::1","method":"GET","timestamp":"2025-07-25T12:53:26.819Z","url":"/api/institutes/d8bb0f4a-a187-47d0-9c5c-80cc76b7cae5"},"timestamp":"2025-07-25T12:53:26.819Z"}
{"level":"info","message":{"ip":"::1","method":"GET","timestamp":"2025-07-25T12:53:27.364Z","url":"/api/institutes/d8bb0f4a-a187-47d0-9c5c-80cc76b7cae5"},"timestamp":"2025-07-25T12:53:27.364Z"}
{"level":"info","message":{"ip":"::1","method":"GET","timestamp":"2025-07-25T12:53:27.668Z","url":"/api/institutes/d8bb0f4a-a187-47d0-9c5c-80cc76b7cae5"},"timestamp":"2025-07-25T12:53:27.668Z"}
{"level":"info","message":{"ip":"::1","method":"GET","timestamp":"2025-07-25T12:53:31.378Z","url":"/api/institutes/d8bb0f4a-a187-47d0-9c5c-80cc76b7cae5"},"timestamp":"2025-07-25T12:53:31.378Z"}
{"level":"info","message":{"ip":"::1","method":"GET","timestamp":"2025-07-25T12:53:31.667Z","url":"/api/institutes/d8bb0f4a-a187-47d0-9c5c-80cc76b7cae5"},"timestamp":"2025-07-25T12:53:31.667Z"}
{"level":"info","message":{"ip":"::1","method":"GET","timestamp":"2025-07-25T12:53:31.973Z","url":"/api/institutes/d8bb0f4a-a187-47d0-9c5c-80cc76b7cae5"},"timestamp":"2025-07-25T12:53:31.973Z"}
{"level":"info","message":{"ip":"::1","method":"GET","timestamp":"2025-07-25T13:00:34.642Z","url":"/api/institutes/d8bb0f4a-a187-47d0-9c5c-80cc76b7cae5"},"timestamp":"2025-07-25T13:00:34.642Z"}
{"level":"info","message":{"ip":"::1","method":"GET","timestamp":"2025-07-25T13:00:49.679Z","url":"/api/institutes/d8bb0f4a-a187-47d0-9c5c-80cc76b7cae5"},"timestamp":"2025-07-25T13:00:49.679Z"}
{"level":"info","message":{"ip":"::1","method":"GET","timestamp":"2025-07-25T13:00:50.656Z","url":"/api/institutes/d8bb0f4a-a187-47d0-9c5c-80cc76b7cae5"},"timestamp":"2025-07-25T13:00:50.656Z"}
{"level":"info","message":{"ip":"::1","method":"GET","timestamp":"2025-07-25T13:01:00.595Z","url":"/api/institutes/d8bb0f4a-a187-47d0-9c5c-80cc76b7cae5"},"timestamp":"2025-07-25T13:01:00.596Z"}
{"level":"info","message":{"ip":"::1","method":"GET","timestamp":"2025-07-25T13:01:01.202Z","url":"/api/institutes/d8bb0f4a-a187-47d0-9c5c-80cc76b7cae5"},"timestamp":"2025-07-25T13:01:01.202Z"}
{"level":"info","message":{"ip":"::1","method":"GET","timestamp":"2025-07-25T13:01:01.518Z","url":"/api/institutes/d8bb0f4a-a187-47d0-9c5c-80cc76b7cae5"},"timestamp":"2025-07-25T13:01:01.518Z"}
{"level":"info","message":{"ip":"::1","method":"GET","timestamp":"2025-07-25T13:02:44.166Z","url":"/api/institutes/all-institutes"},"timestamp":"2025-07-25T13:02:44.166Z"}
{"level":"info","message":{"ip":"::1","method":"GET","timestamp":"2025-07-25T13:02:51.800Z","url":"/api/institutes/all-institutes"},"timestamp":"2025-07-25T13:02:51.800Z"}
{"level":"info","message":{"ip":"::1","method":"GET","timestamp":"2025-07-25T16:03:56.335Z","url":"/api/institutes/all-institutes"},"timestamp":"2025-07-25T16:03:56.336Z"}
{"level":"info","message":{"ip":"::1","method":"GET","timestamp":"2025-07-25T16:16:47.385Z","url":"/api/institutes/all-institutes"},"timestamp":"2025-07-25T16:16:47.386Z"}
{"level":"info","message":{"ip":"::1","method":"POST","timestamp":"2025-07-25T16:17:43.677Z","url":"/api/institutes/auth/login"},"timestamp":"2025-07-25T16:17:43.677Z"}
{"level":"info","message":{"ip":"::1","method":"GET","timestamp":"2025-07-25T16:21:53.495Z","url":"/api/institutes/all-institutes"},"timestamp":"2025-07-25T16:21:53.495Z"}
{"level":"info","message":{"ip":"::1","method":"POST","timestamp":"2025-07-25T16:23:27.101Z","url":"/api/students/signup"},"timestamp":"2025-07-25T16:23:27.101Z"}
{"level":"info","message":{"ip":"::1","method":"POST","timestamp":"2025-07-25T16:23:33.242Z","url":"/api/students/signup"},"timestamp":"2025-07-25T16:23:33.242Z"}
{"level":"info","message":{"ip":"::1","method":"POST","timestamp":"2025-07-25T16:23:54.872Z","url":"/api/students/verify"},"timestamp":"2025-07-25T16:23:54.872Z"}
{"level":"info","message":{"ip":"::1","method":"GET","timestamp":"2025-07-25T16:23:57.213Z","url":"/api/students/profile"},"timestamp":"2025-07-25T16:23:57.213Z"}
{"level":"info","message":{"ip":"::1","method":"GET","timestamp":"2025-07-25T16:27:05.733Z","url":"/api/institutes/817dbb53-0f10-4134-a1c1-a0c4d4e062e4"},"timestamp":"2025-07-25T16:27:05.733Z"}
{"level":"info","message":{"ip":"::1","method":"GET","timestamp":"2025-07-25T16:27:12.292Z","url":"/api/institutes/817dbb53-0f10-4134-a1c1-a0c4d4e062e4"},"timestamp":"2025-07-25T16:27:12.292Z"}
{"level":"info","message":{"ip":"::1","method":"GET","timestamp":"2025-07-25T16:27:12.800Z","url":"/api/institutes/817dbb53-0f10-4134-a1c1-a0c4d4e062e4"},"timestamp":"2025-07-25T16:27:12.800Z"}
{"level":"info","message":{"ip":"::1","method":"GET","timestamp":"2025-07-25T16:28:52.440Z","url":"/api/institutes/817dbb53-0f10-4134-a1c1-a0c4d4e062e4"},"timestamp":"2025-07-25T16:28:52.440Z"}
{"level":"info","message":{"ip":"::1","method":"GET","timestamp":"2025-07-25T16:29:01.425Z","url":"/api/institutes/817dbb53-0f10-4134-a1c1-a0c4d4e062e4"},"timestamp":"2025-07-25T16:29:01.425Z"}
{"level":"info","message":{"ip":"::1","method":"GET","timestamp":"2025-07-25T16:29:02.436Z","url":"/api/institutes/817dbb53-0f10-4134-a1c1-a0c4d4e062e4"},"timestamp":"2025-07-25T16:29:02.436Z"}
{"level":"info","message":{"ip":"::1","method":"GET","timestamp":"2025-07-25T16:29:05.436Z","url":"/api/institutes/817dbb53-0f10-4134-a1c1-a0c4d4e062e4"},"timestamp":"2025-07-25T16:29:05.436Z"}
{"level":"info","message":{"ip":"::1","method":"GET","timestamp":"2025-07-25T16:29:09.439Z","url":"/api/institutes/817dbb53-0f10-4134-a1c1-a0c4d4e062e4"},"timestamp":"2025-07-25T16:29:09.439Z"}
{"level":"info","message":{"ip":"::1","method":"GET","timestamp":"2025-07-25T16:29:10.318Z","url":"/api/institutes/817dbb53-0f10-4134-a1c1-a0c4d4e062e4"},"timestamp":"2025-07-25T16:29:10.318Z"}
{"level":"info","message":{"ip":"::1","method":"GET","timestamp":"2025-07-25T16:29:21.401Z","url":"/api/institutes/817dbb53-0f10-4134-a1c1-a0c4d4e062e4"},"timestamp":"2025-07-25T16:29:21.401Z"}
{"level":"info","message":{"ip":"::1","method":"GET","timestamp":"2025-07-25T16:29:21.676Z","url":"/api/institutes/817dbb53-0f10-4134-a1c1-a0c4d4e062e4"},"timestamp":"2025-07-25T16:29:21.676Z"}
{"level":"info","message":{"ip":"::1","method":"GET","timestamp":"2025-07-25T16:29:21.941Z","url":"/api/institutes/817dbb53-0f10-4134-a1c1-a0c4d4e062e4"},"timestamp":"2025-07-25T16:29:21.941Z"}
{"level":"info","message":{"ip":"::1","method":"GET","timestamp":"2025-07-25T16:29:50.464Z","url":"/api/institutes/817dbb53-0f10-4134-a1c1-a0c4d4e062e4"},"timestamp":"2025-07-25T16:29:50.464Z"}
{"level":"info","message":{"ip":"::1","method":"GET","timestamp":"2025-07-25T16:30:10.446Z","url":"/api/institutes/817dbb53-0f10-4134-a1c1-a0c4d4e062e4"},"timestamp":"2025-07-25T16:30:10.446Z"}
{"level":"info","message":{"ip":"::1","method":"GET","timestamp":"2025-07-25T16:30:13.443Z","url":"/api/institutes/817dbb53-0f10-4134-a1c1-a0c4d4e062e4"},"timestamp":"2025-07-25T16:30:13.443Z"}
{"level":"info","message":{"ip":"::1","method":"GET","timestamp":"2025-07-25T16:30:16.744Z","url":"/api/institutes/817dbb53-0f10-4134-a1c1-a0c4d4e062e4"},"timestamp":"2025-07-25T16:30:16.744Z"}
{"level":"info","message":{"ip":"::1","method":"GET","timestamp":"2025-07-25T16:30:19.209Z","url":"/api/institutes/817dbb53-0f10-4134-a1c1-a0c4d4e062e4"},"timestamp":"2025-07-25T16:30:19.209Z"}
{"level":"info","message":{"ip":"::1","method":"GET","timestamp":"2025-07-25T16:30:19.486Z","url":"/api/institutes/817dbb53-0f10-4134-a1c1-a0c4d4e062e4"},"timestamp":"2025-07-25T16:30:19.486Z"}
{"level":"info","message":{"ip":"::1","method":"GET","timestamp":"2025-07-25T16:30:19.799Z","url":"/api/institutes/817dbb53-0f10-4134-a1c1-a0c4d4e062e4"},"timestamp":"2025-07-25T16:30:19.799Z"}
{"level":"info","message":{"ip":"::1","method":"GET","timestamp":"2025-07-25T16:30:23.440Z","url":"/api/institutes/817dbb53-0f10-4134-a1c1-a0c4d4e062e4"},"timestamp":"2025-07-25T16:30:23.440Z"}
{"level":"info","message":{"ip":"::1","method":"GET","timestamp":"2025-07-25T16:30:39.937Z","url":"/api/institutes/all-institutes"},"timestamp":"2025-07-25T16:30:39.937Z"}
{"level":"info","message":{"ip":"::1","method":"GET","timestamp":"2025-07-25T16:31:01.183Z","url":"/api/institutes/all-institutes"},"timestamp":"2025-07-25T16:31:01.183Z"}
{"level":"info","message":{"ip":"::1","method":"GET","timestamp":"2025-07-25T16:31:14.370Z","url":"/api/institutes/all-institutes"},"timestamp":"2025-07-25T16:31:14.370Z"}
{"level":"info","message":{"ip":"::1","method":"GET","timestamp":"2025-07-25T16:31:49.884Z","url":"/api/institutes/all-institutes"},"timestamp":"2025-07-25T16:31:49.884Z"}
{"level":"info","message":{"ip":"::1","method":"GET","timestamp":"2025-07-25T16:53:30.987Z","url":"/api/institutes/all-institutes"},"timestamp":"2025-07-25T16:53:30.987Z"}
{"level":"info","message":{"ip":"::1","method":"GET","timestamp":"2025-07-25T16:53:34.381Z","url":"/api/institutes/all-institutes"},"timestamp":"2025-07-25T16:53:34.381Z"}
{"level":"info","message":{"ip":"::1","method":"GET","timestamp":"2025-07-25T16:53:35.777Z","url":"/api/institutes/all-institutes"},"timestamp":"2025-07-25T16:53:35.777Z"}
{"level":"info","message":{"ip":"::1","method":"GET","timestamp":"2025-07-25T16:53:38.810Z","url":"/api/institutes/all-institutes"},"timestamp":"2025-07-25T16:53:38.810Z"}
{"level":"info","message":{"ip":"::1","method":"GET","timestamp":"2025-07-25T16:53:42.397Z","url":"/api/institutes/all-institutes"},"timestamp":"2025-07-25T16:53:42.397Z"}
{"level":"info","message":{"ip":"::1","method":"GET","timestamp":"2025-07-25T16:53:45.778Z","url":"/api/institutes/all-institutes"},"timestamp":"2025-07-25T16:53:45.778Z"}
{"level":"info","message":{"ip":"::1","method":"GET","timestamp":"2025-07-25T16:53:57.191Z","url":"/api/institutes/all-institutes"},"timestamp":"2025-07-25T16:53:57.191Z"}
{"level":"info","message":{"ip":"::1","method":"GET","timestamp":"2025-07-25T16:54:32.875Z","url":"/api/institutes/all-institutes"},"timestamp":"2025-07-25T16:54:32.876Z"}
{"level":"info","message":{"ip":"::1","method":"GET","timestamp":"2025-07-25T16:55:43.524Z","url":"/api/institutes/all-institutes"},"timestamp":"2025-07-25T16:55:43.524Z"}
{"level":"info","message":{"ip":"::1","method":"GET","timestamp":"2025-07-25T17:02:40.170Z","url":"/api/institutes/all-institutes"},"timestamp":"2025-07-25T17:02:40.170Z"}
{"level":"info","message":{"ip":"::1","method":"GET","timestamp":"2025-07-25T17:02:45.964Z","url":"/api/institutes/all-institutes"},"timestamp":"2025-07-25T17:02:45.964Z"}
{"level":"info","message":{"ip":"::1","method":"GET","timestamp":"2025-07-25T17:02:54.627Z","url":"/api/institutes/all-institutes"},"timestamp":"2025-07-25T17:02:54.627Z"}
{"level":"info","message":{"ip":"::1","method":"GET","timestamp":"2025-07-25T17:02:58.807Z","url":"/api/institutes/all-institutes"},"timestamp":"2025-07-25T17:02:58.807Z"}
{"level":"info","message":{"ip":"::1","method":"GET","timestamp":"2025-07-25T17:03:00.292Z","url":"/api/institutes/all-institutes"},"timestamp":"2025-07-25T17:03:00.292Z"}
{"level":"info","message":{"ip":"::1","method":"GET","timestamp":"2025-07-25T17:03:05.933Z","url":"/api/institutes/all-institutes"},"timestamp":"2025-07-25T17:03:05.933Z"}
{"level":"info","message":{"ip":"::1","method":"GET","timestamp":"2025-08-11T07:53:42.835Z","url":"/api/institutes/all-institutes"},"timestamp":"2025-08-11T07:53:42.836Z"}
{"level":"info","message":{"ip":"::1","method":"GET","timestamp":"2025-08-11T07:54:00.705Z","url":"/api/institutes/profile"},"timestamp":"2025-08-11T07:54:00.705Z"}
{"level":"info","message":{"ip":"::1","method":"GET","timestamp":"2025-08-11T07:54:07.535Z","url":"/api/institutes/profile"},"timestamp":"2025-08-11T07:54:07.535Z"}
{"level":"info","message":{"ip":"::1","method":"GET","timestamp":"2025-08-11T07:54:12.282Z","url":"/api/institutes/all-institutes"},"timestamp":"2025-08-11T07:54:12.282Z"}
{"level":"info","message":{"ip":"::1","method":"POST","timestamp":"2025-08-11T07:54:26.450Z","url":"/api/institutes/logout"},"timestamp":"2025-08-11T07:54:26.450Z"}
{"level":"info","message":{"ip":"::1","method":"GET","timestamp":"2025-08-11T07:55:02.130Z","url":"/api/institutes/4f3f523d-8885-4097-92a0-31997328f9a7"},"timestamp":"2025-08-11T07:55:02.130Z"}
{"level":"info","message":{"ip":"::1","method":"GET","timestamp":"2025-08-11T07:55:25.424Z","url":"/api/institutes/4f3f523d-8885-4097-92a0-31997328f9a7"},"timestamp":"2025-08-11T07:55:25.424Z"}
{"level":"info","message":{"ip":"::1","method":"POST","timestamp":"2025-08-11T07:56:14.655Z","url":"/api/students/auth/login"},"timestamp":"2025-08-11T07:56:14.655Z"}
{"level":"info","message":{"ip":"::1","method":"GET","timestamp":"2025-08-11T07:56:18.840Z","url":"/api/institutes/ad6e1d5d-8129-4521-adb2-0c3162df5782"},"timestamp":"2025-08-11T07:56:18.840Z"}
{"level":"info","message":{"ip":"::1","method":"POST","timestamp":"2025-08-11T07:56:32.034Z","url":"/api/feedback/reviews"},"timestamp":"2025-08-11T07:56:32.034Z"}
{"level":"error","message":"Server error: Expected double-quoted property name in JSON at position 67 (line 4 column 1)","method":"POST","stack":"SyntaxError: Expected double-quoted property name in JSON at position 67 (line 4 column 1)\n    at JSON.parse (<anonymous>)\n    at parse (D:\\Delete Later\\Nextute-main\\Nextute-main\\backend\\node_modules\\body-parser\\lib\\types\\json.js:92:19)\n    at D:\\Delete Later\\Nextute-main\\Nextute-main\\backend\\node_modules\\body-parser\\lib\\read.js:128:18\n    at AsyncResource.runInAsyncScope (node:async_hooks:211:14)\n    at invokeCallback (D:\\Delete Later\\Nextute-main\\Nextute-main\\backend\\node_modules\\raw-body\\index.js:238:16)\n    at done (D:\\Delete Later\\Nextute-main\\Nextute-main\\backend\\node_modules\\raw-body\\index.js:227:7)\n    at IncomingMessage.onEnd (D:\\Delete Later\\Nextute-main\\Nextute-main\\backend\\node_modules\\raw-body\\index.js:287:7)\n    at IncomingMessage.emit (node:events:518:28)\n    at endReadableNT (node:internal/streams/readable:1698:12)\n    at process.processTicksAndRejections (node:internal/process/task_queues:90:21)","timestamp":"2025-08-13T06:58:56.144Z","url":"/api/admin/login"}
{"level":"info","message":{"ip":"::1","method":"POST","timestamp":"2025-08-13T06:59:03.240Z","url":"/api/admin/login"},"timestamp":"2025-08-13T06:59:03.240Z"}
{"level":"info","message":{"ip":"::1","method":"POST","timestamp":"2025-08-13T06:59:44.267Z","url":"/api/admin/login"},"timestamp":"2025-08-13T06:59:44.267Z"}
{"level":"info","message":{"ip":"::1","method":"POST","timestamp":"2025-08-13T07:00:02.878Z","url":"/api/admin/login"},"timestamp":"2025-08-13T07:00:02.878Z"}
{"level":"info","message":{"ip":"::1","method":"POST","timestamp":"2025-08-13T07:00:38.131Z","url":"/api/admin/login"},"timestamp":"2025-08-13T07:00:38.132Z"}
{"level":"info","message":{"ip":"::1","method":"POST","timestamp":"2025-08-13T07:02:26.418Z","url":"/api/admin/login"},"timestamp":"2025-08-13T07:02:26.419Z"}
{"level":"info","message":{"ip":"::1","method":"POST","timestamp":"2025-08-13T07:03:36.098Z","url":"/api/admin/login"},"timestamp":"2025-08-13T07:03:36.099Z"}
{"level":"info","message":{"ip":"::1","method":"POST","timestamp":"2025-08-13T07:12:37.132Z","url":"/api/admin/login"},"timestamp":"2025-08-13T07:12:37.134Z"}
{"level":"info","message":{"ip":"::1","method":"POST","timestamp":"2025-08-13T07:26:10.371Z","url":"/api/admin/login"},"timestamp":"2025-08-13T07:26:10.375Z"}
{"level":"info","message":{"ip":"::1","method":"POST","timestamp":"2025-08-13T07:26:18.577Z","url":"/api/admin/login"},"timestamp":"2025-08-13T07:26:18.577Z"}
{"level":"info","message":{"ip":"::1","method":"DELETE","timestamp":"2025-08-13T07:33:29.849Z","url":"/api/students/delete"},"timestamp":"2025-08-13T07:33:29.853Z"}
{"level":"info","message":{"ip":"::1","method":"POST","timestamp":"2025-08-13T07:34:09.238Z","url":"/api/students/login"},"timestamp":"2025-08-13T07:34:09.238Z"}
{"level":"info","message":{"ip":"::1","method":"POST","timestamp":"2025-08-13T07:34:25.797Z","url":"/api/students/auth/login"},"timestamp":"2025-08-13T07:34:25.797Z"}
{"level":"info","message":{"ip":"::1","method":"DELETE","timestamp":"2025-08-13T07:34:43.044Z","url":"/api/students/delete"},"timestamp":"2025-08-13T07:34:43.044Z"}
{"level":"info","message":{"ip":"::1","method":"DELETE","timestamp":"2025-08-13T07:35:32.482Z","url":"/api/students/delete"},"timestamp":"2025-08-13T07:35:32.483Z"}
{"level":"info","message":{"ip":"::1","method":"DELETE","timestamp":"2025-08-13T07:36:05.468Z","url":"/api/students/delete"},"timestamp":"2025-08-13T07:36:05.469Z"}
{"level":"info","message":{"ip":"::1","method":"DELETE","timestamp":"2025-08-13T07:36:52.427Z","url":"/api/students/delete"},"timestamp":"2025-08-13T07:36:52.429Z"}
{"level":"info","message":{"ip":"::1","method":"DELETE","timestamp":"2025-08-13T07:37:17.997Z","url":"/api/students/delete"},"timestamp":"2025-08-13T07:37:17.998Z"}
{"level":"info","message":{"ip":"::1","method":"DELETE","timestamp":"2025-08-13T07:38:14.513Z","url":"/api/students/delete"},"timestamp":"2025-08-13T07:38:14.514Z"}
{"level":"info","message":{"ip":"::1","method":"GET","timestamp":"2025-08-13T07:43:14.441Z","url":"/api/institutes/all-institutes"},"timestamp":"2025-08-13T07:43:14.443Z"}
{"level":"info","message":{"ip":"::1","method":"POST","timestamp":"2025-08-13T07:43:33.503Z","url":"/api/institutes/signup"},"timestamp":"2025-08-13T07:43:33.503Z"}
{"level":"info","message":{"ip":"::1","method":"POST","timestamp":"2025-08-13T07:43:56.693Z","url":"/api/institutes/verify"},"timestamp":"2025-08-13T07:43:56.693Z"}
{"level":"info","message":{"ip":"::1","method":"GET","timestamp":"2025-08-13T07:43:59.074Z","url":"/api/institutes/profile"},"timestamp":"2025-08-13T07:43:59.074Z"}
{"level":"info","message":{"ip":"::1","method":"GET","timestamp":"2025-08-13T07:44:04.014Z","url":"/api/institutes/all-institutes"},"timestamp":"2025-08-13T07:44:04.014Z"}
{"level":"info","message":{"ip":"::1","method":"DELETE","timestamp":"2025-08-13T07:46:00.829Z","url":"/api/institutes/delete"},"timestamp":"2025-08-13T07:46:00.837Z"}
{"level":"info","message":{"ip":"::1","method":"DELETE","timestamp":"2025-08-13T07:46:16.415Z","url":"/api/institutes/delete"},"timestamp":"2025-08-13T07:46:16.416Z"}
{"level":"info","message":{"ip":"::1","method":"POST","timestamp":"2025-08-13T07:47:12.915Z","url":"/api/institutes/auth/login"},"timestamp":"2025-08-13T07:47:12.918Z"}
{"level":"info","message":{"ip":"::1","method":"DELETE","timestamp":"2025-08-13T07:47:29.703Z","url":"/api/institutes/auth/delete"},"timestamp":"2025-08-13T07:47:29.703Z"}
{"level":"info","message":{"ip":"::1","method":"GET","timestamp":"2025-08-13T07:57:28.853Z","url":"/api/institutes/all-institutes"},"timestamp":"2025-08-13T07:57:28.853Z"}
{"level":"info","message":{"ip":"::1","method":"GET","timestamp":"2025-08-13T07:57:42.142Z","url":"/api/institutes/profile"},"timestamp":"2025-08-13T07:57:42.142Z"}
{"level":"info","message":{"ip":"::1","method":"POST","timestamp":"2025-08-13T07:57:47.112Z","url":"/api/institutes/logout"},"timestamp":"2025-08-13T07:57:47.112Z"}
{"level":"info","message":{"ip":"::1","method":"GET","timestamp":"2025-08-13T07:57:55.432Z","url":"/api/institutes/a803b142-7170-4930-9d26-2b625913aa6d"},"timestamp":"2025-08-13T07:57:55.432Z"}
{"level":"info","message":{"ip":"::1","method":"POST","timestamp":"2025-08-13T07:58:31.437Z","url":"/api/institutes/auth/login"},"timestamp":"2025-08-13T07:58:31.437Z"}
{"level":"info","message":{"ip":"::1","method":"GET","timestamp":"2025-08-13T07:58:36.612Z","url":"/api/institutes/profile"},"timestamp":"2025-08-13T07:58:36.612Z"}
{"level":"info","message":{"ip":"::1","method":"GET","timestamp":"2025-08-13T07:58:39.993Z","url":"/api/institutes/profile"},"timestamp":"2025-08-13T07:58:39.993Z"}
{"level":"info","message":{"ip":"::1","method":"GET","timestamp":"2025-08-13T07:58:52.799Z","url":"/api/institutes/profile"},"timestamp":"2025-08-13T07:58:52.799Z"}
{"level":"info","message":{"ip":"::1","method":"GET","timestamp":"2025-08-13T07:59:36.533Z","url":"/api/institutes/profile"},"timestamp":"2025-08-13T07:59:36.533Z"}
{"level":"info","message":{"ip":"::1","method":"GET","timestamp":"2025-08-13T07:59:43.323Z","url":"/api/institutes/profile"},"timestamp":"2025-08-13T07:59:43.323Z"}
{"level":"info","message":{"ip":"::1","method":"GET","timestamp":"2025-08-13T07:59:48.442Z","url":"/api/institutes/profile"},"timestamp":"2025-08-13T07:59:48.442Z"}
{"level":"info","message":{"ip":"::1","method":"GET","timestamp":"2025-08-13T08:00:18.845Z","url":"/api/institutes/profile"},"timestamp":"2025-08-13T08:00:18.845Z"}
{"level":"info","message":{"ip":"::1","method":"GET","timestamp":"2025-08-13T08:02:51.056Z","url":"/api/institutes/profile"},"timestamp":"2025-08-13T08:02:51.056Z"}
{"level":"info","message":{"ip":"::1","method":"POST","timestamp":"2025-08-13T08:04:53.333Z","url":"/api/institutes/logout"},"timestamp":"2025-08-13T08:04:53.333Z"}
{"level":"info","message":{"ip":"::1","method":"POST","timestamp":"2025-08-13T08:05:50.440Z","url":"/api/students/signup"},"timestamp":"2025-08-13T08:05:50.440Z"}
{"level":"info","message":{"ip":"::1","method":"POST","timestamp":"2025-08-13T08:06:03.207Z","url":"/api/students/verify"},"timestamp":"2025-08-13T08:06:03.207Z"}
{"level":"info","message":{"ip":"::1","method":"GET","timestamp":"2025-08-13T08:06:09.611Z","url":"/api/students/profile"},"timestamp":"2025-08-13T08:06:09.611Z"}
{"level":"info","message":{"ip":"::1","method":"GET","timestamp":"2025-08-13T16:04:41.213Z","url":"/api/institutes/all-institutes"},"timestamp":"2025-08-13T16:04:41.214Z"}
{"level":"info","message":{"ip":"::1","method":"POST","timestamp":"2025-08-13T16:04:49.179Z","url":"/api/students/logout"},"timestamp":"2025-08-13T16:04:49.179Z"}
{"level":"info","message":{"ip":"::1","method":"POST","timestamp":"2025-08-13T16:05:17.605Z","url":"/api/students/signup"},"timestamp":"2025-08-13T16:05:17.605Z"}
{"level":"info","message":{"ip":"::1","method":"POST","timestamp":"2025-08-13T16:05:39.873Z","url":"/api/students/verify"},"timestamp":"2025-08-13T16:05:39.873Z"}
{"level":"info","message":{"ip":"::1","method":"GET","timestamp":"2025-08-13T16:05:46.384Z","url":"/api/students/profile"},"timestamp":"2025-08-13T16:05:46.384Z"}
{"level":"info","message":{"ip":"::1","method":"GET","timestamp":"2025-08-15T16:46:00.658Z","url":"/api/employees/members"},"timestamp":"2025-08-15T16:46:00.659Z"}
{"level":"info","message":{"ip":"::1","method":"GET","timestamp":"2025-08-15T16:46:23.096Z","url":"/api/employees/members/CERT001"},"timestamp":"2025-08-15T16:46:23.096Z"}
{"level":"info","message":{"ip":"::1","method":"GET","timestamp":"2025-08-15T16:46:54.366Z","url":"/api/employees/members/:CERT001"},"timestamp":"2025-08-15T16:46:54.366Z"}
{"level":"info","message":{"ip":"::1","method":"GET","timestamp":"2025-08-15T16:47:07.836Z","url":"/api/employees/member/CERT001"},"timestamp":"2025-08-15T16:47:07.836Z"}
{"level":"info","message":{"ip":"::1","method":"POST","timestamp":"2025-08-15T16:47:38.291Z","url":"/api/employees/member/EMP001/generate-qr"},"timestamp":"2025-08-15T16:47:38.291Z"}
{"level":"info","message":{"ip":"::1","method":"POST","timestamp":"2025-08-15T16:50:00.905Z","url":"/api/employees/member/EMP001/generate-qr"},"timestamp":"2025-08-15T16:50:00.906Z"}
{"level":"info","message":{"ip":"::1","method":"POST","timestamp":"2025-08-15T16:52:05.159Z","url":"/api/employees/member/EMP001/generate-qr"},"timestamp":"2025-08-15T16:52:05.160Z"}
{"level":"info","message":{"ip":"::1","method":"POST","timestamp":"2025-08-15T16:54:38.526Z","url":"/api/employees/member/EMP001/generate-qr"},"timestamp":"2025-08-15T16:54:38.526Z"}
{"level":"info","message":{"ip":"::1","method":"POST","timestamp":"2025-08-15T16:56:05.269Z","url":"/api/employees/member/EMP001/generate-qr"},"timestamp":"2025-08-15T16:56:05.270Z"}
{"level":"info","message":{"ip":"::1","method":"POST","timestamp":"2025-08-15T16:57:11.960Z","url":"/api/employees/member/:EMP001/generate-qr"},"timestamp":"2025-08-15T16:57:11.960Z"}
{"level":"info","message":{"ip":"::1","method":"POST","timestamp":"2025-08-15T17:00:14.735Z","url":"/api/employees/member/:EMP001/generate-qr"},"timestamp":"2025-08-15T17:00:14.736Z"}
{"level":"info","message":{"ip":"::1","method":"POST","timestamp":"2025-08-15T17:00:20.695Z","url":"/api/employees/member/EMP001/generate-qr"},"timestamp":"2025-08-15T17:00:20.695Z"}
{"level":"info","message":{"ip":"::1","method":"GET","timestamp":"2025-08-16T06:48:41.219Z","url":"/api/institutes/all-institutes"},"timestamp":"2025-08-16T06:48:41.220Z"}
{"level":"info","message":{"ip":"::1","method":"GET","timestamp":"2025-08-16T06:49:01.041Z","url":"/api/members"},"timestamp":"2025-08-16T06:49:01.041Z"}
{"level":"info","message":{"ip":"::1","method":"GET","timestamp":"2025-08-16T06:49:07.263Z","url":"/api/members"},"timestamp":"2025-08-16T06:49:07.263Z"}
{"level":"info","message":{"ip":"::1","method":"GET","timestamp":"2025-08-16T06:53:12.931Z","url":"/api//members"},"timestamp":"2025-08-16T06:53:12.931Z"}
{"level":"info","message":{"ip":"::1","method":"GET","timestamp":"2025-08-16T06:53:14.884Z","url":"/api/empl/members"},"timestamp":"2025-08-16T06:53:14.884Z"}
{"level":"info","message":{"ip":"::1","method":"GET","timestamp":"2025-08-16T06:53:16.903Z","url":"/api/employees/members"},"timestamp":"2025-08-16T06:53:16.903Z"}
{"level":"info","message":{"ip":"::1","method":"GET","timestamp":"2025-08-16T06:53:24.425Z","url":"/api/employees/members"},"timestamp":"2025-08-16T06:53:24.425Z"}
{"level":"info","message":{"ip":"::1","method":"GET","timestamp":"2025-08-16T06:53:35.613Z","url":"/api/member/CERT004"},"timestamp":"2025-08-16T06:53:35.613Z"}
{"level":"info","message":{"ip":"::1","method":"GET","timestamp":"2025-08-16T06:53:35.638Z","url":"/api/employees/members"},"timestamp":"2025-08-16T06:53:35.638Z"}
{"level":"info","message":{"ip":"::1","method":"GET","timestamp":"2025-08-16T07:04:21.005Z","url":"/api/employees/members"},"timestamp":"2025-08-16T07:04:21.005Z"}
{"level":"info","message":{"ip":"::1","method":"GET","timestamp":"2025-08-16T07:04:22.937Z","url":"/api/employees/members"},"timestamp":"2025-08-16T07:04:22.937Z"}
{"level":"info","message":{"ip":"::1","method":"GET","timestamp":"2025-08-16T07:05:45.063Z","url":"/api/employees/members"},"timestamp":"2025-08-16T07:05:45.063Z"}
{"level":"info","message":{"ip":"::1","method":"GET","timestamp":"2025-08-16T07:05:49.105Z","url":"/api/employees/member/CERT004"},"timestamp":"2025-08-16T07:05:49.105Z"}
{"level":"info","message":{"ip":"::1","method":"GET","timestamp":"2025-08-16T07:06:04.787Z","url":"/api/employees/members"},"timestamp":"2025-08-16T07:06:04.788Z"}
{"level":"info","message":{"ip":"::1","method":"GET","timestamp":"2025-08-16T07:06:16.024Z","url":"/api/employees/member/CERT004"},"timestamp":"2025-08-16T07:06:16.024Z"}
{"level":"info","message":{"ip":"::1","method":"GET","timestamp":"2025-08-16T07:10:03.990Z","url":"/api/employees/member/CERT004"},"timestamp":"2025-08-16T07:10:03.990Z"}
{"level":"info","message":{"ip":"::1","method":"GET","timestamp":"2025-08-16T07:10:05.916Z","url":"/api/employees/members"},"timestamp":"2025-08-16T07:10:05.916Z"}
{"level":"info","message":{"ip":"::1","method":"GET","timestamp":"2025-08-16T07:10:22.377Z","url":"/api/employees/member/CERT004"},"timestamp":"2025-08-16T07:10:22.377Z"}
{"level":"info","message":{"ip":"::1","method":"GET","timestamp":"2025-08-16T07:10:23.692Z","url":"/api/employees/members"},"timestamp":"2025-08-16T07:10:23.692Z"}
{"level":"info","message":{"ip":"::1","method":"GET","timestamp":"2025-08-16T07:10:27.273Z","url":"/api/employees/member/CERT004"},"timestamp":"2025-08-16T07:10:27.273Z"}
{"level":"info","message":{"ip":"::1","method":"GET","timestamp":"2025-08-16T07:10:28.812Z","url":"/api/employees/members"},"timestamp":"2025-08-16T07:10:28.812Z"}
{"level":"info","message":{"ip":"::1","method":"GET","timestamp":"2025-08-16T07:13:51.921Z","url":"/api/employees/members"},"timestamp":"2025-08-16T07:13:51.922Z"}
{"level":"info","message":{"ip":"::1","method":"GET","timestamp":"2025-08-16T07:13:53.922Z","url":"/api/employees/members"},"timestamp":"2025-08-16T07:13:53.922Z"}
{"level":"info","message":{"ip":"::1","method":"GET","timestamp":"2025-08-16T07:14:58.351Z","url":"/api/employees/members"},"timestamp":"2025-08-16T07:14:58.351Z"}
{"level":"info","message":{"ip":"::1","method":"GET","timestamp":"2025-08-16T07:15:02.651Z","url":"/api/employees/member/CERT004"},"timestamp":"2025-08-16T07:15:02.651Z"}
{"level":"info","message":{"ip":"::1","method":"GET","timestamp":"2025-08-16T07:15:09.196Z","url":"/api/employees/members"},"timestamp":"2025-08-16T07:15:09.196Z"}
{"level":"info","message":{"ip":"::1","method":"GET","timestamp":"2025-08-16T09:31:03.672Z","url":"/api/employees/members"},"timestamp":"2025-08-16T09:31:03.677Z"}
{"level":"info","message":{"ip":"::1","method":"GET","timestamp":"2025-08-16T09:37:15.083Z","url":"/api/employees/members"},"timestamp":"2025-08-16T09:37:15.088Z"}
{"level":"info","message":{"ip":"::1","method":"GET","timestamp":"2025-08-16T09:37:16.950Z","url":"/api/employees/members"},"timestamp":"2025-08-16T09:37:16.950Z"}
{"level":"info","message":{"ip":"::1","method":"GET","timestamp":"2025-08-16T09:38:44.011Z","url":"/api/employees/members"},"timestamp":"2025-08-16T09:38:44.012Z"}
{"level":"info","message":{"ip":"::1","method":"GET","timestamp":"2025-08-16T09:38:50.437Z","url":"/api/employees/member/CERT004"},"timestamp":"2025-08-16T09:38:50.437Z"}
{"level":"info","message":{"ip":"::1","method":"GET","timestamp":"2025-08-16T09:43:25.932Z","url":"/api/employees/member/CERT004"},"timestamp":"2025-08-16T09:43:25.934Z"}
{"level":"info","message":{"ip":"::1","method":"GET","timestamp":"2025-08-16T09:43:54.082Z","url":"/api/employees/members"},"timestamp":"2025-08-16T09:43:54.082Z"}
{"level":"info","message":{"ip":"::1","method":"GET","timestamp":"2025-08-16T09:45:02.732Z","url":"/api/employees/member/CERT001"},"timestamp":"2025-08-16T09:45:02.732Z"}
{"level":"info","message":{"ip":"::1","method":"GET","timestamp":"2025-08-16T09:45:59.899Z","url":"/api/employees/member/CERT001"},"timestamp":"2025-08-16T09:45:59.899Z"}
{"level":"info","message":{"ip":"::1","method":"GET","timestamp":"2025-08-16T09:46:20.881Z","url":"/api/employees/member/CERT001"},"timestamp":"2025-08-16T09:46:20.881Z"}
{"level":"info","message":{"ip":"::1","method":"GET","timestamp":"2025-08-16T09:46:24.709Z","url":"/api/employees/member/CERT001"},"timestamp":"2025-08-16T09:46:24.709Z"}
{"level":"info","message":{"ip":"::1","method":"GET","timestamp":"2025-08-16T09:46:38.726Z","url":"/api/employees/members"},"timestamp":"2025-08-16T09:46:38.726Z"}
{"level":"info","message":{"ip":"::1","method":"GET","timestamp":"2025-08-16T09:47:10.431Z","url":"/api/employees/members"},"timestamp":"2025-08-16T09:47:10.432Z"}
{"level":"info","message":{"ip":"::1","method":"GET","timestamp":"2025-08-16T09:49:12.152Z","url":"/api/institutes/all-institutes"},"timestamp":"2025-08-16T09:49:12.152Z"}
{"level":"info","message":{"ip":"::1","method":"GET","timestamp":"2025-08-16T09:49:30.311Z","url":"/api/employees/members"},"timestamp":"2025-08-16T09:49:30.311Z"}
{"level":"info","message":{"ip":"::1","method":"GET","timestamp":"2025-08-16T09:50:40.577Z","url":"/api/employees/members"},"timestamp":"2025-08-16T09:50:40.577Z"}
{"level":"info","message":{"ip":"::1","method":"GET","timestamp":"2025-08-16T09:54:17.926Z","url":"/api/employees/member/CERT004"},"timestamp":"2025-08-16T09:54:17.926Z"}
{"level":"info","message":{"ip":"::1","method":"GET","timestamp":"2025-08-16T09:56:31.312Z","url":"/api/employees/member/CERT004"},"timestamp":"2025-08-16T09:56:31.312Z"}
{"level":"info","message":{"ip":"::1","method":"GET","timestamp":"2025-08-16T09:56:34.622Z","url":"/api/employees/members"},"timestamp":"2025-08-16T09:56:34.622Z"}
{"level":"info","message":{"ip":"::1","method":"GET","timestamp":"2025-08-16T09:56:37.696Z","url":"/api/employees/members"},"timestamp":"2025-08-16T09:56:37.696Z"}
{"level":"info","message":{"ip":"::1","method":"GET","timestamp":"2025-08-16T09:57:03.744Z","url":"/api/employees/member/CERT004"},"timestamp":"2025-08-16T09:57:03.745Z"}
{"level":"info","message":{"ip":"::1","method":"GET","timestamp":"2025-08-16T09:58:18.976Z","url":"/api/employees/member/CERT004"},"timestamp":"2025-08-16T09:58:18.976Z"}
{"level":"info","message":{"ip":"::1","method":"GET","timestamp":"2025-08-16T09:58:22.652Z","url":"/api/employees/members"},"timestamp":"2025-08-16T09:58:22.652Z"}
{"level":"info","message":{"ip":"::1","method":"GET","timestamp":"2025-08-16T09:58:27.133Z","url":"/api/employees/members"},"timestamp":"2025-08-16T09:58:27.133Z"}
{"level":"info","message":{"ip":"::1","method":"GET","timestamp":"2025-08-16T09:59:30.754Z","url":"/api/employees/members"},"timestamp":"2025-08-16T09:59:30.754Z"}
{"level":"info","message":{"ip":"::1","method":"GET","timestamp":"2025-08-16T10:06:49.937Z","url":"/api/employees/members"},"timestamp":"2025-08-16T10:06:49.937Z"}
{"level":"info","message":{"ip":"::1","method":"GET","timestamp":"2025-08-16T10:06:51.862Z","url":"/api/employees/members"},"timestamp":"2025-08-16T10:06:51.862Z"}
{"level":"info","message":{"ip":"::1","method":"GET","timestamp":"2025-08-16T10:09:45.848Z","url":"/api/employees/members"},"timestamp":"2025-08-16T10:09:45.850Z"}
{"level":"info","message":{"ip":"::1","method":"GET","timestamp":"2025-08-16T10:11:20.745Z","url":"/api/employees/members"},"timestamp":"2025-08-16T10:11:20.746Z"}
{"level":"info","message":{"ip":"::1","method":"GET","timestamp":"2025-08-16T10:11:49.240Z","url":"/api/employees/member/CERT001"},"timestamp":"2025-08-16T10:11:49.240Z"}
{"level":"info","message":{"ip":"::1","method":"GET","timestamp":"2025-08-16T10:11:51.632Z","url":"/api/employees/members"},"timestamp":"2025-08-16T10:11:51.632Z"}
{"level":"info","message":{"ip":"::1","method":"GET","timestamp":"2025-08-16T10:13:10.679Z","url":"/api/employees/member/CERT004"},"timestamp":"2025-08-16T10:13:10.679Z"}
{"level":"info","message":{"ip":"::1","method":"GET","timestamp":"2025-08-16T10:17:31.930Z","url":"/api/employees/member/CERT004"},"timestamp":"2025-08-16T10:17:31.931Z"}
{"level":"info","message":{"ip":"::1","method":"GET","timestamp":"2025-08-16T10:17:34.873Z","url":"/api/employees/member/CERT004"},"timestamp":"2025-08-16T10:17:34.873Z"}
{"level":"info","message":{"ip":"::1","method":"GET","timestamp":"2025-08-16T10:17:39.860Z","url":"/api/employees/member/CERT004"},"timestamp":"2025-08-16T10:17:39.861Z"}
{"level":"info","message":{"ip":"::1","method":"GET","timestamp":"2025-08-16T10:17:46.886Z","url":"/api/employees/member/CERT004"},"timestamp":"2025-08-16T10:17:46.886Z"}
{"level":"info","message":{"ip":"::1","method":"GET","timestamp":"2025-08-16T10:17:53.866Z","url":"/api/employees/member/CERT004"},"timestamp":"2025-08-16T10:17:53.866Z"}
{"level":"info","message":{"ip":"::1","method":"GET","timestamp":"2025-08-16T10:17:55.883Z","url":"/api/employees/member/CERT004"},"timestamp":"2025-08-16T10:17:55.883Z"}
{"level":"info","message":{"ip":"::1","method":"GET","timestamp":"2025-08-16T10:17:58.877Z","url":"/api/employees/member/CERT004"},"timestamp":"2025-08-16T10:17:58.877Z"}
{"level":"info","message":{"ip":"::1","method":"GET","timestamp":"2025-08-16T10:18:01.882Z","url":"/api/employees/member/CERT004"},"timestamp":"2025-08-16T10:18:01.882Z"}
{"level":"info","message":{"ip":"::1","method":"GET","timestamp":"2025-08-16T10:20:03.985Z","url":"/api/employees/member/CERT004"},"timestamp":"2025-08-16T10:20:03.986Z"}
{"level":"info","message":{"ip":"::1","method":"GET","timestamp":"2025-08-16T10:20:05.371Z","url":"/api/employees/members"},"timestamp":"2025-08-16T10:20:05.371Z"}
{"level":"info","message":{"ip":"::1","method":"GET","timestamp":"2025-08-16T10:20:08.311Z","url":"/api/employees/members"},"timestamp":"2025-08-16T10:20:08.311Z"}
{"level":"info","message":{"ip":"::1","method":"GET","timestamp":"2025-08-16T10:20:53.284Z","url":"/api/employees/members"},"timestamp":"2025-08-16T10:20:53.284Z"}
{"level":"info","message":{"ip":"::1","method":"GET","timestamp":"2025-08-16T10:22:31.855Z","url":"/api/institutes/all-institutes"},"timestamp":"2025-08-16T10:22:31.862Z"}
{"level":"info","message":{"ip":"::1","method":"GET","timestamp":"2025-08-16T10:22:37.413Z","url":"/api/employees/members"},"timestamp":"2025-08-16T10:22:37.413Z"}
{"level":"info","message":{"ip":"::1","method":"GET","timestamp":"2025-08-16T10:22:58.518Z","url":"/api/employees/member/CERT004"},"timestamp":"2025-08-16T10:22:58.518Z"}
{"level":"info","message":{"ip":"::1","method":"GET","timestamp":"2025-08-16T15:08:10.569Z","url":"/api/institutes/all-institutes"},"timestamp":"2025-08-16T15:08:10.595Z"}
{"level":"info","message":{"ip":"::1","method":"GET","timestamp":"2025-08-16T15:08:45.895Z","url":"/api/employees/members"},"timestamp":"2025-08-16T15:08:45.895Z"}
{"level":"info","message":{"ip":"::1","method":"GET","timestamp":"2025-08-16T15:08:57.427Z","url":"/api/institutes/all-institutes"},"timestamp":"2025-08-16T15:08:57.427Z"}
{"level":"info","message":{"ip":"::1","method":"GET","timestamp":"2025-08-16T15:10:08.583Z","url":"/api/institutes/all-institutes"},"timestamp":"2025-08-16T15:10:08.585Z"}
{"level":"info","message":{"ip":"::1","method":"GET","timestamp":"2025-08-16T15:10:49.006Z","url":"/api/institutes/all-institutes"},"timestamp":"2025-08-16T15:10:49.006Z"}
{"level":"info","message":{"ip":"::1","method":"GET","timestamp":"2025-08-16T15:11:27.236Z","url":"/api/institutes/all-institutes"},"timestamp":"2025-08-16T15:11:27.243Z"}
{"level":"info","message":{"ip":"::1","method":"GET","timestamp":"2025-08-16T16:26:40.824Z","url":"/api/institutes/all-institutes"},"timestamp":"2025-08-16T16:26:40.827Z"}
{"level":"info","message":{"ip":"::1","method":"GET","timestamp":"2025-08-17T10:23:06.868Z","url":"/api/institutes/all-institutes"},"timestamp":"2025-08-17T10:23:06.873Z"}
{"level":"info","message":{"ip":"::1","method":"GET","timestamp":"2025-08-17T10:23:27.144Z","url":"/api/employees/members"},"timestamp":"2025-08-17T10:23:27.144Z"}
{"level":"info","message":{"ip":"::1","method":"GET","timestamp":"2025-08-17T10:23:53.510Z","url":"/api/employees/member/CERT004"},"timestamp":"2025-08-17T10:23:53.510Z"}
{"level":"info","message":{"ip":"::1","method":"GET","timestamp":"2025-08-17T10:23:58.979Z","url":"/api/employees/members"},"timestamp":"2025-08-17T10:23:58.980Z"}
{"level":"info","message":{"ip":"::1","method":"GET","timestamp":"2025-08-17T10:24:19.316Z","url":"/api/institutes/all-institutes"},"timestamp":"2025-08-17T10:24:19.316Z"}
{"level":"info","message":{"ip":"::1","method":"GET","timestamp":"2025-08-17T10:25:16.032Z","url":"/api/institutes/c75cf5ad-bf74-4f04-8b3c-05177111094e"},"timestamp":"2025-08-17T10:25:16.032Z"}
{"level":"info","message":{"ip":"::1","method":"GET","timestamp":"2025-08-17T10:26:28.770Z","url":"/api/employees/members"},"timestamp":"2025-08-17T10:26:28.770Z"}
{"level":"info","message":{"ip":"::1","method":"GET","timestamp":"2025-08-17T10:26:45.897Z","url":"/api/employees/member/CERT004"},"timestamp":"2025-08-17T10:26:45.897Z"}
{"level":"info","message":{"ip":"::1","method":"GET","timestamp":"2025-08-17T10:26:51.009Z","url":"/api/employees/members"},"timestamp":"2025-08-17T10:26:51.009Z"}
{"level":"info","message":{"ip":"::1","method":"GET","timestamp":"2025-08-17T10:28:19.112Z","url":"/api/institutes/1c4f383b-b9e6-48cb-8cec-4860b786fd3d"},"timestamp":"2025-08-17T10:28:19.112Z"}
{"level":"info","message":{"ip":"::1","method":"GET","timestamp":"2025-08-17T10:29:05.013Z","url":"/api/institutes/6a25cdd6-865d-47e0-8c8e-57d37347c81f"},"timestamp":"2025-08-17T10:29:05.013Z"}
{"level":"info","message":{"ip":"::1","method":"GET","timestamp":"2025-08-17T10:29:59.819Z","url":"/api/institutes/6a25cdd6-865d-47e0-8c8e-57d37347c81f"},"timestamp":"2025-08-17T10:29:59.820Z"}
{"level":"info","message":{"ip":"::1","method":"GET","timestamp":"2025-08-17T11:07:08.390Z","url":"/api/employees/members"},"timestamp":"2025-08-17T11:07:08.395Z"}
{"level":"info","message":{"ip":"::1","method":"GET","timestamp":"2025-08-17T11:07:29.645Z","url":"/api/employees/member/CERT004"},"timestamp":"2025-08-17T11:07:29.645Z"}
{"level":"info","message":{"ip":"::1","method":"GET","timestamp":"2025-08-20T04:13:58.943Z","url":"/api/institutes/all-institutes"},"timestamp":"2025-08-20T04:13:58.951Z"}
{"level":"info","message":{"ip":"::1","method":"GET","timestamp":"2025-08-20T04:14:29.494Z","url":"/api/employees/members"},"timestamp":"2025-08-20T04:14:29.494Z"}
{"level":"info","message":{"ip":"::1","method":"GET","timestamp":"2025-08-20T04:18:40.020Z","url":"/api/employees/members"},"timestamp":"2025-08-20T04:18:40.023Z"}
{"level":"info","message":{"ip":"::1","method":"GET","timestamp":"2025-08-20T05:53:17.974Z","url":"/api/employees/members"},"timestamp":"2025-08-20T05:53:17.979Z"}
{"level":"info","message":{"ip":"::1","method":"GET","timestamp":"2025-08-20T05:54:17.371Z","url":"/api/employees/members"},"timestamp":"2025-08-20T05:54:17.376Z"}
{"level":"info","message":{"ip":"::1","method":"GET","timestamp":"2025-08-20T06:29:46.475Z","url":"/api/employees/members"},"timestamp":"2025-08-20T06:29:46.480Z"}
{"level":"info","message":{"ip":"::1","method":"GET","timestamp":"2025-08-20T06:37:45.896Z","url":"/api/employees/members"},"timestamp":"2025-08-20T06:37:45.903Z"}
{"level":"info","message":{"ip":"::1","method":"GET","timestamp":"2025-08-20T06:56:45.504Z","url":"/api/employees/members"},"timestamp":"2025-08-20T06:56:45.508Z"}
{"level":"info","message":{"ip":"::1","method":"GET","timestamp":"2025-08-20T07:01:06.627Z","url":"/api/employees/member/undefined"},"timestamp":"2025-08-20T07:01:06.629Z"}
{"level":"info","message":{"ip":"::1","method":"GET","timestamp":"2025-08-20T07:01:06.937Z","url":"/api/employees/members"},"timestamp":"2025-08-20T07:01:06.937Z"}
{"level":"info","message":{"ip":"::1","method":"GET","timestamp":"2025-08-20T08:59:48.623Z","url":"/api/employees/members"},"timestamp":"2025-08-20T08:59:48.639Z"}
{"level":"info","message":{"ip":"::1","method":"GET","timestamp":"2025-08-20T09:03:50.084Z","url":"/api/employees/members"},"timestamp":"2025-08-20T09:03:50.094Z"}
{"level":"info","message":{"ip":"::1","method":"GET","timestamp":"2025-08-20T09:03:52.437Z","url":"/api/employees/members"},"timestamp":"2025-08-20T09:03:52.437Z"}
{"level":"info","message":{"ip":"::1","method":"GET","timestamp":"2025-08-20T09:07:07.287Z","url":"/api/employees/members"},"timestamp":"2025-08-20T09:07:07.290Z"}
{"level":"info","message":{"ip":"::1","method":"GET","timestamp":"2025-08-20T09:08:21.497Z","url":"/api/employees/member/NEXT2025120"},"timestamp":"2025-08-20T09:08:21.500Z"}
{"level":"info","message":{"ip":"::1","method":"GET","timestamp":"2025-08-20T09:08:21.854Z","url":"/api/employees/members"},"timestamp":"2025-08-20T09:08:21.854Z"}
{"level":"info","message":{"ip":"::1","method":"GET","timestamp":"2025-08-20T09:08:41.398Z","url":"/api/employees/member/NEXT2025127"},"timestamp":"2025-08-20T09:08:41.399Z"}
{"level":"info","message":{"ip":"::1","method":"GET","timestamp":"2025-08-20T09:08:41.579Z","url":"/api/employees/members"},"timestamp":"2025-08-20T09:08:41.579Z"}
{"level":"info","message":{"ip":"::1","method":"GET","timestamp":"2025-08-20T09:48:11.487Z","url":"/api/employees/members"},"timestamp":"2025-08-20T09:48:11.491Z"}
{"level":"info","message":{"ip":"::1","method":"GET","timestamp":"2025-08-20T09:48:19.479Z","url":"/api/employees/member/NEXT2025134"},"timestamp":"2025-08-20T09:48:19.479Z"}
{"level":"info","message":{"ip":"::1","method":"GET","timestamp":"2025-08-20T09:48:19.596Z","url":"/api/employees/members"},"timestamp":"2025-08-20T09:48:19.596Z"}
{"level":"info","message":{"ip":"::1","method":"GET","timestamp":"2025-08-20T09:48:24.441Z","url":"/api/employees/member/NEXT2025134"},"timestamp":"2025-08-20T09:48:24.442Z"}
{"level":"info","message":{"ip":"::1","method":"GET","timestamp":"2025-08-20T09:48:24.483Z","url":"/api/employees/members"},"timestamp":"2025-08-20T09:48:24.483Z"}
{"level":"info","message":{"ip":"::1","method":"GET","timestamp":"2025-08-20T09:48:28.469Z","url":"/api/employees/member/NEXT2025121"},"timestamp":"2025-08-20T09:48:28.469Z"}
{"level":"info","message":{"ip":"::1","method":"GET","timestamp":"2025-08-20T09:48:28.534Z","url":"/api/employees/members"},"timestamp":"2025-08-20T09:48:28.534Z"}
{"level":"info","message":{"ip":"::1","method":"GET","timestamp":"2025-08-20T10:04:47.553Z","url":"/api/employees/member/NEXT2025101"},"timestamp":"2025-08-20T10:04:47.554Z"}
{"level":"info","message":{"ip":"::1","method":"GET","timestamp":"2025-08-20T10:04:49.036Z","url":"/api/employees/members"},"timestamp":"2025-08-20T10:04:49.037Z"}
{"level":"info","message":{"ip":"::1","method":"GET","timestamp":"2025-08-20T10:04:52.344Z","url":"/api/employees/member/NEXT2025134"},"timestamp":"2025-08-20T10:04:52.344Z"}
{"level":"info","message":{"ip":"::1","method":"GET","timestamp":"2025-08-20T10:04:52.391Z","url":"/api/employees/members"},"timestamp":"2025-08-20T10:04:52.391Z"}
{"level":"info","message":{"ip":"::1","method":"GET","timestamp":"2025-08-20T10:04:55.924Z","url":"/api/employees/member/NEXT2025120"},"timestamp":"2025-08-20T10:04:55.924Z"}
{"level":"info","message":{"ip":"::1","method":"GET","timestamp":"2025-08-20T10:04:56.004Z","url":"/api/employees/members"},"timestamp":"2025-08-20T10:04:56.004Z"}
{"level":"info","message":{"ip":"::1","method":"GET","timestamp":"2025-08-20T10:05:53.638Z","url":"/api/employees/member/NEXT2025134"},"timestamp":"2025-08-20T10:05:53.639Z"}
{"level":"info","message":{"ip":"::1","method":"GET","timestamp":"2025-08-20T10:05:53.811Z","url":"/api/employees/members"},"timestamp":"2025-08-20T10:05:53.811Z"}
{"level":"info","message":{"ip":"::1","method":"GET","timestamp":"2025-08-20T10:07:06.719Z","url":"/api/employees/member/undefined"},"timestamp":"2025-08-20T10:07:06.719Z"}
{"level":"info","message":{"ip":"::1","method":"GET","timestamp":"2025-08-20T10:07:06.887Z","url":"/api/employees/members"},"timestamp":"2025-08-20T10:07:06.887Z"}
{"level":"info","message":{"ip":"::1","method":"GET","timestamp":"2025-08-20T10:09:43.992Z","url":"/api/employees/member/NEXT2025134"},"timestamp":"2025-08-20T10:09:43.999Z"}
{"level":"info","message":{"ip":"::1","method":"GET","timestamp":"2025-08-20T10:09:44.286Z","url":"/api/employees/members"},"timestamp":"2025-08-20T10:09:44.286Z"}
{"level":"info","message":{"ip":"::1","method":"GET","timestamp":"2025-08-20T10:16:31.407Z","url":"/api/employees/member/NEXT2025134"},"timestamp":"2025-08-20T10:16:31.410Z"}
{"level":"info","message":{"ip":"::1","method":"GET","timestamp":"2025-08-20T10:16:33.119Z","url":"/api/employees/members"},"timestamp":"2025-08-20T10:16:33.119Z"}
{"level":"info","message":{"ip":"::1","method":"GET","timestamp":"2025-08-20T10:19:23.530Z","url":"/api/employees/member/NEXT2025134"},"timestamp":"2025-08-20T10:19:23.530Z"}
{"level":"info","message":{"ip":"::1","method":"GET","timestamp":"2025-08-20T10:19:23.668Z","url":"/api/employees/members"},"timestamp":"2025-08-20T10:19:23.668Z"}
{"level":"info","message":{"ip":"::1","method":"GET","timestamp":"2025-08-20T10:19:27.015Z","url":"/api/employees/member/NEXT2025130"},"timestamp":"2025-08-20T10:19:27.015Z"}
{"level":"info","message":{"ip":"::1","method":"GET","timestamp":"2025-08-20T10:19:27.056Z","url":"/api/employees/members"},"timestamp":"2025-08-20T10:19:27.056Z"}
{"level":"info","message":{"ip":"::1","method":"GET","timestamp":"2025-08-20T10:19:30.155Z","url":"/api/employees/member/NEXT2025130"},"timestamp":"2025-08-20T10:19:30.155Z"}
{"level":"info","message":{"ip":"::1","method":"GET","timestamp":"2025-08-20T10:19:30.211Z","url":"/api/employees/members"},"timestamp":"2025-08-20T10:19:30.211Z"}
{"level":"info","message":{"ip":"::1","method":"GET","timestamp":"2025-08-20T10:19:44.076Z","url":"/api/employees/members"},"timestamp":"2025-08-20T10:19:44.076Z"}
{"level":"info","message":{"ip":"::1","method":"GET","timestamp":"2025-08-20T10:19:52.461Z","url":"/api/employees/member/NEXT2025130"},"timestamp":"2025-08-20T10:19:52.461Z"}
{"level":"info","message":{"ip":"::1","method":"GET","timestamp":"2025-08-20T10:19:52.531Z","url":"/api/employees/members"},"timestamp":"2025-08-20T10:19:52.531Z"}
{"level":"info","message":{"ip":"::1","method":"GET","timestamp":"2025-08-20T10:21:02.239Z","url":"/api/employees/member/NEXT2025134"},"timestamp":"2025-08-20T10:21:02.240Z"}
{"level":"info","message":{"ip":"::1","method":"GET","timestamp":"2025-08-20T10:22:34.601Z","url":"/api/employees/member/NEXT2025134"},"timestamp":"2025-08-20T10:22:34.601Z"}
{"level":"info","message":{"ip":"::1","method":"GET","timestamp":"2025-08-20T10:29:48.722Z","url":"/api/employees/members"},"timestamp":"2025-08-20T10:29:48.723Z"}
{"level":"info","message":{"ip":"::1","method":"GET","timestamp":"2025-08-20T10:31:30.361Z","url":"/api/employees/members"},"timestamp":"2025-08-20T10:31:30.361Z"}
{"level":"info","message":{"ip":"::ffff:127.0.0.1","method":"GET","timestamp":"2025-08-21T07:13:31.468Z","url":"/api/institutes/all-institutes"},"timestamp":"2025-08-21T07:13:31.469Z"}
{"level":"info","message":{"ip":"::1","method":"GET","timestamp":"2025-08-21T07:14:00.708Z","url":"/api/institutes/6a25cdd6-865d-47e0-8c8e-57d37347c81f"},"timestamp":"2025-08-21T07:14:00.708Z"}
{"level":"info","message":{"ip":"::1","method":"GET","timestamp":"2025-08-21T07:18:47.433Z","url":"/api/employees/members"},"timestamp":"2025-08-21T07:18:47.433Z"}
{"level":"info","message":{"ip":"::1","method":"GET","timestamp":"2025-08-21T07:33:52.207Z","url":"/api/employees/members"},"timestamp":"2025-08-21T07:33:52.209Z"}
{"level":"info","message":{"ip":"::1","method":"GET","timestamp":"2025-08-21T07:33:56.141Z","url":"/api/employees/members"},"timestamp":"2025-08-21T07:33:56.142Z"}
{"level":"info","message":{"ip":"::1","method":"GET","timestamp":"2025-08-21T07:43:23.487Z","url":"/api/employees/members"},"timestamp":"2025-08-21T07:43:23.489Z"}
{"level":"info","message":{"ip":"::1","method":"GET","timestamp":"2025-08-21T07:43:27.353Z","url":"/api/employees/members"},"timestamp":"2025-08-21T07:43:27.353Z"}
{"level":"info","message":{"ip":"::1","method":"GET","timestamp":"2025-08-21T07:45:25.878Z","url":"/api/employees/member/NEXT2025125"},"timestamp":"2025-08-21T07:45:25.878Z"}
{"level":"info","message":{"ip":"::1","method":"GET","timestamp":"2025-08-21T07:45:32.377Z","url":"/api/employees/members"},"timestamp":"2025-08-21T07:45:32.377Z"}
{"level":"info","message":{"ip":"::1","method":"GET","timestamp":"2025-08-21T07:50:43.998Z","url":"/api/employees/members"},"timestamp":"2025-08-21T07:50:44.000Z"}
{"level":"info","message":{"ip":"::1","method":"GET","timestamp":"2025-08-21T07:50:45.942Z","url":"/api/employees/members"},"timestamp":"2025-08-21T07:50:45.942Z"}
{"level":"info","message":{"ip":"::1","method":"GET","timestamp":"2025-08-21T08:00:16.128Z","url":"/api/employees/members"},"timestamp":"2025-08-21T08:00:16.129Z"}
{"level":"info","message":{"ip":"::1","method":"GET","timestamp":"2025-08-21T08:01:33.871Z","url":"/api/employees/members"},"timestamp":"2025-08-21T08:01:33.871Z"}
{"level":"info","message":{"ip":"::1","method":"GET","timestamp":"2025-08-21T08:01:51.525Z","url":"/api/employees/members"},"timestamp":"2025-08-21T08:01:51.525Z"}
{"level":"info","message":{"ip":"::1","method":"GET","timestamp":"2025-08-21T08:02:40.445Z","url":"/api/employees/member/NEXT2025102"},"timestamp":"2025-08-21T08:02:40.446Z"}
{"level":"info","message":{"ip":"::1","method":"GET","timestamp":"2025-08-21T08:02:58.877Z","url":"/api/employees/member/NEXT2025102"},"timestamp":"2025-08-21T08:02:58.877Z"}
{"level":"info","message":{"ip":"::1","method":"GET","timestamp":"2025-08-21T08:03:00.882Z","url":"/api/employees/member/NEXT2025102"},"timestamp":"2025-08-21T08:03:00.882Z"}
{"level":"info","message":{"ip":"::1","method":"GET","timestamp":"2025-08-21T08:03:33.753Z","url":"/api/employees/members"},"timestamp":"2025-08-21T08:03:33.753Z"}
{"level":"info","message":{"ip":"::1","method":"GET","timestamp":"2025-08-21T08:03:36.934Z","url":"/api/employees/member/NEXT2025101"},"timestamp":"2025-08-21T08:03:36.934Z"}
{"level":"info","message":{"ip":"::1","method":"GET","timestamp":"2025-08-21T08:04:17.146Z","url":"/api/employees/members"},"timestamp":"2025-08-21T08:04:17.146Z"}
{"level":"info","message":{"ip":"::1","method":"GET","timestamp":"2025-08-21T08:08:45.926Z","url":"/api/employees/members"},"timestamp":"2025-08-21T08:08:45.926Z"}
{"level":"info","message":{"ip":"::1","method":"GET","timestamp":"2025-08-21T08:08:50.543Z","url":"/api/employees/members"},"timestamp":"2025-08-21T08:08:50.543Z"}
{"level":"info","message":{"ip":"::1","method":"GET","timestamp":"2025-08-21T08:13:00.638Z","url":"/api/employees/members"},"timestamp":"2025-08-21T08:13:00.640Z"}
{"level":"info","message":{"ip":"::1","method":"GET","timestamp":"2025-08-21T08:13:10.303Z","url":"/api/employees/members"},"timestamp":"2025-08-21T08:13:10.303Z"}
{"level":"info","message":{"ip":"::1","method":"GET","timestamp":"2025-08-21T08:13:40.334Z","url":"/api/employees/member/NEXT2025104"},"timestamp":"2025-08-21T08:13:40.334Z"}
{"level":"info","message":{"ip":"::1","method":"GET","timestamp":"2025-08-21T08:13:43.925Z","url":"/api/employees/members"},"timestamp":"2025-08-21T08:13:43.926Z"}
{"level":"info","message":{"ip":"::1","method":"GET","timestamp":"2025-08-21T08:17:03.218Z","url":"/api/employees/member/NEXT2025102"},"timestamp":"2025-08-21T08:17:03.219Z"}
{"level":"info","message":{"ip":"::1","method":"GET","timestamp":"2025-08-21T08:21:13.833Z","url":"/api/employees/members"},"timestamp":"2025-08-21T08:21:13.834Z"}
{"level":"info","message":{"ip":"::1","method":"GET","timestamp":"2025-08-21T08:21:22.296Z","url":"/api/employees/member/NEXT2025102"},"timestamp":"2025-08-21T08:21:22.296Z"}
{"level":"info","message":{"ip":"::1","method":"GET","timestamp":"2025-08-21T08:21:46.890Z","url":"/api/employees/member/NEXT2025102"},"timestamp":"2025-08-21T08:21:46.890Z"}
{"level":"info","message":{"ip":"::1","method":"GET","timestamp":"2025-08-21T08:21:49.865Z","url":"/api/employees/member/NEXT2025102"},"timestamp":"2025-08-21T08:21:49.865Z"}
{"level":"info","message":{"ip":"::1","method":"GET","timestamp":"2025-08-21T08:22:00.985Z","url":"/api/employees/members"},"timestamp":"2025-08-21T08:22:00.985Z"}
{"level":"info","message":{"ip":"::1","method":"GET","timestamp":"2025-08-21T08:22:23.155Z","url":"/api/employees/member/NEXT2025101"},"timestamp":"2025-08-21T08:22:23.155Z"}
{"level":"info","message":{"ip":"::1","method":"GET","timestamp":"2025-08-21T08:22:27.688Z","url":"/api/employees/members"},"timestamp":"2025-08-21T08:22:27.688Z"}
{"level":"info","message":{"ip":"::1","method":"GET","timestamp":"2025-08-21T08:22:51.444Z","url":"/api/employees/member/NEXT2025104"},"timestamp":"2025-08-21T08:22:51.444Z"}
{"level":"info","message":{"ip":"::1","method":"GET","timestamp":"2025-08-21T08:23:00.387Z","url":"/api/employees/members"},"timestamp":"2025-08-21T08:23:00.388Z"}
{"level":"info","message":{"ip":"::1","method":"GET","timestamp":"2025-08-21T08:29:55.425Z","url":"/api/employees/members"},"timestamp":"2025-08-21T08:29:55.426Z"}
{"level":"info","message":{"ip":"::1","method":"GET","timestamp":"2025-08-21T08:30:48.261Z","url":"/api/employees/members"},"timestamp":"2025-08-21T08:30:48.261Z"}
{"level":"info","message":{"ip":"::1","method":"GET","timestamp":"2025-08-21T08:30:51.231Z","url":"/api/employees/members"},"timestamp":"2025-08-21T08:30:51.231Z"}
{"level":"info","message":{"ip":"::1","method":"GET","timestamp":"2025-08-21T08:31:12.144Z","url":"/api/employees/member/NEXT2025129"},"timestamp":"2025-08-21T08:31:12.144Z"}
{"level":"info","message":{"ip":"::1","method":"GET","timestamp":"2025-08-21T08:32:00.935Z","url":"/api/employees/members"},"timestamp":"2025-08-21T08:32:00.935Z"}
{"level":"info","message":{"ip":"::1","method":"GET","timestamp":"2025-08-21T08:32:10.583Z","url":"/api/employees/members"},"timestamp":"2025-08-21T08:32:10.584Z"}
{"level":"info","message":{"ip":"::1","method":"GET","timestamp":"2025-08-21T08:35:11.357Z","url":"/api/employees/members"},"timestamp":"2025-08-21T08:35:11.358Z"}
{"level":"info","message":{"ip":"::1","method":"GET","timestamp":"2025-08-21T08:36:02.286Z","url":"/api/employees/members"},"timestamp":"2025-08-21T08:36:02.286Z"}
{"level":"info","message":{"ip":"::1","method":"GET","timestamp":"2025-08-21T08:36:04.085Z","url":"/api/employees/members"},"timestamp":"2025-08-21T08:36:04.085Z"}
{"level":"info","message":{"ip":"::1","method":"GET","timestamp":"2025-08-21T08:40:28.244Z","url":"/api/employees/members"},"timestamp":"2025-08-21T08:40:28.245Z"}
{"level":"info","message":{"ip":"::1","method":"GET","timestamp":"2025-08-21T08:44:29.879Z","url":"/api/employees/members"},"timestamp":"2025-08-21T08:44:29.879Z"}
{"level":"info","message":{"ip":"::1","method":"GET","timestamp":"2025-08-21T08:45:09.250Z","url":"/api/employees/members"},"timestamp":"2025-08-21T08:45:09.251Z"}
{"level":"info","message":{"ip":"::1","method":"GET","timestamp":"2025-08-21T08:45:23.230Z","url":"/api/employees/members"},"timestamp":"2025-08-21T08:45:23.230Z"}
{"level":"info","message":{"ip":"::1","method":"GET","timestamp":"2025-08-21T08:45:25.320Z","url":"/api/employees/members"},"timestamp":"2025-08-21T08:45:25.320Z"}
{"level":"info","message":{"ip":"::1","method":"GET","timestamp":"2025-08-21T08:45:50.344Z","url":"/api/employees/member/NEXT2025101"},"timestamp":"2025-08-21T08:45:50.344Z"}
{"level":"info","message":{"ip":"::1","method":"GET","timestamp":"2025-08-21T08:46:23.470Z","url":"/api/employees/member/NEXT2025102"},"timestamp":"2025-08-21T08:46:23.470Z"}
{"level":"info","message":{"ip":"::1","method":"GET","timestamp":"2025-08-21T08:46:28.603Z","url":"/api/employees/member/NEXT2025103"},"timestamp":"2025-08-21T08:46:28.603Z"}
{"level":"info","message":{"ip":"::1","method":"GET","timestamp":"2025-08-21T08:46:35.245Z","url":"/api/employees/member/NEXT20251045"},"timestamp":"2025-08-21T08:46:35.245Z"}
{"level":"info","message":{"ip":"::1","method":"GET","timestamp":"2025-08-21T08:46:35.397Z","url":"/api/employees/members"},"timestamp":"2025-08-21T08:46:35.398Z"}
{"level":"info","message":{"ip":"::1","method":"GET","timestamp":"2025-08-21T10:25:03.751Z","url":"/api/institutes/all-institutes"},"timestamp":"2025-08-21T10:25:03.754Z"}
{"level":"info","message":{"ip":"::1","method":"GET","timestamp":"2025-08-21T10:25:12.884Z","url":"/api/employees/members"},"timestamp":"2025-08-21T10:25:12.884Z"}
{"level":"info","message":{"ip":"::1","method":"GET","timestamp":"2025-08-21T10:27:01.915Z","url":"/api/employees/member/NEXT2025128"},"timestamp":"2025-08-21T10:27:01.916Z"}
{"level":"info","message":{"ip":"::1","method":"GET","timestamp":"2025-08-21T10:27:08.530Z","url":"/api/employees/members"},"timestamp":"2025-08-21T10:27:08.531Z"}
{"level":"info","message":{"ip":"::1","method":"GET","timestamp":"2025-08-21T10:31:31.370Z","url":"/api/employees/member/NEXT2025124"},"timestamp":"2025-08-21T10:31:31.394Z"}
{"level":"info","message":{"ip":"::1","method":"GET","timestamp":"2025-08-26T09:28:41.965Z","url":"/api/institutes/all-institutes"},"timestamp":"2025-08-26T09:28:41.969Z"}
{"level":"info","message":{"ip":"::1","method":"GET","timestamp":"2025-08-26T09:29:22.764Z","url":"/api/employees/members"},"timestamp":"2025-08-26T09:29:22.765Z"}
{"level":"info","message":{"ip":"::1","method":"GET","timestamp":"2025-08-26T09:29:26.203Z","url":"/api/employees/member/NEXT2025101"},"timestamp":"2025-08-26T09:29:26.203Z"}
{"level":"info","message":{"ip":"::1","method":"GET","timestamp":"2025-08-26T09:29:41.424Z","url":"/api/employees/members"},"timestamp":"2025-08-26T09:29:41.424Z"}
{"level":"info","message":{"ip":"::1","method":"GET","timestamp":"2025-08-26T09:29:49.252Z","url":"/api/employees/members"},"timestamp":"2025-08-26T09:29:49.252Z"}
{"level":"info","message":{"ip":"::1","method":"GET","timestamp":"2025-08-26T09:33:24.518Z","url":"/api/institutes/all-institutes"},"timestamp":"2025-08-26T09:33:24.518Z"}
{"level":"info","message":{"ip":"::1","method":"GET","timestamp":"2025-08-27T17:16:50.557Z","url":"/api/institutes/all-institutes"},"timestamp":"2025-08-27T17:16:50.558Z"}
{"level":"info","message":{"ip":"::1","method":"POST","timestamp":"2025-08-27T17:17:52.513Z","url":"/api/students/signup"},"timestamp":"2025-08-27T17:17:52.513Z"}
{"level":"info","message":{"ip":"::1","method":"POST","timestamp":"2025-08-27T17:18:14.777Z","url":"/api/students/verify"},"timestamp":"2025-08-27T17:18:14.777Z"}
{"level":"info","message":{"ip":"::1","method":"GET","timestamp":"2025-08-27T17:18:26.364Z","url":"/api/students/profile"},"timestamp":"2025-08-27T17:18:26.364Z"}
{"level":"info","message":{"ip":"::1","method":"GET","timestamp":"2025-08-27T17:20:09.502Z","url":"/api/students/profile"},"timestamp":"2025-08-27T17:20:09.502Z"}
{"level":"info","message":{"ip":"::1","method":"GET","timestamp":"2025-08-28T04:59:04.972Z","url":"/api/institutes/all-institutes"},"timestamp":"2025-08-28T04:59:04.984Z"}
{"level":"info","message":{"ip":"::1","method":"POST","timestamp":"2025-08-28T04:59:13.088Z","url":"/api/students/logout"},"timestamp":"2025-08-28T04:59:13.089Z"}
{"level":"info","message":{"ip":"::1","method":"POST","timestamp":"2025-08-28T04:59:36.669Z","url":"/api/institutes/signup"},"timestamp":"2025-08-28T04:59:36.670Z"}
{"level":"info","message":{"ip":"::1","method":"POST","timestamp":"2025-08-28T04:59:59.152Z","url":"/api/institutes/verify"},"timestamp":"2025-08-28T04:59:59.152Z"}
{"level":"info","message":{"ip":"::1","method":"GET","timestamp":"2025-08-28T05:00:00.947Z","url":"/api/institutes/profile"},"timestamp":"2025-08-28T05:00:00.948Z"}
{"level":"info","message":{"ip":"::1","method":"PATCH","timestamp":"2025-08-28T05:00:56.534Z","url":"/api/institutes/upload/image"},"timestamp":"2025-08-28T05:00:56.535Z"}
{"level":"info","message":{"ip":"::1","method":"PATCH","timestamp":"2025-08-28T05:01:05.632Z","url":"/api/institutes/me/basic-info"},"timestamp":"2025-08-28T05:01:05.632Z"}
{"level":"info","message":{"ip":"::1","method":"GET","timestamp":"2025-08-28T05:01:06.356Z","url":"/api/institutes/profile"},"timestamp":"2025-08-28T05:01:06.357Z"}
{"level":"info","message":{"ip":"::1","method":"PATCH","timestamp":"2025-08-28T05:01:19.849Z","url":"/api/institutes/me/contact"},"timestamp":"2025-08-28T05:01:19.849Z"}
{"level":"info","message":{"ip":"::1","method":"GET","timestamp":"2025-08-28T05:01:20.624Z","url":"/api/institutes/profile"},"timestamp":"2025-08-28T05:01:20.625Z"}
{"level":"info","message":{"ip":"::1","method":"PATCH","timestamp":"2025-08-28T05:01:29.810Z","url":"/api/institutes/me/courses"},"timestamp":"2025-08-28T05:01:29.810Z"}
{"level":"info","message":{"ip":"::1","method":"GET","timestamp":"2025-08-28T05:01:30.448Z","url":"/api/institutes/profile"},"timestamp":"2025-08-28T05:01:30.448Z"}
{"level":"info","message":{"ip":"::1","method":"PATCH","timestamp":"2025-08-28T05:02:20.594Z","url":"/api/institutes/upload/image"},"timestamp":"2025-08-28T05:02:20.594Z"}
{"level":"info","message":{"ip":"::1","method":"PATCH","timestamp":"2025-08-28T05:02:24.266Z","url":"/api/institutes/me/faculties"},"timestamp":"2025-08-28T05:02:24.266Z"}
{"level":"info","message":{"ip":"::1","method":"GET","timestamp":"2025-08-28T05:02:25.041Z","url":"/api/institutes/profile"},"timestamp":"2025-08-28T05:02:25.054Z"}
{"level":"info","message":{"ip":"::1","method":"PATCH","timestamp":"2025-08-28T05:02:52.911Z","url":"/api/institutes/upload/documents"},"timestamp":"2025-08-28T05:02:52.911Z"}
{"level":"info","message":{"ip":"::1","method":"PATCH","timestamp":"2025-08-28T05:02:58.715Z","url":"/api/institutes/me/student-achievements"},"timestamp":"2025-08-28T05:02:58.715Z"}
{"level":"info","message":{"ip":"::1","method":"GET","timestamp":"2025-08-28T05:02:59.313Z","url":"/api/institutes/profile"},"timestamp":"2025-08-28T05:02:59.313Z"}
{"level":"info","message":{"ip":"::1","method":"PATCH","timestamp":"2025-08-28T05:03:23.752Z","url":"/api/institutes/upload/documents"},"timestamp":"2025-08-28T05:03:23.752Z"}
{"level":"info","message":{"ip":"::1","method":"PATCH","timestamp":"2025-08-28T05:03:28.979Z","url":"/api/institutes/me/institute-achievements"},"timestamp":"2025-08-28T05:03:28.979Z"}
{"level":"info","message":{"ip":"::1","method":"GET","timestamp":"2025-08-28T05:03:29.597Z","url":"/api/institutes/profile"},"timestamp":"2025-08-28T05:03:29.597Z"}
{"level":"info","message":{"ip":"::1","method":"PATCH","timestamp":"2025-08-28T05:03:48.700Z","url":"/api/institutes/me/facilities"},"timestamp":"2025-08-28T05:03:48.700Z"}
{"level":"info","message":{"ip":"::1","method":"GET","timestamp":"2025-08-28T05:03:49.395Z","url":"/api/institutes/profile"},"timestamp":"2025-08-28T05:03:49.395Z"}
{"level":"info","message":{"ip":"::1","method":"PATCH","timestamp":"2025-08-28T05:03:57.399Z","url":"/api/institutes/upload/image"},"timestamp":"2025-08-28T05:03:57.400Z"}
{"level":"info","message":{"ip":"::1","method":"PATCH","timestamp":"2025-08-28T05:04:26.437Z","url":"/api/institutes/upload/video"},"timestamp":"2025-08-28T05:04:26.437Z"}
{"level":"info","message":{"ip":"::1","method":"PATCH","timestamp":"2025-08-28T05:04:32.852Z","url":"/api/institutes/upload/video"},"timestamp":"2025-08-28T05:04:32.852Z"}
{"instituteId":"7037c7f9-af10-40e0-95a6-930c9e488d4b","level":"info","message":"Video uploaded successfully","timestamp":"2025-08-28T05:04:51.013Z","url":"https://res.cloudinary.com/dyluodbti/video/upload/v1756357491/nextute/videos/u8feveis5f9s0ntlf7vz.mp4"}
{"instituteId":"7037c7f9-af10-40e0-95a6-930c9e488d4b","level":"info","message":"Video uploaded successfully","timestamp":"2025-08-28T05:04:59.773Z","url":"https://res.cloudinary.com/dyluodbti/video/upload/v1756357501/nextute/videos/jblijkozgemjb7ujxwfz.mp4"}
{"level":"info","message":{"ip":"::1","method":"PATCH","timestamp":"2025-08-28T05:05:01.647Z","url":"/api/institutes/me/media"},"timestamp":"2025-08-28T05:05:01.647Z"}
{"level":"info","message":{"ip":"::1","method":"GET","timestamp":"2025-08-28T05:05:02.392Z","url":"/api/institutes/profile"},"timestamp":"2025-08-28T05:05:02.392Z"}
{"level":"info","message":{"ip":"::1","method":"PATCH","timestamp":"2025-08-28T05:05:43.290Z","url":"/api/institutes/me/social-media"},"timestamp":"2025-08-28T05:05:43.290Z"}
{"level":"info","message":{"ip":"::1","method":"GET","timestamp":"2025-08-28T05:05:44.245Z","url":"/api/institutes/all-institutes"},"timestamp":"2025-08-28T05:05:44.245Z"}
{"level":"info","message":{"ip":"::1","method":"GET","timestamp":"2025-08-28T05:05:48.447Z","url":"/api/institutes/profile"},"timestamp":"2025-08-28T05:05:48.447Z"}
{"level":"info","message":{"ip":"::1","method":"GET","timestamp":"2025-08-28T05:05:57.083Z","url":"/api/institutes/profile"},"timestamp":"2025-08-28T05:05:57.083Z"}
{"level":"info","message":{"ip":"::1","method":"GET","timestamp":"2025-08-28T05:05:59.927Z","url":"/api/institutes/profile"},"timestamp":"2025-08-28T05:05:59.927Z"}
{"level":"info","message":{"ip":"::1","method":"GET","timestamp":"2025-08-28T05:06:04.317Z","url":"/api/institutes/profile"},"timestamp":"2025-08-28T05:06:04.317Z"}
{"level":"info","message":{"ip":"::1","method":"GET","timestamp":"2025-08-28T05:06:15.549Z","url":"/api/institutes/profile"},"timestamp":"2025-08-28T05:06:15.550Z"}
{"level":"info","message":{"ip":"::1","method":"GET","timestamp":"2025-08-28T05:06:18.056Z","url":"/api/institutes/profile"},"timestamp":"2025-08-28T05:06:18.056Z"}
{"level":"info","message":{"ip":"::1","method":"GET","timestamp":"2025-08-28T05:06:20.628Z","url":"/api/institutes/profile"},"timestamp":"2025-08-28T05:06:20.628Z"}
{"level":"info","message":{"ip":"::1","method":"GET","timestamp":"2025-08-28T05:08:02.691Z","url":"/api/institutes/profile"},"timestamp":"2025-08-28T05:08:02.691Z"}
{"level":"info","message":{"ip":"::1","method":"GET","timestamp":"2025-08-28T10:38:08.952Z","url":"/api/institutes/all-institutes"},"timestamp":"2025-08-28T10:38:08.959Z"}
{"level":"info","message":{"ip":"::1","method":"GET","timestamp":"2025-08-28T10:38:42.643Z","url":"/api/employees/members"},"timestamp":"2025-08-28T10:38:42.643Z"}
{"level":"info","message":{"ip":"::1","method":"GET","timestamp":"2025-08-28T10:39:29.715Z","url":"/api/employees/member/NEXT2025101"},"timestamp":"2025-08-28T10:39:29.715Z"}
{"level":"info","message":{"ip":"::1","method":"GET","timestamp":"2025-08-28T10:46:16.705Z","url":"/api/employees/member/NEXT2025101"},"timestamp":"2025-08-28T10:46:16.707Z"}
{"level":"info","message":{"ip":"::1","method":"GET","timestamp":"2025-08-28T10:49:28.718Z","url":"/api/employees/member/NEXT2025101"},"timestamp":"2025-08-28T10:49:28.718Z"}
{"level":"info","message":{"ip":"::1","method":"GET","timestamp":"2025-08-28T10:52:11.639Z","url":"/api/employees/member/NEXT2025101"},"timestamp":"2025-08-28T10:52:11.639Z"}
{"level":"info","message":{"ip":"::1","method":"GET","timestamp":"2025-08-28T10:52:13.642Z","url":"/api/employees/member/NEXT2025101"},"timestamp":"2025-08-28T10:52:13.642Z"}
{"level":"info","message":{"ip":"::1","method":"GET","timestamp":"2025-08-28T10:52:15.630Z","url":"/api/employees/member/NEXT2025101"},"timestamp":"2025-08-28T10:52:15.630Z"}
{"level":"info","message":{"ip":"::1","method":"GET","timestamp":"2025-08-28T10:52:21.709Z","url":"/api/employees/member/NEXT2025101"},"timestamp":"2025-08-28T10:52:21.709Z"}
{"level":"info","message":{"ip":"::1","method":"GET","timestamp":"2025-08-28T10:52:41.680Z","url":"/api/employees/member/NEXT2025101"},"timestamp":"2025-08-28T10:52:41.680Z"}
{"level":"info","message":{"ip":"::1","method":"GET","timestamp":"2025-08-28T10:55:46.657Z","url":"/api/employees/member/NEXT2025101"},"timestamp":"2025-08-28T10:55:46.658Z"}
{"level":"info","message":{"ip":"::1","method":"GET","timestamp":"2025-08-28T10:55:50.975Z","url":"/api/employees/member/NEXT2025101"},"timestamp":"2025-08-28T10:55:50.975Z"}
{"level":"info","message":{"ip":"::1","method":"GET","timestamp":"2025-08-28T10:56:10.315Z","url":"/api/employees/member/NEXT2025101"},"timestamp":"2025-08-28T10:56:10.315Z"}
{"level":"info","message":{"ip":"::1","method":"GET","timestamp":"2025-08-28T10:56:28.974Z","url":"/api/employees/member/NEXT2025101"},"timestamp":"2025-08-28T10:56:28.974Z"}
{"level":"info","message":{"ip":"::1","method":"GET","timestamp":"2025-08-28T10:59:56.696Z","url":"/api/employees/member/NEXT2025101"},"timestamp":"2025-08-28T10:59:56.696Z"}
{"level":"info","message":{"ip":"::1","method":"GET","timestamp":"2025-08-28T10:59:58.656Z","url":"/api/employees/member/NEXT2025101"},"timestamp":"2025-08-28T10:59:58.656Z"}
{"level":"info","message":{"ip":"::1","method":"GET","timestamp":"2025-08-28T11:00:03.362Z","url":"/api/employees/members"},"timestamp":"2025-08-28T11:00:03.363Z"}
{"level":"info","message":{"ip":"::1","method":"GET","timestamp":"2025-08-28T11:00:12.644Z","url":"/api/employees/member/NEXT2025128"},"timestamp":"2025-08-28T11:00:12.644Z"}
{"level":"info","message":{"ip":"::1","method":"GET","timestamp":"2025-08-28T11:00:40.225Z","url":"/api/employees/member/NEXT2025128"},"timestamp":"2025-08-28T11:00:40.225Z"}
{"level":"info","message":{"ip":"::1","method":"GET","timestamp":"2025-08-28T11:04:36.693Z","url":"/api/employees/member/NEXT2025128"},"timestamp":"2025-08-28T11:04:36.693Z"}
{"level":"info","message":{"ip":"::1","method":"GET","timestamp":"2025-08-28T11:04:38.658Z","url":"/api/employees/member/NEXT2025128"},"timestamp":"2025-08-28T11:04:38.658Z"}
{"level":"info","message":{"ip":"::1","method":"GET","timestamp":"2025-08-28T11:05:43.634Z","url":"/api/employees/member/NEXT2025128"},"timestamp":"2025-08-28T11:05:43.634Z"}
{"level":"info","message":{"ip":"::1","method":"GET","timestamp":"2025-08-28T11:06:31.915Z","url":"/api/employees/members"},"timestamp":"2025-08-28T11:06:31.916Z"}
{"level":"info","message":{"ip":"::1","method":"GET","timestamp":"2025-08-28T11:06:38.038Z","url":"/api/employees/member/NEXT2025102"},"timestamp":"2025-08-28T11:06:38.038Z"}
{"level":"info","message":{"ip":"::1","method":"GET","timestamp":"2025-08-28T11:07:06.020Z","url":"/api/employees/members"},"timestamp":"2025-08-28T11:07:06.020Z"}
{"level":"info","message":{"ip":"::1","method":"GET","timestamp":"2025-08-28T11:07:10.108Z","url":"/api/employees/member/NEXT2025124"},"timestamp":"2025-08-28T11:07:10.108Z"}
{"level":"info","message":{"ip":"::1","method":"GET","timestamp":"2025-08-28T11:08:09.976Z","url":"/api/employees/members"},"timestamp":"2025-08-28T11:08:09.976Z"}
{"level":"info","message":{"ip":"::1","method":"GET","timestamp":"2025-08-28T11:08:29.468Z","url":"/api/employees/member/NEXT2025102"},"timestamp":"2025-08-28T11:08:29.468Z"}
{"level":"info","message":{"ip":"::1","method":"GET","timestamp":"2025-08-28T11:11:18.993Z","url":"/api/employees/members"},"timestamp":"2025-08-28T11:11:18.993Z"}
{"level":"info","message":{"ip":"::1","method":"GET","timestamp":"2025-08-28T11:11:25.069Z","url":"/api/employees/member/NEXT2025120"},"timestamp":"2025-08-28T11:11:25.069Z"}
{"level":"info","message":{"ip":"::1","method":"GET","timestamp":"2025-08-28T11:38:41.959Z","url":"/api/employees/member/NEXT2025120"},"timestamp":"2025-08-28T11:38:41.965Z"}
{"level":"info","message":{"ip":"::1","method":"GET","timestamp":"2025-08-28T11:39:18.722Z","url":"/api/employees/members"},"timestamp":"2025-08-28T11:39:18.722Z"}
{"level":"info","message":{"ip":"::1","method":"GET","timestamp":"2025-08-28T11:39:36.581Z","url":"/api/employees/member/NEXT2025104"},"timestamp":"2025-08-28T11:39:36.581Z"}
{"level":"info","message":{"ip":"::1","method":"GET","timestamp":"2025-08-28T11:40:39.389Z","url":"/api/employees/member/NEXT2025104"},"timestamp":"2025-08-28T11:40:39.389Z"}
{"level":"info","message":{"ip":"::1","method":"GET","timestamp":"2025-08-28T11:52:21.791Z","url":"/api/institutes/all-institutes"},"timestamp":"2025-08-28T11:52:21.792Z"}
{"level":"info","message":{"ip":"::1","method":"GET","timestamp":"2025-08-28T11:52:37.141Z","url":"/api/employees/members"},"timestamp":"2025-08-28T11:52:37.141Z"}
{"level":"info","message":{"ip":"::1","method":"GET","timestamp":"2025-08-28T11:56:26.295Z","url":"/api/employees/member/NEXT2025104"},"timestamp":"2025-08-28T11:56:26.295Z"}
{"level":"info","message":{"ip":"::1","method":"POST","timestamp":"2025-08-29T15:34:19.407Z","url":"/api/jobs"},"timestamp":"2025-08-29T15:34:19.410Z"}
{"level":"info","message":{"ip":"::1","method":"POST","timestamp":"2025-08-29T15:36:55.545Z","url":"/api/jobs"},"timestamp":"2025-08-29T15:36:55.548Z"}
{"level":"info","message":{"ip":"::1","method":"POST","timestamp":"2025-08-29T15:38:19.152Z","url":"/api/jobs"},"timestamp":"2025-08-29T15:38:19.152Z"}
{"level":"info","message":{"ip":"::1","method":"POST","timestamp":"2025-08-29T15:43:41.256Z","url":"/api/jobs"},"timestamp":"2025-08-29T15:43:41.257Z"}
{"level":"info","message":{"ip":"::1","method":"GET","timestamp":"2025-08-29T15:44:47.147Z","url":"/api/jobs/all"},"timestamp":"2025-08-29T15:44:47.148Z"}
{"level":"info","message":{"ip":"::1","method":"GET","timestamp":"2025-08-29T15:45:30.218Z","url":"/api/jobs/id/516c3916-1d53-4424-9b9b-e473d00046e5"},"timestamp":"2025-08-29T15:45:30.218Z"}
{"level":"info","message":{"ip":"::1","method":"GET","timestamp":"2025-08-29T15:46:22.583Z","url":"/api/jobs/jobid/JOB001"},"timestamp":"2025-08-29T15:46:22.583Z"}
{"level":"info","message":{"ip":"::1","method":"PUT","timestamp":"2025-08-29T15:47:43.228Z","url":"/api/jobs/id/516c3916-1d53-4424-9b9b-e473d00046e5"},"timestamp":"2025-08-29T15:47:43.229Z"}
{"level":"info","message":{"ip":"::1","method":"DELETE","timestamp":"2025-08-29T15:48:20.987Z","url":"/api/jobs/id/516c3916-1d53-4424-9b9b-e473d00046e5"},"timestamp":"2025-08-29T15:48:20.987Z"}
{"level":"info","message":{"ip":"::1","method":"POST","timestamp":"2025-08-29T15:48:40.047Z","url":"/api/jobs"},"timestamp":"2025-08-29T15:48:40.047Z"}
{"level":"info","message":{"ip":"::1","method":"GET","timestamp":"2025-08-29T15:49:47.895Z","url":"/api/jobs/id/516c3916-1d53-4424-9b9b-e473d00046e5"},"timestamp":"2025-08-29T15:49:47.895Z"}
{"level":"info","message":{"ip":"::1","method":"GET","timestamp":"2025-08-29T15:50:27.560Z","url":"/api/jobs/id/0bc25a14-bd2d-4781-afbc-08e919ab6129"},"timestamp":"2025-08-29T15:50:27.560Z"}
{"level":"info","message":{"ip":"::1","method":"POST","timestamp":"2025-08-29T15:57:56.706Z","url":"/api/feedback/reviews"},"timestamp":"2025-08-29T15:57:56.707Z"}
{"level":"info","message":{"ip":"::1","method":"POST","timestamp":"2025-08-29T15:58:17.441Z","url":"/api/feedback/reviews"},"timestamp":"2025-08-29T15:58:17.441Z"}
{"level":"info","message":{"ip":"::1","method":"POST","timestamp":"2025-08-29T15:58:34.947Z","url":"/api/feedback/reviews"},"timestamp":"2025-08-29T15:58:34.947Z"}
{"level":"info","message":{"ip":"::1","method":"POST","timestamp":"2025-08-29T15:58:54.340Z","url":"/api/feedback/reviews"},"timestamp":"2025-08-29T15:58:54.340Z"}
{"level":"info","message":{"ip":"::1","method":"POST","timestamp":"2025-08-29T15:59:10.473Z","url":"/api/feedback/reviews"},"timestamp":"2025-08-29T15:59:10.473Z"}
{"level":"info","message":{"ip":"::1","method":"GET","timestamp":"2025-08-30T07:02:34.666Z","url":"/api/institutes/all-institutes"},"timestamp":"2025-08-30T07:02:34.669Z"}
{"level":"info","message":{"ip":"::1","method":"GET","timestamp":"2025-08-30T07:02:34.686Z","url":"/api/institutes/all-institutes"},"timestamp":"2025-08-30T07:02:34.686Z"}
{"level":"info","message":{"ip":"::1","method":"GET","timestamp":"2025-08-30T07:02:38.432Z","url":"/api/students/all"},"timestamp":"2025-08-30T07:02:38.433Z"}
{"level":"info","message":{"ip":"::1","method":"GET","timestamp":"2025-08-30T07:02:38.449Z","url":"/api/students/all"},"timestamp":"2025-08-30T07:02:38.450Z"}
{"level":"info","message":{"ip":"::1","method":"GET","timestamp":"2025-08-30T07:02:40.049Z","url":"/api/feedback/reviews"},"timestamp":"2025-08-30T07:02:40.049Z"}
{"level":"info","message":{"ip":"::1","method":"GET","timestamp":"2025-08-30T07:02:40.070Z","url":"/api/feedback/reviews"},"timestamp":"2025-08-30T07:02:40.070Z"}
{"level":"info","message":{"ip":"::1","method":"GET","timestamp":"2025-08-30T07:02:41.518Z","url":"/api/jobs/all"},"timestamp":"2025-08-30T07:02:41.518Z"}
{"level":"info","message":{"ip":"::1","method":"GET","timestamp":"2025-08-30T07:02:41.532Z","url":"/api/jobs/all"},"timestamp":"2025-08-30T07:02:41.532Z"}
{"level":"info","message":{"ip":"::1","method":"GET","timestamp":"2025-08-30T07:02:42.859Z","url":"/api/employees/members"},"timestamp":"2025-08-30T07:02:42.859Z"}
{"level":"info","message":{"ip":"::1","method":"GET","timestamp":"2025-08-30T07:02:42.868Z","url":"/api/employees/members"},"timestamp":"2025-08-30T07:02:42.868Z"}
{"level":"info","message":{"ip":"::1","method":"GET","timestamp":"2025-08-30T07:02:46.161Z","url":"/api/feedback/reviews"},"timestamp":"2025-08-30T07:02:46.161Z"}
{"level":"info","message":{"ip":"::1","method":"GET","timestamp":"2025-08-30T07:02:46.168Z","url":"/api/feedback/reviews"},"timestamp":"2025-08-30T07:02:46.168Z"}
{"level":"info","message":{"ip":"::1","method":"GET","timestamp":"2025-08-30T07:06:35.617Z","url":"/api/feedback/reviews"},"timestamp":"2025-08-30T07:06:35.617Z"}
{"level":"info","message":{"ip":"::1","method":"GET","timestamp":"2025-08-30T07:06:48.608Z","url":"/api/feedback/reviews"},"timestamp":"2025-08-30T07:06:48.608Z"}
{"level":"info","message":{"ip":"::1","method":"GET","timestamp":"2025-08-30T07:07:23.148Z","url":"/api/feedback/reviews"},"timestamp":"2025-08-30T07:07:23.148Z"}
{"level":"info","message":{"ip":"::1","method":"GET","timestamp":"2025-08-30T07:07:23.153Z","url":"/api/feedback/reviews"},"timestamp":"2025-08-30T07:07:23.153Z"}
{"level":"info","message":{"ip":"::1","method":"GET","timestamp":"2025-08-30T07:07:54.839Z","url":"/api/feedback/reviews"},"timestamp":"2025-08-30T07:07:54.839Z"}
{"level":"info","message":{"ip":"::1","method":"GET","timestamp":"2025-08-30T07:07:54.878Z","url":"/api/feedback/reviews"},"timestamp":"2025-08-30T07:07:54.878Z"}
{"level":"info","message":{"ip":"::1","method":"GET","timestamp":"2025-08-30T07:08:25.918Z","url":"/api/employees/members"},"timestamp":"2025-08-30T07:08:25.918Z"}
{"level":"info","message":{"ip":"::1","method":"GET","timestamp":"2025-08-30T07:08:26.045Z","url":"/api/employees/members"},"timestamp":"2025-08-30T07:08:26.045Z"}
{"level":"info","message":{"ip":"::1","method":"GET","timestamp":"2025-08-30T07:09:27.691Z","url":"/api/students/all"},"timestamp":"2025-08-30T07:09:27.691Z"}
{"level":"info","message":{"ip":"::1","method":"GET","timestamp":"2025-08-30T07:09:27.722Z","url":"/api/students/all"},"timestamp":"2025-08-30T07:09:27.722Z"}
{"level":"info","message":{"ip":"::1","method":"GET","timestamp":"2025-08-30T07:09:43.802Z","url":"/api/employees/members"},"timestamp":"2025-08-30T07:09:43.802Z"}
{"level":"info","message":{"ip":"::1","method":"GET","timestamp":"2025-08-30T07:09:43.841Z","url":"/api/employees/members"},"timestamp":"2025-08-30T07:09:43.841Z"}
{"level":"info","message":{"ip":"::1","method":"GET","timestamp":"2025-08-30T07:11:20.115Z","url":"/api/jobs/all"},"timestamp":"2025-08-30T07:11:20.115Z"}
{"level":"info","message":{"ip":"::1","method":"GET","timestamp":"2025-08-30T07:11:20.144Z","url":"/api/jobs/all"},"timestamp":"2025-08-30T07:11:20.144Z"}
{"level":"info","message":{"ip":"::1","method":"GET","timestamp":"2025-08-30T07:12:23.824Z","url":"/api/jobs/all"},"timestamp":"2025-08-30T07:12:23.824Z"}
{"level":"info","message":{"ip":"::1","method":"GET","timestamp":"2025-08-30T07:12:23.841Z","url":"/api/jobs/all"},"timestamp":"2025-08-30T07:12:23.841Z"}
{"level":"info","message":{"ip":"::1","method":"GET","timestamp":"2025-08-30T07:12:49.802Z","url":"/api/job/id/0bc25a14-bd2d-4781-afbc-08e919ab6129"},"timestamp":"2025-08-30T07:12:49.802Z"}
{"level":"info","message":{"ip":"::1","method":"GET","timestamp":"2025-08-30T07:12:59.729Z","url":"/api/jobs/id/0bc25a14-bd2d-4781-afbc-08e919ab6129"},"timestamp":"2025-08-30T07:12:59.729Z"}
{"level":"info","message":{"ip":"::1","method":"GET","timestamp":"2025-08-30T07:18:18.037Z","url":"/api/jobs/all"},"timestamp":"2025-08-30T07:18:18.037Z"}
{"level":"info","message":{"ip":"::1","method":"GET","timestamp":"2025-08-30T07:18:18.041Z","url":"/api/jobs/all"},"timestamp":"2025-08-30T07:18:18.041Z"}
{"level":"info","message":{"ip":"::1","method":"GET","timestamp":"2025-08-30T07:22:08.651Z","url":"/api/jobs/id/0bc25a14-bd2d-4781-afbc-08e919ab6129"},"timestamp":"2025-08-30T07:22:08.651Z"}
{"level":"info","message":{"ip":"::1","method":"GET","timestamp":"2025-08-30T07:22:08.928Z","url":"/api/jobs/id/0bc25a14-bd2d-4781-afbc-08e919ab6129"},"timestamp":"2025-08-30T07:22:08.928Z"}
{"level":"info","message":{"ip":"::1","method":"GET","timestamp":"2025-08-30T07:22:14.096Z","url":"/api/jobs/id/0bc25a14-bd2d-4781-afbc-08e919ab6129"},"timestamp":"2025-08-30T07:22:14.096Z"}
{"level":"info","message":{"ip":"::1","method":"GET","timestamp":"2025-08-30T07:22:14.190Z","url":"/api/jobs/id/0bc25a14-bd2d-4781-afbc-08e919ab6129"},"timestamp":"2025-08-30T07:22:14.190Z"}
{"level":"info","message":{"ip":"::1","method":"GET","timestamp":"2025-08-30T07:24:22.018Z","url":"/api/employees/members"},"timestamp":"2025-08-30T07:24:22.019Z"}
{"level":"info","message":{"ip":"::1","method":"GET","timestamp":"2025-08-30T07:24:22.028Z","url":"/api/employees/members"},"timestamp":"2025-08-30T07:24:22.028Z"}
{"level":"info","message":{"ip":"::1","method":"GET","timestamp":"2025-08-30T07:24:24.481Z","url":"/api/employees/member/NEXT2025111"},"timestamp":"2025-08-30T07:24:24.481Z"}
{"level":"info","message":{"ip":"::1","method":"GET","timestamp":"2025-08-30T07:24:24.484Z","url":"/api/employees/member/NEXT2025111"},"timestamp":"2025-08-30T07:24:24.484Z"}
{"level":"info","message":{"ip":"::1","method":"GET","timestamp":"2025-08-30T07:24:39.324Z","url":"/api/feedback/reviews"},"timestamp":"2025-08-30T07:24:39.324Z"}
{"level":"info","message":{"ip":"::1","method":"GET","timestamp":"2025-08-30T07:24:39.335Z","url":"/api/feedback/reviews"},"timestamp":"2025-08-30T07:24:39.335Z"}
{"level":"info","message":{"ip":"::1","method":"GET","timestamp":"2025-08-30T07:24:54.123Z","url":"/api/students/all"},"timestamp":"2025-08-30T07:24:54.123Z"}
{"level":"info","message":{"ip":"::1","method":"GET","timestamp":"2025-08-30T07:24:54.143Z","url":"/api/students/all"},"timestamp":"2025-08-30T07:24:54.143Z"}
{"level":"info","message":{"ip":"::1","method":"GET","timestamp":"2025-08-30T07:24:55.677Z","url":"/api/students/583fb26a-2015-45ea-922f-cc6c1ff5ffa8"},"timestamp":"2025-08-30T07:24:55.677Z"}
{"level":"info","message":{"ip":"::1","method":"GET","timestamp":"2025-08-30T07:24:55.949Z","url":"/api/students/583fb26a-2015-45ea-922f-cc6c1ff5ffa8"},"timestamp":"2025-08-30T07:24:55.949Z"}
{"level":"info","message":{"ip":"::1","method":"GET","timestamp":"2025-08-30T07:24:58.870Z","url":"/api/institutes/all-institutes"},"timestamp":"2025-08-30T07:24:58.870Z"}
{"level":"info","message":{"ip":"::1","method":"GET","timestamp":"2025-08-30T07:24:58.874Z","url":"/api/institutes/all-institutes"},"timestamp":"2025-08-30T07:24:58.874Z"}
{"level":"info","message":{"ip":"::1","method":"GET","timestamp":"2025-08-30T07:25:00.471Z","url":"/api/institutes/fef0ce26-bc26-400f-a28e-b0f946d8090b"},"timestamp":"2025-08-30T07:25:00.471Z"}
{"level":"info","message":{"ip":"::1","method":"GET","timestamp":"2025-08-30T07:25:00.663Z","url":"/api/institutes/fef0ce26-bc26-400f-a28e-b0f946d8090b"},"timestamp":"2025-08-30T07:25:00.663Z"}
{"level":"info","message":{"ip":"::1","method":"GET","timestamp":"2025-08-30T07:25:11.710Z","url":"/api/institutes/fef0ce26-bc26-400f-a28e-b0f946d8090b"},"timestamp":"2025-08-30T07:25:11.710Z"}
{"level":"info","message":{"ip":"::1","method":"GET","timestamp":"2025-08-30T07:25:11.822Z","url":"/api/institutes/fef0ce26-bc26-400f-a28e-b0f946d8090b"},"timestamp":"2025-08-30T07:25:11.823Z"}
{"level":"info","message":{"ip":"::1","method":"GET","timestamp":"2025-08-30T07:28:57.457Z","url":"/api/institutes/fef0ce26-bc26-400f-a28e-b0f946d8090b"},"timestamp":"2025-08-30T07:28:57.457Z"}
{"level":"info","message":{"ip":"::1","method":"GET","timestamp":"2025-08-30T07:28:57.651Z","url":"/api/institutes/fef0ce26-bc26-400f-a28e-b0f946d8090b"},"timestamp":"2025-08-30T07:28:57.651Z"}
{"level":"info","message":{"ip":"::1","method":"GET","timestamp":"2025-08-30T07:32:47.954Z","url":"/api/team/all"},"timestamp":"2025-08-30T07:32:47.954Z"}
{"level":"info","message":{"ip":"::1","method":"GET","timestamp":"2025-08-30T07:32:47.957Z","url":"/api/institutes/all-institutes"},"timestamp":"2025-08-30T07:32:47.957Z"}
{"level":"info","message":{"ip":"::1","method":"GET","timestamp":"2025-08-30T07:32:47.960Z","url":"/api/students/all"},"timestamp":"2025-08-30T07:32:47.960Z"}
{"level":"info","message":{"ip":"::1","method":"GET","timestamp":"2025-08-30T07:32:47.962Z","url":"/api/jobs/all"},"timestamp":"2025-08-30T07:32:47.962Z"}
{"level":"info","message":{"ip":"::1","method":"GET","timestamp":"2025-08-30T07:32:47.963Z","url":"/api/feedback/reviews"},"timestamp":"2025-08-30T07:32:47.963Z"}
{"level":"info","message":{"ip":"::1","method":"GET","timestamp":"2025-08-30T07:32:47.967Z","url":"/api/team/all"},"timestamp":"2025-08-30T07:32:47.967Z"}
{"level":"info","message":{"ip":"::1","method":"GET","timestamp":"2025-08-30T07:32:48.905Z","url":"/api/jobs/all"},"timestamp":"2025-08-30T07:32:48.905Z"}
{"level":"info","message":{"ip":"::1","method":"GET","timestamp":"2025-08-30T07:32:48.916Z","url":"/api/feedback/reviews"},"timestamp":"2025-08-30T07:32:48.916Z"}
{"level":"info","message":{"ip":"::1","method":"GET","timestamp":"2025-08-30T07:32:48.941Z","url":"/api/students/all"},"timestamp":"2025-08-30T07:32:48.941Z"}
{"level":"info","message":{"ip":"::1","method":"GET","timestamp":"2025-08-30T07:32:49.010Z","url":"/api/institutes/all-institutes"},"timestamp":"2025-08-30T07:32:49.010Z"}
{"level":"info","message":{"ip":"::1","method":"GET","timestamp":"2025-08-30T07:32:55.257Z","url":"/api/jobs/all"},"timestamp":"2025-08-30T07:32:55.257Z"}
{"level":"info","message":{"ip":"::1","method":"GET","timestamp":"2025-08-30T07:32:55.272Z","url":"/api/jobs/all"},"timestamp":"2025-08-30T07:32:55.272Z"}
{"level":"info","message":{"ip":"::1","method":"GET","timestamp":"2025-08-30T07:32:56.731Z","url":"/api/feedback/reviews"},"timestamp":"2025-08-30T07:32:56.731Z"}
{"level":"info","message":{"ip":"::1","method":"GET","timestamp":"2025-08-30T07:32:56.751Z","url":"/api/feedback/reviews"},"timestamp":"2025-08-30T07:32:56.751Z"}
{"level":"info","message":{"ip":"::1","method":"GET","timestamp":"2025-08-30T07:32:58.278Z","url":"/api/students/all"},"timestamp":"2025-08-30T07:32:58.278Z"}
{"level":"info","message":{"ip":"::1","method":"GET","timestamp":"2025-08-30T07:32:58.290Z","url":"/api/students/all"},"timestamp":"2025-08-30T07:32:58.290Z"}
{"level":"info","message":{"ip":"::1","method":"GET","timestamp":"2025-08-30T07:32:59.523Z","url":"/api/institutes/all-institutes"},"timestamp":"2025-08-30T07:32:59.523Z"}
{"level":"info","message":{"ip":"::1","method":"GET","timestamp":"2025-08-30T07:32:59.534Z","url":"/api/institutes/all-institutes"},"timestamp":"2025-08-30T07:32:59.535Z"}
{"level":"info","message":{"ip":"::1","method":"GET","timestamp":"2025-08-30T07:33:32.978Z","url":"/api/institutes/all-institutes"},"timestamp":"2025-08-30T07:33:32.979Z"}
{"level":"info","message":{"ip":"::1","method":"GET","timestamp":"2025-08-30T07:33:32.983Z","url":"/api/students/all"},"timestamp":"2025-08-30T07:33:32.983Z"}
{"level":"info","message":{"ip":"::1","method":"GET","timestamp":"2025-08-30T07:33:32.984Z","url":"/api/jobs/all"},"timestamp":"2025-08-30T07:33:32.984Z"}
{"level":"info","message":{"ip":"::1","method":"GET","timestamp":"2025-08-30T07:33:32.986Z","url":"/api/feedback/reviews"},"timestamp":"2025-08-30T07:33:32.986Z"}
{"level":"info","message":{"ip":"::1","method":"GET","timestamp":"2025-08-30T07:33:32.994Z","url":"/api/team/all"},"timestamp":"2025-08-30T07:33:32.994Z"}
{"level":"info","message":{"ip":"::1","method":"GET","timestamp":"2025-08-30T07:33:33.007Z","url":"/api/team/all"},"timestamp":"2025-08-30T07:33:33.007Z"}
{"level":"info","message":{"ip":"::1","method":"GET","timestamp":"2025-08-30T07:33:33.155Z","url":"/api/students/all"},"timestamp":"2025-08-30T07:33:33.155Z"}
{"level":"info","message":{"ip":"::1","method":"GET","timestamp":"2025-08-30T07:33:33.239Z","url":"/api/jobs/all"},"timestamp":"2025-08-30T07:33:33.239Z"}
{"level":"info","message":{"ip":"::1","method":"GET","timestamp":"2025-08-30T07:33:33.242Z","url":"/api/feedback/reviews"},"timestamp":"2025-08-30T07:33:33.242Z"}
{"level":"info","message":{"ip":"::1","method":"GET","timestamp":"2025-08-30T07:33:33.252Z","url":"/api/institutes/all-institutes"},"timestamp":"2025-08-30T07:33:33.252Z"}
{"level":"info","message":{"ip":"::1","method":"GET","timestamp":"2025-08-30T07:33:46.940Z","url":"/api/institutes/all-institutes"},"timestamp":"2025-08-30T07:33:46.940Z"}
{"level":"info","message":{"ip":"::1","method":"GET","timestamp":"2025-08-30T07:33:46.946Z","url":"/api/students/all"},"timestamp":"2025-08-30T07:33:46.947Z"}
{"level":"info","message":{"ip":"::1","method":"GET","timestamp":"2025-08-30T07:33:46.949Z","url":"/api/jobs/all"},"timestamp":"2025-08-30T07:33:46.949Z"}
{"level":"info","message":{"ip":"::1","method":"GET","timestamp":"2025-08-30T07:33:46.952Z","url":"/api/feedback/reviews"},"timestamp":"2025-08-30T07:33:46.952Z"}
{"level":"info","message":{"ip":"::1","method":"GET","timestamp":"2025-08-30T07:33:46.955Z","url":"/api/team/all"},"timestamp":"2025-08-30T07:33:46.955Z"}
{"level":"info","message":{"ip":"::1","method":"GET","timestamp":"2025-08-30T07:33:46.961Z","url":"/api/team/all"},"timestamp":"2025-08-30T07:33:46.961Z"}
{"level":"info","message":{"ip":"::1","method":"GET","timestamp":"2025-08-30T07:33:47.037Z","url":"/api/jobs/all"},"timestamp":"2025-08-30T07:33:47.037Z"}
{"level":"info","message":{"ip":"::1","method":"GET","timestamp":"2025-08-30T07:33:47.042Z","url":"/api/students/all"},"timestamp":"2025-08-30T07:33:47.042Z"}
{"level":"info","message":{"ip":"::1","method":"GET","timestamp":"2025-08-30T07:33:47.113Z","url":"/api/institutes/all-institutes"},"timestamp":"2025-08-30T07:33:47.113Z"}
{"level":"info","message":{"ip":"::1","method":"GET","timestamp":"2025-08-30T07:33:47.122Z","url":"/api/feedback/reviews"},"timestamp":"2025-08-30T07:33:47.122Z"}
{"level":"info","message":{"ip":"::1","method":"GET","timestamp":"2025-08-30T07:34:33.909Z","url":"/api/institutes/all-institutes"},"timestamp":"2025-08-30T07:34:33.909Z"}
{"level":"info","message":{"ip":"::1","method":"GET","timestamp":"2025-08-30T07:34:33.929Z","url":"/api/students/all"},"timestamp":"2025-08-30T07:34:33.929Z"}
{"level":"info","message":{"ip":"::1","method":"GET","timestamp":"2025-08-30T07:34:33.934Z","url":"/api/jobs/all"},"timestamp":"2025-08-30T07:34:33.934Z"}
{"level":"info","message":{"ip":"::1","method":"GET","timestamp":"2025-08-30T07:34:33.942Z","url":"/api/feedback/reviews"},"timestamp":"2025-08-30T07:34:33.942Z"}
{"level":"info","message":{"ip":"::1","method":"GET","timestamp":"2025-08-30T07:34:33.944Z","url":"/api/team/all"},"timestamp":"2025-08-30T07:34:33.944Z"}
{"level":"info","message":{"ip":"::1","method":"GET","timestamp":"2025-08-30T07:34:33.955Z","url":"/api/team/all"},"timestamp":"2025-08-30T07:34:33.955Z"}
{"level":"info","message":{"ip":"::1","method":"GET","timestamp":"2025-08-30T07:34:34.131Z","url":"/api/jobs/all"},"timestamp":"2025-08-30T07:34:34.131Z"}
{"level":"info","message":{"ip":"::1","method":"GET","timestamp":"2025-08-30T07:34:34.150Z","url":"/api/feedback/reviews"},"timestamp":"2025-08-30T07:34:34.150Z"}
{"level":"info","message":{"ip":"::1","method":"GET","timestamp":"2025-08-30T07:34:34.189Z","url":"/api/institutes/all-institutes"},"timestamp":"2025-08-30T07:34:34.189Z"}
{"level":"info","message":{"ip":"::1","method":"GET","timestamp":"2025-08-30T07:34:34.194Z","url":"/api/students/all"},"timestamp":"2025-08-30T07:34:34.194Z"}
{"level":"info","message":{"ip":"::1","method":"GET","timestamp":"2025-08-30T07:34:42.738Z","url":"/api/institutes/all-institutes"},"timestamp":"2025-08-30T07:34:42.738Z"}
{"level":"info","message":{"ip":"::1","method":"GET","timestamp":"2025-08-30T07:34:42.741Z","url":"/api/students/all"},"timestamp":"2025-08-30T07:34:42.741Z"}
{"level":"info","message":{"ip":"::1","method":"GET","timestamp":"2025-08-30T07:34:42.754Z","url":"/api/jobs/all"},"timestamp":"2025-08-30T07:34:42.755Z"}
{"level":"info","message":{"ip":"::1","method":"GET","timestamp":"2025-08-30T07:34:42.761Z","url":"/api/team/all"},"timestamp":"2025-08-30T07:34:42.761Z"}
{"level":"info","message":{"ip":"::1","method":"GET","timestamp":"2025-08-30T07:34:42.790Z","url":"/api/feedback/reviews"},"timestamp":"2025-08-30T07:34:42.790Z"}
{"level":"info","message":{"ip":"::1","method":"GET","timestamp":"2025-08-30T07:34:42.807Z","url":"/api/team/all"},"timestamp":"2025-08-30T07:34:42.807Z"}
{"level":"info","message":{"ip":"::1","method":"GET","timestamp":"2025-08-30T07:34:42.889Z","url":"/api/students/all"},"timestamp":"2025-08-30T07:34:42.889Z"}
{"level":"info","message":{"ip":"::1","method":"GET","timestamp":"2025-08-30T07:34:42.943Z","url":"/api/jobs/all"},"timestamp":"2025-08-30T07:34:42.943Z"}
{"level":"info","message":{"ip":"::1","method":"GET","timestamp":"2025-08-30T07:34:43.050Z","url":"/api/feedback/reviews"},"timestamp":"2025-08-30T07:34:43.050Z"}
{"level":"info","message":{"ip":"::1","method":"GET","timestamp":"2025-08-30T07:34:43.088Z","url":"/api/institutes/all-institutes"},"timestamp":"2025-08-30T07:34:43.088Z"}
{"level":"info","message":{"ip":"::1","method":"GET","timestamp":"2025-08-30T07:35:17.103Z","url":"/api/institutes/all-institutes"},"timestamp":"2025-08-30T07:35:17.103Z"}
{"level":"info","message":{"ip":"::1","method":"GET","timestamp":"2025-08-30T07:35:17.105Z","url":"/api/students/all"},"timestamp":"2025-08-30T07:35:17.105Z"}
{"level":"info","message":{"ip":"::1","method":"GET","timestamp":"2025-08-30T07:35:17.109Z","url":"/api/employees/members"},"timestamp":"2025-08-30T07:35:17.109Z"}
{"level":"info","message":{"ip":"::1","method":"GET","timestamp":"2025-08-30T07:35:17.120Z","url":"/api/jobs/all"},"timestamp":"2025-08-30T07:35:17.120Z"}
{"level":"info","message":{"ip":"::1","method":"GET","timestamp":"2025-08-30T07:35:17.122Z","url":"/api/feedback/reviews"},"timestamp":"2025-08-30T07:35:17.122Z"}
{"level":"info","message":{"ip":"::1","method":"GET","timestamp":"2025-08-30T07:35:17.285Z","url":"/api/students/all"},"timestamp":"2025-08-30T07:35:17.285Z"}
{"level":"info","message":{"ip":"::1","method":"GET","timestamp":"2025-08-30T07:35:17.305Z","url":"/api/jobs/all"},"timestamp":"2025-08-30T07:35:17.305Z"}
{"level":"info","message":{"ip":"::1","method":"GET","timestamp":"2025-08-30T07:35:17.355Z","url":"/api/institutes/all-institutes"},"timestamp":"2025-08-30T07:35:17.355Z"}
{"level":"info","message":{"ip":"::1","method":"GET","timestamp":"2025-08-30T07:35:17.361Z","url":"/api/employees/members"},"timestamp":"2025-08-30T07:35:17.361Z"}
{"level":"info","message":{"ip":"::1","method":"GET","timestamp":"2025-08-30T07:35:17.917Z","url":"/api/feedback/reviews"},"timestamp":"2025-08-30T07:35:17.917Z"}
{"level":"info","message":{"ip":"::1","method":"GET","timestamp":"2025-08-30T07:36:17.290Z","url":"/api/institutes/all-institutes"},"timestamp":"2025-08-30T07:36:17.290Z"}
{"level":"info","message":{"ip":"::1","method":"GET","timestamp":"2025-08-30T07:36:17.292Z","url":"/api/students/all"},"timestamp":"2025-08-30T07:36:17.292Z"}
{"level":"info","message":{"ip":"::1","method":"GET","timestamp":"2025-08-30T07:36:17.293Z","url":"/api/jobs/all"},"timestamp":"2025-08-30T07:36:17.293Z"}
{"level":"info","message":{"ip":"::1","method":"GET","timestamp":"2025-08-30T07:36:17.295Z","url":"/api/feedback/reviews"},"timestamp":"2025-08-30T07:36:17.295Z"}
{"level":"info","message":{"ip":"::1","method":"GET","timestamp":"2025-08-30T07:36:17.296Z","url":"/api/employees/members"},"timestamp":"2025-08-30T07:36:17.296Z"}
{"level":"info","message":{"ip":"::1","method":"GET","timestamp":"2025-08-30T07:36:17.460Z","url":"/api/jobs/all"},"timestamp":"2025-08-30T07:36:17.460Z"}
{"level":"info","message":{"ip":"::1","method":"GET","timestamp":"2025-08-30T07:36:17.464Z","url":"/api/students/all"},"timestamp":"2025-08-30T07:36:17.464Z"}
{"level":"info","message":{"ip":"::1","method":"GET","timestamp":"2025-08-30T07:36:17.466Z","url":"/api/feedback/reviews"},"timestamp":"2025-08-30T07:36:17.466Z"}
{"level":"info","message":{"ip":"::1","method":"GET","timestamp":"2025-08-30T07:36:17.568Z","url":"/api/employees/members"},"timestamp":"2025-08-30T07:36:17.568Z"}
{"level":"info","message":{"ip":"::1","method":"GET","timestamp":"2025-08-30T07:36:17.638Z","url":"/api/institutes/all-institutes"},"timestamp":"2025-08-30T07:36:17.638Z"}
{"level":"info","message":{"ip":"::1","method":"GET","timestamp":"2025-08-30T07:37:04.732Z","url":"/api/institutes/all-institutes"},"timestamp":"2025-08-30T07:37:04.732Z"}
{"level":"info","message":{"ip":"::1","method":"GET","timestamp":"2025-08-30T07:37:04.749Z","url":"/api/students/all"},"timestamp":"2025-08-30T07:37:04.749Z"}
{"level":"info","message":{"ip":"::1","method":"GET","timestamp":"2025-08-30T07:37:04.751Z","url":"/api/jobs/all"},"timestamp":"2025-08-30T07:37:04.751Z"}
{"level":"info","message":{"ip":"::1","method":"GET","timestamp":"2025-08-30T07:37:04.753Z","url":"/api/feedback/reviews"},"timestamp":"2025-08-30T07:37:04.753Z"}
{"level":"info","message":{"ip":"::1","method":"GET","timestamp":"2025-08-30T07:37:04.755Z","url":"/api/employees/members"},"timestamp":"2025-08-30T07:37:04.755Z"}
{"level":"info","message":{"ip":"::1","method":"GET","timestamp":"2025-08-30T07:37:04.918Z","url":"/api/jobs/all"},"timestamp":"2025-08-30T07:37:04.918Z"}
{"level":"info","message":{"ip":"::1","method":"GET","timestamp":"2025-08-30T07:37:04.920Z","url":"/api/feedback/reviews"},"timestamp":"2025-08-30T07:37:04.920Z"}
{"level":"info","message":{"ip":"::1","method":"GET","timestamp":"2025-08-30T07:37:04.929Z","url":"/api/students/all"},"timestamp":"2025-08-30T07:37:04.929Z"}
{"level":"info","message":{"ip":"::1","method":"GET","timestamp":"2025-08-30T07:37:04.992Z","url":"/api/institutes/all-institutes"},"timestamp":"2025-08-30T07:37:04.992Z"}
{"level":"info","message":{"ip":"::1","method":"GET","timestamp":"2025-08-30T07:37:05.012Z","url":"/api/employees/members"},"timestamp":"2025-08-30T07:37:05.012Z"}
{"level":"info","message":{"ip":"::1","method":"GET","timestamp":"2025-08-30T07:38:36.045Z","url":"/api/institutes/all-institutes"},"timestamp":"2025-08-30T07:38:36.045Z"}
{"level":"info","message":{"ip":"::1","method":"GET","timestamp":"2025-08-30T07:38:36.050Z","url":"/api/students/all"},"timestamp":"2025-08-30T07:38:36.050Z"}
{"level":"info","message":{"ip":"::1","method":"GET","timestamp":"2025-08-30T07:38:36.053Z","url":"/api/jobs/all"},"timestamp":"2025-08-30T07:38:36.053Z"}
{"level":"info","message":{"ip":"::1","method":"GET","timestamp":"2025-08-30T07:38:36.054Z","url":"/api/feedback/reviews"},"timestamp":"2025-08-30T07:38:36.054Z"}
{"level":"info","message":{"ip":"::1","method":"GET","timestamp":"2025-08-30T07:38:36.055Z","url":"/api/employees/members"},"timestamp":"2025-08-30T07:38:36.056Z"}
{"level":"info","message":{"ip":"::1","method":"GET","timestamp":"2025-08-30T07:38:36.333Z","url":"/api/students/all"},"timestamp":"2025-08-30T07:38:36.333Z"}
{"level":"info","message":{"ip":"::1","method":"GET","timestamp":"2025-08-30T07:38:36.960Z","url":"/api/feedback/reviews"},"timestamp":"2025-08-30T07:38:36.960Z"}
{"level":"info","message":{"ip":"::1","method":"GET","timestamp":"2025-08-30T07:38:36.983Z","url":"/api/jobs/all"},"timestamp":"2025-08-30T07:38:36.983Z"}
{"level":"info","message":{"ip":"::1","method":"GET","timestamp":"2025-08-30T07:38:37.000Z","url":"/api/employees/members"},"timestamp":"2025-08-30T07:38:37.000Z"}
{"level":"info","message":{"ip":"::1","method":"GET","timestamp":"2025-08-30T07:38:37.028Z","url":"/api/institutes/all-institutes"},"timestamp":"2025-08-30T07:38:37.028Z"}
{"level":"info","message":{"ip":"::1","method":"GET","timestamp":"2025-08-30T07:39:49.294Z","url":"/api/students/all"},"timestamp":"2025-08-30T07:39:49.294Z"}
{"level":"info","message":{"ip":"::1","method":"GET","timestamp":"2025-08-30T07:40:17.720Z","url":"/api/institutes/all-institutes"},"timestamp":"2025-08-30T07:40:17.720Z"}
{"level":"info","message":{"ip":"::1","method":"GET","timestamp":"2025-08-30T07:40:17.726Z","url":"/api/students/all"},"timestamp":"2025-08-30T07:40:17.726Z"}
{"level":"info","message":{"ip":"::1","method":"GET","timestamp":"2025-08-30T07:40:17.774Z","url":"/api/jobs/all"},"timestamp":"2025-08-30T07:40:17.774Z"}
{"level":"info","message":{"ip":"::1","method":"GET","timestamp":"2025-08-30T07:40:17.778Z","url":"/api/feedback/reviews"},"timestamp":"2025-08-30T07:40:17.778Z"}
{"level":"info","message":{"ip":"::1","method":"GET","timestamp":"2025-08-30T07:40:17.783Z","url":"/api/employees/members"},"timestamp":"2025-08-30T07:40:17.783Z"}
{"level":"info","message":{"ip":"::1","method":"GET","timestamp":"2025-08-30T07:40:17.953Z","url":"/api/feedback/reviews"},"timestamp":"2025-08-30T07:40:17.953Z"}
{"level":"info","message":{"ip":"::1","method":"GET","timestamp":"2025-08-30T07:40:17.957Z","url":"/api/jobs/all"},"timestamp":"2025-08-30T07:40:17.957Z"}
{"level":"info","message":{"ip":"::1","method":"GET","timestamp":"2025-08-30T07:40:17.985Z","url":"/api/institutes/all-institutes"},"timestamp":"2025-08-30T07:40:17.985Z"}
{"level":"info","message":{"ip":"::1","method":"GET","timestamp":"2025-08-30T07:40:18.001Z","url":"/api/students/all"},"timestamp":"2025-08-30T07:40:18.001Z"}
{"level":"info","message":{"ip":"::1","method":"GET","timestamp":"2025-08-30T07:40:18.651Z","url":"/api/employees/members"},"timestamp":"2025-08-30T07:40:18.651Z"}
{"level":"info","message":{"ip":"::1","method":"GET","timestamp":"2025-08-30T07:40:50.148Z","url":"/api/institutes/all-institutes"},"timestamp":"2025-08-30T07:40:50.148Z"}
{"level":"info","message":{"ip":"::1","method":"GET","timestamp":"2025-08-30T07:40:50.152Z","url":"/api/students/all"},"timestamp":"2025-08-30T07:40:50.152Z"}
{"level":"info","message":{"ip":"::1","method":"GET","timestamp":"2025-08-30T07:40:50.154Z","url":"/api/jobs/all"},"timestamp":"2025-08-30T07:40:50.154Z"}
{"level":"info","message":{"ip":"::1","method":"GET","timestamp":"2025-08-30T07:40:50.160Z","url":"/api/feedback/reviews"},"timestamp":"2025-08-30T07:40:50.160Z"}
{"level":"info","message":{"ip":"::1","method":"GET","timestamp":"2025-08-30T07:40:50.163Z","url":"/api/employees/members"},"timestamp":"2025-08-30T07:40:50.163Z"}
{"level":"info","message":{"ip":"::1","method":"GET","timestamp":"2025-08-30T07:40:50.331Z","url":"/api/jobs/all"},"timestamp":"2025-08-30T07:40:50.331Z"}
{"level":"info","message":{"ip":"::1","method":"GET","timestamp":"2025-08-30T07:40:50.401Z","url":"/api/students/all"},"timestamp":"2025-08-30T07:40:50.401Z"}
{"level":"info","message":{"ip":"::1","method":"GET","timestamp":"2025-08-30T07:40:50.416Z","url":"/api/employees/members"},"timestamp":"2025-08-30T07:40:50.416Z"}
{"level":"info","message":{"ip":"::1","method":"GET","timestamp":"2025-08-30T07:40:50.426Z","url":"/api/feedback/reviews"},"timestamp":"2025-08-30T07:40:50.426Z"}
{"level":"info","message":{"ip":"::1","method":"GET","timestamp":"2025-08-30T07:40:50.547Z","url":"/api/institutes/all-institutes"},"timestamp":"2025-08-30T07:40:50.547Z"}
{"level":"info","message":{"ip":"::1","method":"GET","timestamp":"2025-08-30T08:18:04.290Z","url":"/api/jobs/all"},"timestamp":"2025-08-30T08:18:04.292Z"}
{"level":"info","message":{"ip":"::1","method":"GET","timestamp":"2025-08-30T08:18:04.316Z","url":"/api/jobs/all"},"timestamp":"2025-08-30T08:18:04.316Z"}
{"level":"info","message":{"ip":"::1","method":"GET","timestamp":"2025-08-30T08:18:06.348Z","url":"/api/jobs/all"},"timestamp":"2025-08-30T08:18:06.348Z"}
{"level":"info","message":{"ip":"::1","method":"GET","timestamp":"2025-08-30T08:18:06.358Z","url":"/api/jobs/all"},"timestamp":"2025-08-30T08:18:06.358Z"}
{"level":"info","message":{"ip":"::1","method":"GET","timestamp":"2025-08-30T08:18:09.662Z","url":"/api/jobs/jobid/JOB002"},"timestamp":"2025-08-30T08:18:09.662Z"}
{"level":"info","message":{"ip":"::1","method":"GET","timestamp":"2025-08-30T08:18:09.681Z","url":"/api/institutes/all-institutes"},"timestamp":"2025-08-30T08:18:09.681Z"}
{"level":"info","message":{"ip":"::1","method":"GET","timestamp":"2025-08-30T08:18:09.706Z","url":"/api/jobs/all"},"timestamp":"2025-08-30T08:18:09.706Z"}
{"level":"info","message":{"ip":"::1","method":"GET","timestamp":"2025-08-30T08:18:09.718Z","url":"/api/students/all"},"timestamp":"2025-08-30T08:18:09.718Z"}
{"level":"info","message":{"ip":"::1","method":"GET","timestamp":"2025-08-30T08:18:09.729Z","url":"/api/feedback/reviews"},"timestamp":"2025-08-30T08:18:09.729Z"}
{"level":"info","message":{"ip":"::1","method":"GET","timestamp":"2025-08-30T08:18:09.741Z","url":"/api/employees/members"},"timestamp":"2025-08-30T08:18:09.741Z"}
{"level":"info","message":{"ip":"::1","method":"GET","timestamp":"2025-08-30T08:18:09.862Z","url":"/api/jobs/jobid/JOB002"},"timestamp":"2025-08-30T08:18:09.863Z"}
{"level":"info","message":{"ip":"::1","method":"GET","timestamp":"2025-08-30T08:18:09.979Z","url":"/api/institutes/all-institutes"},"timestamp":"2025-08-30T08:18:09.980Z"}
{"level":"info","message":{"ip":"::1","method":"GET","timestamp":"2025-08-30T08:18:10.493Z","url":"/api/jobs/all"},"timestamp":"2025-08-30T08:18:10.493Z"}
{"level":"info","message":{"ip":"::1","method":"GET","timestamp":"2025-08-30T08:18:10.503Z","url":"/api/students/all"},"timestamp":"2025-08-30T08:18:10.503Z"}
{"level":"info","message":{"ip":"::1","method":"GET","timestamp":"2025-08-30T08:18:10.527Z","url":"/api/employees/members"},"timestamp":"2025-08-30T08:18:10.527Z"}
{"level":"info","message":{"ip":"::1","method":"GET","timestamp":"2025-08-30T08:18:10.557Z","url":"/api/feedback/reviews"},"timestamp":"2025-08-30T08:18:10.557Z"}
{"level":"info","message":{"ip":"::1","method":"PUT","timestamp":"2025-08-30T08:18:16.984Z","url":"/api/jobs/id/JOB002"},"timestamp":"2025-08-30T08:18:16.984Z"}
{"level":"info","message":{"ip":"::1","method":"PUT","timestamp":"2025-08-30T08:19:54.487Z","url":"/api/jobs/jobid/JOB002"},"timestamp":"2025-08-30T08:19:54.488Z"}
{"level":"info","message":{"ip":"::1","method":"GET","timestamp":"2025-08-30T08:19:54.882Z","url":"/api/jobs/all"},"timestamp":"2025-08-30T08:19:54.882Z"}
{"level":"info","message":{"ip":"::1","method":"GET","timestamp":"2025-08-30T08:19:54.920Z","url":"/api/jobs/all"},"timestamp":"2025-08-30T08:19:54.920Z"}
{"level":"info","message":{"ip":"::1","method":"GET","timestamp":"2025-08-30T08:19:58.577Z","url":"/api/jobs/jobid/JOB002"},"timestamp":"2025-08-30T08:19:58.577Z"}
{"level":"info","message":{"ip":"::1","method":"GET","timestamp":"2025-08-30T08:19:58.581Z","url":"/api/institutes/all-institutes"},"timestamp":"2025-08-30T08:19:58.581Z"}
{"level":"info","message":{"ip":"::1","method":"GET","timestamp":"2025-08-30T08:19:58.625Z","url":"/api/students/all"},"timestamp":"2025-08-30T08:19:58.625Z"}
{"level":"info","message":{"ip":"::1","method":"GET","timestamp":"2025-08-30T08:19:58.631Z","url":"/api/jobs/all"},"timestamp":"2025-08-30T08:19:58.631Z"}
{"level":"info","message":{"ip":"::1","method":"GET","timestamp":"2025-08-30T08:19:58.636Z","url":"/api/feedback/reviews"},"timestamp":"2025-08-30T08:19:58.636Z"}
{"level":"info","message":{"ip":"::1","method":"GET","timestamp":"2025-08-30T08:19:58.643Z","url":"/api/employees/members"},"timestamp":"2025-08-30T08:19:58.643Z"}
{"level":"info","message":{"ip":"::1","method":"GET","timestamp":"2025-08-30T08:19:58.760Z","url":"/api/jobs/jobid/JOB002"},"timestamp":"2025-08-30T08:19:58.760Z"}
{"level":"info","message":{"ip":"::1","method":"GET","timestamp":"2025-08-30T08:19:58.857Z","url":"/api/institutes/all-institutes"},"timestamp":"2025-08-30T08:19:58.857Z"}
{"level":"info","message":{"ip":"::1","method":"GET","timestamp":"2025-08-30T08:19:58.896Z","url":"/api/jobs/all"},"timestamp":"2025-08-30T08:19:58.896Z"}
{"level":"info","message":{"ip":"::1","method":"GET","timestamp":"2025-08-30T08:19:58.901Z","url":"/api/students/all"},"timestamp":"2025-08-30T08:19:58.901Z"}
{"level":"info","message":{"ip":"::1","method":"GET","timestamp":"2025-08-30T08:19:58.930Z","url":"/api/feedback/reviews"},"timestamp":"2025-08-30T08:19:58.930Z"}
{"level":"info","message":{"ip":"::1","method":"GET","timestamp":"2025-08-30T08:19:58.935Z","url":"/api/employees/members"},"timestamp":"2025-08-30T08:19:58.935Z"}
{"level":"info","message":{"ip":"::1","method":"PUT","timestamp":"2025-08-30T08:20:02.836Z","url":"/api/jobs/jobid/JOB002"},"timestamp":"2025-08-30T08:20:02.837Z"}
{"level":"info","message":{"ip":"::1","method":"GET","timestamp":"2025-08-30T08:20:03.106Z","url":"/api/jobs/all"},"timestamp":"2025-08-30T08:20:03.106Z"}
{"level":"info","message":{"ip":"::1","method":"GET","timestamp":"2025-08-30T08:20:03.111Z","url":"/api/jobs/all"},"timestamp":"2025-08-30T08:20:03.111Z"}
{"level":"info","message":{"ip":"::1","method":"GET","timestamp":"2025-08-30T08:20:08.734Z","url":"/api/jobs/all"},"timestamp":"2025-08-30T08:20:08.734Z"}
{"level":"info","message":{"ip":"::1","method":"GET","timestamp":"2025-08-30T08:20:08.737Z","url":"/api/jobs/all"},"timestamp":"2025-08-30T08:20:08.737Z"}
{"level":"info","message":{"ip":"::1","method":"GET","timestamp":"2025-08-30T08:20:29.742Z","url":"/api/institutes/all-institutes"},"timestamp":"2025-08-30T08:20:29.745Z"}
{"level":"info","message":{"ip":"::1","method":"GET","timestamp":"2025-08-30T08:20:29.755Z","url":"/api/students/all"},"timestamp":"2025-08-30T08:20:29.755Z"}
{"level":"info","message":{"ip":"::1","method":"GET","timestamp":"2025-08-30T08:20:29.758Z","url":"/api/jobs/all"},"timestamp":"2025-08-30T08:20:29.758Z"}
{"level":"info","message":{"ip":"::1","method":"GET","timestamp":"2025-08-30T08:20:29.761Z","url":"/api/feedback/reviews"},"timestamp":"2025-08-30T08:20:29.761Z"}
{"level":"info","message":{"ip":"::1","method":"GET","timestamp":"2025-08-30T08:20:29.766Z","url":"/api/employees/members"},"timestamp":"2025-08-30T08:20:29.766Z"}
{"level":"info","message":{"ip":"::1","method":"GET","timestamp":"2025-08-30T08:20:30.973Z","url":"/api/jobs/all"},"timestamp":"2025-08-30T08:20:30.973Z"}
{"level":"info","message":{"ip":"::1","method":"GET","timestamp":"2025-08-30T08:20:31.564Z","url":"/api/employees/members"},"timestamp":"2025-08-30T08:20:31.564Z"}
{"level":"info","message":{"ip":"::1","method":"GET","timestamp":"2025-08-30T08:20:31.607Z","url":"/api/feedback/reviews"},"timestamp":"2025-08-30T08:20:31.607Z"}
{"level":"info","message":{"ip":"::1","method":"GET","timestamp":"2025-08-30T08:20:31.619Z","url":"/api/institutes/all-institutes"},"timestamp":"2025-08-30T08:20:31.619Z"}
{"level":"info","message":{"ip":"::1","method":"GET","timestamp":"2025-08-30T08:20:31.684Z","url":"/api/students/all"},"timestamp":"2025-08-30T08:20:31.684Z"}
{"level":"info","message":{"ip":"::1","method":"POST","timestamp":"2025-08-30T08:20:46.457Z","url":"/api/jobs/"},"timestamp":"2025-08-30T08:20:46.457Z"}
{"level":"info","message":{"ip":"::1","method":"GET","timestamp":"2025-08-30T08:20:46.721Z","url":"/api/jobs/all"},"timestamp":"2025-08-30T08:20:46.721Z"}
{"level":"info","message":{"ip":"::1","method":"GET","timestamp":"2025-08-30T08:20:46.727Z","url":"/api/jobs/all"},"timestamp":"2025-08-30T08:20:46.727Z"}
{"level":"info","message":{"ip":"::1","method":"GET","timestamp":"2025-08-30T08:21:04.394Z","url":"/api/jobs/all"},"timestamp":"2025-08-30T08:21:04.394Z"}
{"level":"info","message":{"ip":"::1","method":"GET","timestamp":"2025-08-30T08:21:04.398Z","url":"/api/jobs/all"},"timestamp":"2025-08-30T08:21:04.398Z"}
{"level":"info","message":{"ip":"::1","method":"GET","timestamp":"2025-08-30T08:21:06.803Z","url":"/api/institutes/all-institutes"},"timestamp":"2025-08-30T08:21:06.803Z"}
{"level":"info","message":{"ip":"::1","method":"GET","timestamp":"2025-08-30T08:21:06.811Z","url":"/api/students/all"},"timestamp":"2025-08-30T08:21:06.811Z"}
{"level":"info","message":{"ip":"::1","method":"GET","timestamp":"2025-08-30T08:21:06.817Z","url":"/api/jobs/all"},"timestamp":"2025-08-30T08:21:06.817Z"}
{"level":"info","message":{"ip":"::1","method":"GET","timestamp":"2025-08-30T08:21:06.821Z","url":"/api/feedback/reviews"},"timestamp":"2025-08-30T08:21:06.821Z"}
{"level":"info","message":{"ip":"::1","method":"GET","timestamp":"2025-08-30T08:21:06.824Z","url":"/api/employees/members"},"timestamp":"2025-08-30T08:21:06.824Z"}
{"level":"info","message":{"ip":"::1","method":"GET","timestamp":"2025-08-30T08:21:06.850Z","url":"/api/jobs/id/0bc25a14-bd2d-4781-afbc-08e919ab6129"},"timestamp":"2025-08-30T08:21:06.850Z"}
{"level":"info","message":{"ip":"::1","method":"GET","timestamp":"2025-08-30T08:21:06.979Z","url":"/api/students/all"},"timestamp":"2025-08-30T08:21:06.979Z"}
{"level":"info","message":{"ip":"::1","method":"GET","timestamp":"2025-08-30T08:21:07.080Z","url":"/api/feedback/reviews"},"timestamp":"2025-08-30T08:21:07.080Z"}
{"level":"info","message":{"ip":"::1","method":"GET","timestamp":"2025-08-30T08:21:07.085Z","url":"/api/jobs/all"},"timestamp":"2025-08-30T08:21:07.085Z"}
{"level":"info","message":{"ip":"::1","method":"GET","timestamp":"2025-08-30T08:21:07.103Z","url":"/api/employees/members"},"timestamp":"2025-08-30T08:21:07.103Z"}
{"level":"info","message":{"ip":"::1","method":"GET","timestamp":"2025-08-30T08:21:07.125Z","url":"/api/institutes/all-institutes"},"timestamp":"2025-08-30T08:21:07.125Z"}
{"level":"info","message":{"ip":"::1","method":"GET","timestamp":"2025-08-30T08:21:07.728Z","url":"/api/jobs/id/0bc25a14-bd2d-4781-afbc-08e919ab6129"},"timestamp":"2025-08-30T08:21:07.728Z"}
{"level":"info","message":{"ip":"::1","method":"GET","timestamp":"2025-08-30T08:21:09.978Z","url":"/api/jobs/all"},"timestamp":"2025-08-30T08:21:09.978Z"}
{"level":"info","message":{"ip":"::1","method":"GET","timestamp":"2025-08-30T08:21:09.999Z","url":"/api/jobs/all"},"timestamp":"2025-08-30T08:21:09.999Z"}
{"level":"info","message":{"ip":"::1","method":"GET","timestamp":"2025-08-30T08:21:11.690Z","url":"/api/institutes/all-institutes"},"timestamp":"2025-08-30T08:21:11.690Z"}
{"level":"info","message":{"ip":"::1","method":"GET","timestamp":"2025-08-30T08:21:11.971Z","url":"/api/students/all"},"timestamp":"2025-08-30T08:21:11.971Z"}
{"level":"info","message":{"ip":"::1","method":"GET","timestamp":"2025-08-30T08:21:12.329Z","url":"/api/jobs/all"},"timestamp":"2025-08-30T08:21:12.329Z"}
{"level":"info","message":{"ip":"::1","method":"GET","timestamp":"2025-08-30T08:21:12.463Z","url":"/api/feedback/reviews"},"timestamp":"2025-08-30T08:21:12.463Z"}
{"level":"info","message":{"ip":"::1","method":"GET","timestamp":"2025-08-30T08:21:12.510Z","url":"/api/employees/members"},"timestamp":"2025-08-30T08:21:12.510Z"}
{"level":"info","message":{"ip":"::1","method":"GET","timestamp":"2025-08-30T08:21:13.251Z","url":"/api/institutes/all-institutes"},"timestamp":"2025-08-30T08:21:13.251Z"}
{"level":"info","message":{"ip":"::1","method":"GET","timestamp":"2025-08-30T08:21:13.366Z","url":"/api/jobs/all"},"timestamp":"2025-08-30T08:21:13.366Z"}
{"level":"info","message":{"ip":"::1","method":"GET","timestamp":"2025-08-30T08:21:13.622Z","url":"/api/students/all"},"timestamp":"2025-08-30T08:21:13.622Z"}
{"level":"info","message":{"ip":"::1","method":"GET","timestamp":"2025-08-30T08:21:13.642Z","url":"/api/feedback/reviews"},"timestamp":"2025-08-30T08:21:13.642Z"}
{"level":"info","message":{"ip":"::1","method":"GET","timestamp":"2025-08-30T08:21:13.654Z","url":"/api/employees/members"},"timestamp":"2025-08-30T08:21:13.654Z"}
{"level":"info","message":{"ip":"::1","method":"GET","timestamp":"2025-08-30T08:21:17.378Z","url":"/api/jobs/all"},"timestamp":"2025-08-30T08:21:17.378Z"}
{"level":"info","message":{"ip":"::1","method":"GET","timestamp":"2025-08-30T08:21:17.384Z","url":"/api/jobs/all"},"timestamp":"2025-08-30T08:21:17.384Z"}
{"level":"info","message":{"ip":"::1","method":"GET","timestamp":"2025-08-30T08:21:19.923Z","url":"/api/jobs/jobid/JOB002"},"timestamp":"2025-08-30T08:21:19.923Z"}
{"level":"info","message":{"ip":"::1","method":"GET","timestamp":"2025-08-30T08:21:19.958Z","url":"/api/institutes/all-institutes"},"timestamp":"2025-08-30T08:21:19.958Z"}
{"level":"info","message":{"ip":"::1","method":"GET","timestamp":"2025-08-30T08:21:19.970Z","url":"/api/students/all"},"timestamp":"2025-08-30T08:21:19.970Z"}
{"level":"info","message":{"ip":"::1","method":"GET","timestamp":"2025-08-30T08:21:19.975Z","url":"/api/jobs/all"},"timestamp":"2025-08-30T08:21:19.975Z"}
{"level":"info","message":{"ip":"::1","method":"GET","timestamp":"2025-08-30T08:21:19.977Z","url":"/api/feedback/reviews"},"timestamp":"2025-08-30T08:21:19.977Z"}
{"level":"info","message":{"ip":"::1","method":"GET","timestamp":"2025-08-30T08:21:19.981Z","url":"/api/employees/members"},"timestamp":"2025-08-30T08:21:19.981Z"}
{"level":"info","message":{"ip":"::1","method":"GET","timestamp":"2025-08-30T08:21:20.070Z","url":"/api/jobs/all"},"timestamp":"2025-08-30T08:21:20.070Z"}
{"level":"info","message":{"ip":"::1","method":"GET","timestamp":"2025-08-30T08:21:20.074Z","url":"/api/feedback/reviews"},"timestamp":"2025-08-30T08:21:20.074Z"}
{"level":"info","message":{"ip":"::1","method":"GET","timestamp":"2025-08-30T08:21:20.141Z","url":"/api/institutes/all-institutes"},"timestamp":"2025-08-30T08:21:20.142Z"}
{"level":"info","message":{"ip":"::1","method":"GET","timestamp":"2025-08-30T08:21:20.150Z","url":"/api/students/all"},"timestamp":"2025-08-30T08:21:20.150Z"}
{"level":"info","message":{"ip":"::1","method":"GET","timestamp":"2025-08-30T08:21:20.232Z","url":"/api/jobs/jobid/JOB002"},"timestamp":"2025-08-30T08:21:20.232Z"}
{"level":"info","message":{"ip":"::1","method":"GET","timestamp":"2025-08-30T08:21:20.243Z","url":"/api/employees/members"},"timestamp":"2025-08-30T08:21:20.243Z"}
{"level":"info","message":{"ip":"::1","method":"GET","timestamp":"2025-08-30T08:22:24.915Z","url":"/api/institutes/all-institutes"},"timestamp":"2025-08-30T08:22:24.915Z"}
{"level":"info","message":{"ip":"::1","method":"GET","timestamp":"2025-08-30T08:22:24.919Z","url":"/api/students/all"},"timestamp":"2025-08-30T08:22:24.919Z"}
{"level":"info","message":{"ip":"::1","method":"GET","timestamp":"2025-08-30T08:22:24.923Z","url":"/api/jobs/all"},"timestamp":"2025-08-30T08:22:24.923Z"}
{"level":"info","message":{"ip":"::1","method":"GET","timestamp":"2025-08-30T08:22:24.925Z","url":"/api/feedback/reviews"},"timestamp":"2025-08-30T08:22:24.925Z"}
{"level":"info","message":{"ip":"::1","method":"GET","timestamp":"2025-08-30T08:22:24.927Z","url":"/api/employees/members"},"timestamp":"2025-08-30T08:22:24.927Z"}
{"level":"info","message":{"ip":"::1","method":"GET","timestamp":"2025-08-30T08:22:24.930Z","url":"/api/jobs/jobid/JOB002"},"timestamp":"2025-08-30T08:22:24.930Z"}
{"level":"info","message":{"ip":"::1","method":"GET","timestamp":"2025-08-30T08:22:25.091Z","url":"/api/jobs/all"},"timestamp":"2025-08-30T08:22:25.091Z"}
{"level":"info","message":{"ip":"::1","method":"GET","timestamp":"2025-08-30T08:22:25.094Z","url":"/api/students/all"},"timestamp":"2025-08-30T08:22:25.094Z"}
{"level":"info","message":{"ip":"::1","method":"GET","timestamp":"2025-08-30T08:22:25.137Z","url":"/api/employees/members"},"timestamp":"2025-08-30T08:22:25.137Z"}
{"level":"info","message":{"ip":"::1","method":"GET","timestamp":"2025-08-30T08:22:25.144Z","url":"/api/feedback/reviews"},"timestamp":"2025-08-30T08:22:25.144Z"}
{"level":"info","message":{"ip":"::1","method":"GET","timestamp":"2025-08-30T08:22:25.184Z","url":"/api/institutes/all-institutes"},"timestamp":"2025-08-30T08:22:25.184Z"}
{"level":"info","message":{"ip":"::1","method":"GET","timestamp":"2025-08-30T08:22:25.232Z","url":"/api/jobs/jobid/JOB002"},"timestamp":"2025-08-30T08:22:25.232Z"}
{"level":"info","message":{"ip":"::1","method":"PUT","timestamp":"2025-08-30T08:22:32.007Z","url":"/api/jobs/jobid/JOB002"},"timestamp":"2025-08-30T08:22:32.008Z"}
{"level":"info","message":{"ip":"::1","method":"GET","timestamp":"2025-08-30T08:22:32.307Z","url":"/api/jobs/all"},"timestamp":"2025-08-30T08:22:32.307Z"}
{"level":"info","message":{"ip":"::1","method":"GET","timestamp":"2025-08-30T08:22:32.310Z","url":"/api/jobs/all"},"timestamp":"2025-08-30T08:22:32.310Z"}
{"level":"info","message":{"ip":"::1","method":"GET","timestamp":"2025-08-30T08:23:29.210Z","url":"/api/jobs/all"},"timestamp":"2025-08-30T08:23:29.210Z"}
{"level":"info","message":{"ip":"::1","method":"GET","timestamp":"2025-08-30T08:23:29.227Z","url":"/api/jobs/all"},"timestamp":"2025-08-30T08:23:29.227Z"}
{"level":"info","message":{"ip":"::1","method":"GET","timestamp":"2025-08-30T08:23:32.136Z","url":"/api/institutes/all-institutes"},"timestamp":"2025-08-30T08:23:32.136Z"}
{"level":"info","message":{"ip":"::1","method":"GET","timestamp":"2025-08-30T08:23:32.139Z","url":"/api/students/all"},"timestamp":"2025-08-30T08:23:32.139Z"}
{"level":"info","message":{"ip":"::1","method":"GET","timestamp":"2025-08-30T08:23:32.142Z","url":"/api/jobs/all"},"timestamp":"2025-08-30T08:23:32.142Z"}
{"level":"info","message":{"ip":"::1","method":"GET","timestamp":"2025-08-30T08:23:32.150Z","url":"/api/jobs/jobid/JOB003"},"timestamp":"2025-08-30T08:23:32.150Z"}
{"level":"info","message":{"ip":"::1","method":"GET","timestamp":"2025-08-30T08:23:32.154Z","url":"/api/feedback/reviews"},"timestamp":"2025-08-30T08:23:32.154Z"}
{"level":"info","message":{"ip":"::1","method":"GET","timestamp":"2025-08-30T08:23:32.164Z","url":"/api/employees/members"},"timestamp":"2025-08-30T08:23:32.165Z"}
{"level":"info","message":{"ip":"::1","method":"GET","timestamp":"2025-08-30T08:23:32.234Z","url":"/api/students/all"},"timestamp":"2025-08-30T08:23:32.234Z"}
{"level":"info","message":{"ip":"::1","method":"GET","timestamp":"2025-08-30T08:23:32.315Z","url":"/api/institutes/all-institutes"},"timestamp":"2025-08-30T08:23:32.315Z"}
{"level":"info","message":{"ip":"::1","method":"GET","timestamp":"2025-08-30T08:23:32.349Z","url":"/api/feedback/reviews"},"timestamp":"2025-08-30T08:23:32.349Z"}
{"level":"info","message":{"ip":"::1","method":"GET","timestamp":"2025-08-30T08:23:32.354Z","url":"/api/jobs/jobid/JOB003"},"timestamp":"2025-08-30T08:23:32.354Z"}
{"level":"info","message":{"ip":"::1","method":"GET","timestamp":"2025-08-30T08:23:32.387Z","url":"/api/jobs/all"},"timestamp":"2025-08-30T08:23:32.387Z"}
{"level":"info","message":{"ip":"::1","method":"GET","timestamp":"2025-08-30T08:23:32.403Z","url":"/api/employees/members"},"timestamp":"2025-08-30T08:23:32.403Z"}
{"level":"info","message":{"ip":"::1","method":"PUT","timestamp":"2025-08-30T08:23:39.361Z","url":"/api/jobs/jobid/JOB003"},"timestamp":"2025-08-30T08:23:39.361Z"}
{"level":"info","message":{"ip":"::1","method":"GET","timestamp":"2025-08-30T08:23:39.559Z","url":"/api/jobs/all"},"timestamp":"2025-08-30T08:23:39.559Z"}
{"level":"info","message":{"ip":"::1","method":"GET","timestamp":"2025-08-30T08:23:39.570Z","url":"/api/jobs/all"},"timestamp":"2025-08-30T08:23:39.570Z"}
{"level":"info","message":{"ip":"::1","method":"GET","timestamp":"2025-08-30T08:24:41.298Z","url":"/api/jobs/all"},"timestamp":"2025-08-30T08:24:41.298Z"}
{"level":"info","message":{"ip":"::1","method":"GET","timestamp":"2025-08-30T08:24:41.314Z","url":"/api/jobs/all"},"timestamp":"2025-08-30T08:24:41.314Z"}
{"level":"info","message":{"ip":"::1","method":"GET","timestamp":"2025-08-30T08:24:44.805Z","url":"/api/institutes/all-institutes"},"timestamp":"2025-08-30T08:24:44.805Z"}
{"level":"info","message":{"ip":"::1","method":"GET","timestamp":"2025-08-30T08:24:44.810Z","url":"/api/students/all"},"timestamp":"2025-08-30T08:24:44.810Z"}
{"level":"info","message":{"ip":"::1","method":"GET","timestamp":"2025-08-30T08:24:44.817Z","url":"/api/jobs/all"},"timestamp":"2025-08-30T08:24:44.817Z"}
{"level":"info","message":{"ip":"::1","method":"GET","timestamp":"2025-08-30T08:24:44.845Z","url":"/api/jobs/jobid/JOB003"},"timestamp":"2025-08-30T08:24:44.845Z"}
{"level":"info","message":{"ip":"::1","method":"GET","timestamp":"2025-08-30T08:24:44.850Z","url":"/api/feedback/reviews"},"timestamp":"2025-08-30T08:24:44.850Z"}
{"level":"info","message":{"ip":"::1","method":"GET","timestamp":"2025-08-30T08:24:44.852Z","url":"/api/employees/members"},"timestamp":"2025-08-30T08:24:44.852Z"}
{"level":"info","message":{"ip":"::1","method":"GET","timestamp":"2025-08-30T08:24:44.900Z","url":"/api/students/all"},"timestamp":"2025-08-30T08:24:44.900Z"}
{"level":"info","message":{"ip":"::1","method":"GET","timestamp":"2025-08-30T08:24:44.998Z","url":"/api/institutes/all-institutes"},"timestamp":"2025-08-30T08:24:44.998Z"}
{"level":"info","message":{"ip":"::1","method":"GET","timestamp":"2025-08-30T08:24:45.011Z","url":"/api/jobs/all"},"timestamp":"2025-08-30T08:24:45.011Z"}
{"level":"info","message":{"ip":"::1","method":"GET","timestamp":"2025-08-30T08:24:45.032Z","url":"/api/feedback/reviews"},"timestamp":"2025-08-30T08:24:45.032Z"}
{"level":"info","message":{"ip":"::1","method":"GET","timestamp":"2025-08-30T08:24:45.053Z","url":"/api/employees/members"},"timestamp":"2025-08-30T08:24:45.053Z"}
{"level":"info","message":{"ip":"::1","method":"GET","timestamp":"2025-08-30T08:24:45.065Z","url":"/api/jobs/jobid/JOB003"},"timestamp":"2025-08-30T08:24:45.065Z"}
{"level":"info","message":{"ip":"::1","method":"PUT","timestamp":"2025-08-30T08:24:48.118Z","url":"/api/jobs/jobid/JOB003"},"timestamp":"2025-08-30T08:24:48.118Z"}
{"level":"info","message":{"ip":"::1","method":"GET","timestamp":"2025-08-30T08:24:48.385Z","url":"/api/jobs/all"},"timestamp":"2025-08-30T08:24:48.385Z"}
{"level":"info","message":{"ip":"::1","method":"GET","timestamp":"2025-08-30T08:24:48.390Z","url":"/api/jobs/all"},"timestamp":"2025-08-30T08:24:48.390Z"}
{"level":"info","message":{"ip":"::1","method":"GET","timestamp":"2025-08-30T08:24:51.726Z","url":"/api/institutes/all-institutes"},"timestamp":"2025-08-30T08:24:51.726Z"}
{"level":"info","message":{"ip":"::1","method":"GET","timestamp":"2025-08-30T08:24:51.748Z","url":"/api/students/all"},"timestamp":"2025-08-30T08:24:51.748Z"}
{"level":"info","message":{"ip":"::1","method":"GET","timestamp":"2025-08-30T08:24:51.787Z","url":"/api/jobs/all"},"timestamp":"2025-08-30T08:24:51.787Z"}
{"level":"info","message":{"ip":"::1","method":"GET","timestamp":"2025-08-30T08:24:51.862Z","url":"/api/feedback/reviews"},"timestamp":"2025-08-30T08:24:51.862Z"}
{"level":"info","message":{"ip":"::1","method":"GET","timestamp":"2025-08-30T08:24:51.964Z","url":"/api/employees/members"},"timestamp":"2025-08-30T08:24:51.964Z"}
{"level":"info","message":{"ip":"::1","method":"GET","timestamp":"2025-08-30T08:24:51.999Z","url":"/api/students/all"},"timestamp":"2025-08-30T08:24:51.999Z"}
{"level":"info","message":{"ip":"::1","method":"GET","timestamp":"2025-08-30T08:24:52.007Z","url":"/api/jobs/all"},"timestamp":"2025-08-30T08:24:52.007Z"}
{"level":"info","message":{"ip":"::1","method":"GET","timestamp":"2025-08-30T08:24:52.040Z","url":"/api/institutes/all-institutes"},"timestamp":"2025-08-30T08:24:52.041Z"}
{"level":"info","message":{"ip":"::1","method":"GET","timestamp":"2025-08-30T08:24:52.088Z","url":"/api/feedback/reviews"},"timestamp":"2025-08-30T08:24:52.088Z"}
{"level":"info","message":{"ip":"::1","method":"GET","timestamp":"2025-08-30T08:24:52.562Z","url":"/api/employees/members"},"timestamp":"2025-08-30T08:24:52.562Z"}
{"level":"info","message":{"ip":"::1","method":"GET","timestamp":"2025-08-30T08:25:18.648Z","url":"/api/jobs/all"},"timestamp":"2025-08-30T08:25:18.648Z"}
{"level":"info","message":{"ip":"::1","method":"GET","timestamp":"2025-08-30T08:25:18.650Z","url":"/api/jobs/all"},"timestamp":"2025-08-30T08:25:18.650Z"}
{"level":"info","message":{"ip":"::1","method":"GET","timestamp":"2025-08-30T08:25:22.827Z","url":"/api/jobs/jobid/JOB002"},"timestamp":"2025-08-30T08:25:22.827Z"}
{"level":"info","message":{"ip":"::1","method":"GET","timestamp":"2025-08-30T08:25:22.856Z","url":"/api/institutes/all-institutes"},"timestamp":"2025-08-30T08:25:22.856Z"}
{"level":"info","message":{"ip":"::1","method":"GET","timestamp":"2025-08-30T08:25:22.882Z","url":"/api/students/all"},"timestamp":"2025-08-30T08:25:22.882Z"}
{"level":"info","message":{"ip":"::1","method":"GET","timestamp":"2025-08-30T08:25:22.884Z","url":"/api/jobs/all"},"timestamp":"2025-08-30T08:25:22.884Z"}
{"level":"info","message":{"ip":"::1","method":"GET","timestamp":"2025-08-30T08:25:22.888Z","url":"/api/feedback/reviews"},"timestamp":"2025-08-30T08:25:22.888Z"}
{"level":"info","message":{"ip":"::1","method":"GET","timestamp":"2025-08-30T08:25:22.891Z","url":"/api/employees/members"},"timestamp":"2025-08-30T08:25:22.891Z"}
{"level":"info","message":{"ip":"::1","method":"GET","timestamp":"2025-08-30T08:25:22.955Z","url":"/api/jobs/jobid/JOB002"},"timestamp":"2025-08-30T08:25:22.955Z"}
{"level":"info","message":{"ip":"::1","method":"GET","timestamp":"2025-08-30T08:25:23.051Z","url":"/api/institutes/all-institutes"},"timestamp":"2025-08-30T08:25:23.051Z"}
{"level":"info","message":{"ip":"::1","method":"GET","timestamp":"2025-08-30T08:25:23.061Z","url":"/api/employees/members"},"timestamp":"2025-08-30T08:25:23.061Z"}
{"level":"info","message":{"ip":"::1","method":"GET","timestamp":"2025-08-30T08:25:23.068Z","url":"/api/jobs/all"},"timestamp":"2025-08-30T08:25:23.068Z"}
{"level":"info","message":{"ip":"::1","method":"GET","timestamp":"2025-08-30T08:25:23.071Z","url":"/api/feedback/reviews"},"timestamp":"2025-08-30T08:25:23.071Z"}
{"level":"info","message":{"ip":"::1","method":"GET","timestamp":"2025-08-30T08:25:23.077Z","url":"/api/students/all"},"timestamp":"2025-08-30T08:25:23.077Z"}
{"level":"info","message":{"ip":"::1","method":"PUT","timestamp":"2025-08-30T08:25:29.189Z","url":"/api/jobs/jobid/JOB002"},"timestamp":"2025-08-30T08:25:29.189Z"}
{"level":"info","message":{"ip":"::1","method":"GET","timestamp":"2025-08-30T08:25:29.435Z","url":"/api/jobs/all"},"timestamp":"2025-08-30T08:25:29.435Z"}
{"level":"info","message":{"ip":"::1","method":"GET","timestamp":"2025-08-30T08:25:29.440Z","url":"/api/jobs/all"},"timestamp":"2025-08-30T08:25:29.440Z"}
{"level":"info","message":{"ip":"::1","method":"GET","timestamp":"2025-08-30T08:25:34.225Z","url":"/api/institutes/all-institutes"},"timestamp":"2025-08-30T08:25:34.225Z"}
{"level":"info","message":{"ip":"::1","method":"GET","timestamp":"2025-08-30T08:25:34.230Z","url":"/api/students/all"},"timestamp":"2025-08-30T08:25:34.230Z"}
{"level":"info","message":{"ip":"::1","method":"GET","timestamp":"2025-08-30T08:25:34.238Z","url":"/api/jobs/all"},"timestamp":"2025-08-30T08:25:34.238Z"}
{"level":"info","message":{"ip":"::1","method":"GET","timestamp":"2025-08-30T08:25:34.242Z","url":"/api/feedback/reviews"},"timestamp":"2025-08-30T08:25:34.242Z"}
{"level":"info","message":{"ip":"::1","method":"GET","timestamp":"2025-08-30T08:25:34.268Z","url":"/api/jobs/id/00d01122-7f05-497f-9afb-d9b81a5a32ce"},"timestamp":"2025-08-30T08:25:34.268Z"}
{"level":"info","message":{"ip":"::1","method":"GET","timestamp":"2025-08-30T08:25:34.285Z","url":"/api/employees/members"},"timestamp":"2025-08-30T08:25:34.285Z"}
{"level":"info","message":{"ip":"::1","method":"GET","timestamp":"2025-08-30T08:25:34.379Z","url":"/api/jobs/id/00d01122-7f05-497f-9afb-d9b81a5a32ce"},"timestamp":"2025-08-30T08:25:34.379Z"}
{"level":"info","message":{"ip":"::1","method":"GET","timestamp":"2025-08-30T08:25:35.320Z","url":"/api/employees/members"},"timestamp":"2025-08-30T08:25:35.320Z"}
{"level":"info","message":{"ip":"::1","method":"GET","timestamp":"2025-08-30T08:25:35.343Z","url":"/api/feedback/reviews"},"timestamp":"2025-08-30T08:25:35.343Z"}
{"level":"info","message":{"ip":"::1","method":"GET","timestamp":"2025-08-30T08:25:35.351Z","url":"/api/jobs/all"},"timestamp":"2025-08-30T08:25:35.352Z"}
{"level":"info","message":{"ip":"::1","method":"GET","timestamp":"2025-08-30T08:25:35.356Z","url":"/api/students/all"},"timestamp":"2025-08-30T08:25:35.356Z"}
{"level":"info","message":{"ip":"::1","method":"GET","timestamp":"2025-08-30T08:25:35.433Z","url":"/api/institutes/all-institutes"},"timestamp":"2025-08-30T08:25:35.433Z"}
{"level":"info","message":{"ip":"::1","method":"GET","timestamp":"2025-08-30T08:25:38.916Z","url":"/api/jobs/all"},"timestamp":"2025-08-30T08:25:38.916Z"}
{"level":"info","message":{"ip":"::1","method":"GET","timestamp":"2025-08-30T08:25:38.922Z","url":"/api/jobs/all"},"timestamp":"2025-08-30T08:25:38.922Z"}
{"level":"info","message":{"ip":"::1","method":"GET","timestamp":"2025-08-30T08:25:39.751Z","url":"/api/institutes/all-institutes"},"timestamp":"2025-08-30T08:25:39.751Z"}
{"level":"info","message":{"ip":"::1","method":"GET","timestamp":"2025-08-30T08:25:39.756Z","url":"/api/students/all"},"timestamp":"2025-08-30T08:25:39.756Z"}
{"level":"info","message":{"ip":"::1","method":"GET","timestamp":"2025-08-30T08:25:39.766Z","url":"/api/jobs/all"},"timestamp":"2025-08-30T08:25:39.766Z"}
{"level":"info","message":{"ip":"::1","method":"GET","timestamp":"2025-08-30T08:25:39.783Z","url":"/api/feedback/reviews"},"timestamp":"2025-08-30T08:25:39.783Z"}
{"level":"info","message":{"ip":"::1","method":"GET","timestamp":"2025-08-30T08:25:39.792Z","url":"/api/employees/members"},"timestamp":"2025-08-30T08:25:39.792Z"}
{"level":"info","message":{"ip":"::1","method":"GET","timestamp":"2025-08-30T08:25:39.794Z","url":"/api/jobs/id/00d01122-7f05-497f-9afb-d9b81a5a32ce"},"timestamp":"2025-08-30T08:25:39.794Z"}
{"level":"info","message":{"ip":"::1","method":"GET","timestamp":"2025-08-30T08:25:39.883Z","url":"/api/employees/members"},"timestamp":"2025-08-30T08:25:39.883Z"}
{"level":"info","message":{"ip":"::1","method":"GET","timestamp":"2025-08-30T08:25:39.932Z","url":"/api/students/all"},"timestamp":"2025-08-30T08:25:39.932Z"}
{"level":"info","message":{"ip":"::1","method":"GET","timestamp":"2025-08-30T08:25:39.950Z","url":"/api/jobs/all"},"timestamp":"2025-08-30T08:25:39.950Z"}
{"level":"info","message":{"ip":"::1","method":"GET","timestamp":"2025-08-30T08:25:39.978Z","url":"/api/feedback/reviews"},"timestamp":"2025-08-30T08:25:39.978Z"}
{"level":"info","message":{"ip":"::1","method":"GET","timestamp":"2025-08-30T08:25:39.983Z","url":"/api/jobs/id/00d01122-7f05-497f-9afb-d9b81a5a32ce"},"timestamp":"2025-08-30T08:25:39.983Z"}
{"level":"info","message":{"ip":"::1","method":"GET","timestamp":"2025-08-30T08:25:40.020Z","url":"/api/institutes/all-institutes"},"timestamp":"2025-08-30T08:25:40.020Z"}
{"level":"info","message":{"ip":"::1","method":"GET","timestamp":"2025-08-30T08:25:42.562Z","url":"/api/jobs/all"},"timestamp":"2025-08-30T08:25:42.563Z"}
{"level":"info","message":{"ip":"::1","method":"GET","timestamp":"2025-08-30T08:25:42.568Z","url":"/api/jobs/all"},"timestamp":"2025-08-30T08:25:42.568Z"}
{"level":"info","message":{"ip":"::1","method":"GET","timestamp":"2025-08-30T08:25:56.575Z","url":"/api/jobs/jobid/JOB002"},"timestamp":"2025-08-30T08:25:56.575Z"}
{"level":"info","message":{"ip":"::1","method":"GET","timestamp":"2025-08-30T08:25:56.581Z","url":"/api/institutes/all-institutes"},"timestamp":"2025-08-30T08:25:56.581Z"}
{"level":"info","message":{"ip":"::1","method":"GET","timestamp":"2025-08-30T08:25:56.609Z","url":"/api/students/all"},"timestamp":"2025-08-30T08:25:56.609Z"}
{"level":"info","message":{"ip":"::1","method":"GET","timestamp":"2025-08-30T08:25:56.615Z","url":"/api/jobs/all"},"timestamp":"2025-08-30T08:25:56.615Z"}
{"level":"info","message":{"ip":"::1","method":"GET","timestamp":"2025-08-30T08:25:56.630Z","url":"/api/feedback/reviews"},"timestamp":"2025-08-30T08:25:56.631Z"}
{"level":"info","message":{"ip":"::1","method":"GET","timestamp":"2025-08-30T08:25:56.636Z","url":"/api/employees/members"},"timestamp":"2025-08-30T08:25:56.636Z"}
{"level":"info","message":{"ip":"::1","method":"GET","timestamp":"2025-08-30T08:25:56.797Z","url":"/api/jobs/all"},"timestamp":"2025-08-30T08:25:56.797Z"}
{"level":"info","message":{"ip":"::1","method":"GET","timestamp":"2025-08-30T08:25:56.801Z","url":"/api/students/all"},"timestamp":"2025-08-30T08:25:56.801Z"}
{"level":"info","message":{"ip":"::1","method":"GET","timestamp":"2025-08-30T08:25:56.819Z","url":"/api/feedback/reviews"},"timestamp":"2025-08-30T08:25:56.819Z"}
{"level":"info","message":{"ip":"::1","method":"GET","timestamp":"2025-08-30T08:25:56.842Z","url":"/api/jobs/jobid/JOB002"},"timestamp":"2025-08-30T08:25:56.842Z"}
{"level":"info","message":{"ip":"::1","method":"GET","timestamp":"2025-08-30T08:25:56.869Z","url":"/api/institutes/all-institutes"},"timestamp":"2025-08-30T08:25:56.869Z"}
{"level":"info","message":{"ip":"::1","method":"GET","timestamp":"2025-08-30T08:25:56.904Z","url":"/api/employees/members"},"timestamp":"2025-08-30T08:25:56.904Z"}
{"level":"info","message":{"ip":"::1","method":"GET","timestamp":"2025-08-30T08:27:20.429Z","url":"/api/institutes/all-institutes"},"timestamp":"2025-08-30T08:27:20.429Z"}
{"level":"info","message":{"ip":"::1","method":"GET","timestamp":"2025-08-30T08:27:20.433Z","url":"/api/students/all"},"timestamp":"2025-08-30T08:27:20.433Z"}
{"level":"info","message":{"ip":"::1","method":"GET","timestamp":"2025-08-30T08:27:20.435Z","url":"/api/jobs/all"},"timestamp":"2025-08-30T08:27:20.435Z"}
{"level":"info","message":{"ip":"::1","method":"GET","timestamp":"2025-08-30T08:27:20.436Z","url":"/api/feedback/reviews"},"timestamp":"2025-08-30T08:27:20.436Z"}
{"level":"info","message":{"ip":"::1","method":"GET","timestamp":"2025-08-30T08:27:20.438Z","url":"/api/employees/members"},"timestamp":"2025-08-30T08:27:20.438Z"}
{"level":"info","message":{"ip":"::1","method":"GET","timestamp":"2025-08-30T08:27:20.442Z","url":"/api/jobs/jobid/JOB002"},"timestamp":"2025-08-30T08:27:20.442Z"}
{"level":"info","message":{"ip":"::1","method":"GET","timestamp":"2025-08-30T08:27:20.597Z","url":"/api/students/all"},"timestamp":"2025-08-30T08:27:20.597Z"}
{"level":"info","message":{"ip":"::1","method":"GET","timestamp":"2025-08-30T08:27:20.605Z","url":"/api/employees/members"},"timestamp":"2025-08-30T08:27:20.605Z"}
{"level":"info","message":{"ip":"::1","method":"GET","timestamp":"2025-08-30T08:27:20.609Z","url":"/api/jobs/all"},"timestamp":"2025-08-30T08:27:20.610Z"}
{"level":"info","message":{"ip":"::1","method":"GET","timestamp":"2025-08-30T08:27:20.612Z","url":"/api/feedback/reviews"},"timestamp":"2025-08-30T08:27:20.612Z"}
{"level":"info","message":{"ip":"::1","method":"GET","timestamp":"2025-08-30T08:27:20.679Z","url":"/api/institutes/all-institutes"},"timestamp":"2025-08-30T08:27:20.679Z"}
{"level":"info","message":{"ip":"::1","method":"GET","timestamp":"2025-08-30T08:27:21.186Z","url":"/api/jobs/jobid/JOB002"},"timestamp":"2025-08-30T08:27:21.186Z"}
{"level":"info","message":{"ip":"::1","method":"GET","timestamp":"2025-08-30T08:27:22.021Z","url":"/api/jobs/all"},"timestamp":"2025-08-30T08:27:22.021Z"}
{"level":"info","message":{"ip":"::1","method":"GET","timestamp":"2025-08-30T08:27:22.040Z","url":"/api/jobs/all"},"timestamp":"2025-08-30T08:27:22.040Z"}
{"level":"info","message":{"ip":"::1","method":"GET","timestamp":"2025-08-30T08:27:37.126Z","url":"/api/institutes/all-institutes"},"timestamp":"2025-08-30T08:27:37.126Z"}
{"level":"info","message":{"ip":"::1","method":"GET","timestamp":"2025-08-30T08:27:37.133Z","url":"/api/students/all"},"timestamp":"2025-08-30T08:27:37.133Z"}
{"level":"info","message":{"ip":"::1","method":"GET","timestamp":"2025-08-30T08:27:37.140Z","url":"/api/jobs/all"},"timestamp":"2025-08-30T08:27:37.141Z"}
{"level":"info","message":{"ip":"::1","method":"GET","timestamp":"2025-08-30T08:27:37.145Z","url":"/api/feedback/reviews"},"timestamp":"2025-08-30T08:27:37.145Z"}
{"level":"info","message":{"ip":"::1","method":"GET","timestamp":"2025-08-30T08:27:37.147Z","url":"/api/employees/members"},"timestamp":"2025-08-30T08:27:37.147Z"}
{"level":"info","message":{"ip":"::1","method":"GET","timestamp":"2025-08-30T08:27:37.152Z","url":"/api/jobs/id/00d01122-7f05-497f-9afb-d9b81a5a32ce"},"timestamp":"2025-08-30T08:27:37.152Z"}
{"level":"info","message":{"ip":"::1","method":"GET","timestamp":"2025-08-30T08:27:37.315Z","url":"/api/students/all"},"timestamp":"2025-08-30T08:27:37.315Z"}
{"level":"info","message":{"ip":"::1","method":"GET","timestamp":"2025-08-30T08:27:37.333Z","url":"/api/employees/members"},"timestamp":"2025-08-30T08:27:37.333Z"}
{"level":"info","message":{"ip":"::1","method":"GET","timestamp":"2025-08-30T08:27:37.343Z","url":"/api/jobs/id/00d01122-7f05-497f-9afb-d9b81a5a32ce"},"timestamp":"2025-08-30T08:27:37.343Z"}
{"level":"info","message":{"ip":"::1","method":"GET","timestamp":"2025-08-30T08:27:37.380Z","url":"/api/jobs/all"},"timestamp":"2025-08-30T08:27:37.381Z"}
{"level":"info","message":{"ip":"::1","method":"GET","timestamp":"2025-08-30T08:27:37.396Z","url":"/api/feedback/reviews"},"timestamp":"2025-08-30T08:27:37.396Z"}
{"level":"info","message":{"ip":"::1","method":"GET","timestamp":"2025-08-30T08:27:37.455Z","url":"/api/institutes/all-institutes"},"timestamp":"2025-08-30T08:27:37.456Z"}
{"level":"info","message":{"ip":"::1","method":"GET","timestamp":"2025-08-30T08:28:28.492Z","url":"/api/institutes/all-institutes"},"timestamp":"2025-08-30T08:28:28.492Z"}
{"level":"info","message":{"ip":"::1","method":"GET","timestamp":"2025-08-30T08:28:28.496Z","url":"/api/students/all"},"timestamp":"2025-08-30T08:28:28.496Z"}
{"level":"info","message":{"ip":"::1","method":"GET","timestamp":"2025-08-30T08:28:28.497Z","url":"/api/jobs/all"},"timestamp":"2025-08-30T08:28:28.497Z"}
{"level":"info","message":{"ip":"::1","method":"GET","timestamp":"2025-08-30T08:28:28.499Z","url":"/api/feedback/reviews"},"timestamp":"2025-08-30T08:28:28.499Z"}
{"level":"info","message":{"ip":"::1","method":"GET","timestamp":"2025-08-30T08:28:28.500Z","url":"/api/employees/members"},"timestamp":"2025-08-30T08:28:28.500Z"}
{"level":"info","message":{"ip":"::1","method":"GET","timestamp":"2025-08-30T08:28:28.504Z","url":"/api/jobs/id/00d01122-7f05-497f-9afb-d9b81a5a32ce"},"timestamp":"2025-08-30T08:28:28.504Z"}
{"level":"info","message":{"ip":"::1","method":"GET","timestamp":"2025-08-30T08:28:28.660Z","url":"/api/students/all"},"timestamp":"2025-08-30T08:28:28.660Z"}
{"level":"info","message":{"ip":"::1","method":"GET","timestamp":"2025-08-30T08:28:28.662Z","url":"/api/employees/members"},"timestamp":"2025-08-30T08:28:28.662Z"}
{"level":"info","message":{"ip":"::1","method":"GET","timestamp":"2025-08-30T08:28:28.667Z","url":"/api/jobs/all"},"timestamp":"2025-08-30T08:28:28.667Z"}
{"level":"info","message":{"ip":"::1","method":"GET","timestamp":"2025-08-30T08:28:28.669Z","url":"/api/feedback/reviews"},"timestamp":"2025-08-30T08:28:28.669Z"}
{"level":"info","message":{"ip":"::1","method":"GET","timestamp":"2025-08-30T08:28:28.734Z","url":"/api/institutes/all-institutes"},"timestamp":"2025-08-30T08:28:28.734Z"}
{"level":"info","message":{"ip":"::1","method":"GET","timestamp":"2025-08-30T08:28:28.751Z","url":"/api/jobs/id/00d01122-7f05-497f-9afb-d9b81a5a32ce"},"timestamp":"2025-08-30T08:28:28.751Z"}
{"level":"info","message":{"ip":"::1","method":"GET","timestamp":"2025-08-30T08:29:27.101Z","url":"/api/jobs/all"},"timestamp":"2025-08-30T08:29:27.101Z"}
{"level":"info","message":{"ip":"::1","method":"GET","timestamp":"2025-08-30T08:29:27.104Z","url":"/api/jobs/all"},"timestamp":"2025-08-30T08:29:27.104Z"}
{"level":"info","message":{"ip":"::1","method":"GET","timestamp":"2025-08-30T08:29:29.138Z","url":"/api/jobs/all"},"timestamp":"2025-08-30T08:29:29.138Z"}
{"level":"info","message":{"ip":"::1","method":"GET","timestamp":"2025-08-30T08:29:29.144Z","url":"/api/jobs/all"},"timestamp":"2025-08-30T08:29:29.144Z"}
{"level":"info","message":{"ip":"::1","method":"DELETE","timestamp":"2025-08-30T08:29:32.701Z","url":"/api/jobs/id/00d01122-7f05-497f-9afb-d9b81a5a32ce"},"timestamp":"2025-08-30T08:29:32.701Z"}
{"level":"info","message":{"ip":"::1","method":"GET","timestamp":"2025-08-30T08:29:48.570Z","url":"/api/institutes/all-institutes"},"timestamp":"2025-08-30T08:29:48.570Z"}
{"level":"info","message":{"ip":"::1","method":"GET","timestamp":"2025-08-30T08:29:48.576Z","url":"/api/students/all"},"timestamp":"2025-08-30T08:29:48.576Z"}
{"level":"info","message":{"ip":"::1","method":"GET","timestamp":"2025-08-30T08:29:48.604Z","url":"/api/jobs/id/bc5bdc7f-aedc-4073-b77c-010e910f0134"},"timestamp":"2025-08-30T08:29:48.604Z"}
{"level":"info","message":{"ip":"::1","method":"GET","timestamp":"2025-08-30T08:29:48.622Z","url":"/api/jobs/all"},"timestamp":"2025-08-30T08:29:48.622Z"}
{"level":"info","message":{"ip":"::1","method":"GET","timestamp":"2025-08-30T08:29:48.635Z","url":"/api/feedback/reviews"},"timestamp":"2025-08-30T08:29:48.635Z"}
{"level":"info","message":{"ip":"::1","method":"GET","timestamp":"2025-08-30T08:29:48.647Z","url":"/api/employees/members"},"timestamp":"2025-08-30T08:29:48.647Z"}
{"level":"info","message":{"ip":"::1","method":"GET","timestamp":"2025-08-30T08:29:48.790Z","url":"/api/jobs/id/bc5bdc7f-aedc-4073-b77c-010e910f0134"},"timestamp":"2025-08-30T08:29:48.790Z"}
{"level":"info","message":{"ip":"::1","method":"GET","timestamp":"2025-08-30T08:29:48.803Z","url":"/api/jobs/all"},"timestamp":"2025-08-30T08:29:48.803Z"}
{"level":"info","message":{"ip":"::1","method":"GET","timestamp":"2025-08-30T08:29:48.816Z","url":"/api/feedback/reviews"},"timestamp":"2025-08-30T08:29:48.816Z"}
{"level":"info","message":{"ip":"::1","method":"GET","timestamp":"2025-08-30T08:29:48.826Z","url":"/api/employees/members"},"timestamp":"2025-08-30T08:29:48.826Z"}
{"level":"info","message":{"ip":"::1","method":"GET","timestamp":"2025-08-30T08:29:48.836Z","url":"/api/institutes/all-institutes"},"timestamp":"2025-08-30T08:29:48.836Z"}
{"level":"info","message":{"ip":"::1","method":"GET","timestamp":"2025-08-30T08:29:48.856Z","url":"/api/students/all"},"timestamp":"2025-08-30T08:29:48.856Z"}
{"level":"info","message":{"ip":"::1","method":"GET","timestamp":"2025-08-30T08:29:50.307Z","url":"/api/jobs/jobid/bc5bdc7f-aedc-4073-b77c-010e910f0134"},"timestamp":"2025-08-30T08:29:50.307Z"}
{"level":"info","message":{"ip":"::1","method":"GET","timestamp":"2025-08-30T08:29:50.316Z","url":"/api/institutes/all-institutes"},"timestamp":"2025-08-30T08:29:50.316Z"}
{"level":"info","message":{"ip":"::1","method":"GET","timestamp":"2025-08-30T08:29:50.333Z","url":"/api/students/all"},"timestamp":"2025-08-30T08:29:50.333Z"}
{"level":"info","message":{"ip":"::1","method":"GET","timestamp":"2025-08-30T08:29:50.354Z","url":"/api/jobs/all"},"timestamp":"2025-08-30T08:29:50.355Z"}
{"level":"info","message":{"ip":"::1","method":"GET","timestamp":"2025-08-30T08:29:50.359Z","url":"/api/feedback/reviews"},"timestamp":"2025-08-30T08:29:50.360Z"}
{"level":"info","message":{"ip":"::1","method":"GET","timestamp":"2025-08-30T08:29:50.367Z","url":"/api/employees/members"},"timestamp":"2025-08-30T08:29:50.367Z"}
{"level":"info","message":{"ip":"::1","method":"GET","timestamp":"2025-08-30T08:29:50.451Z","url":"/api/students/all"},"timestamp":"2025-08-30T08:29:50.451Z"}
{"level":"info","message":{"ip":"::1","method":"GET","timestamp":"2025-08-30T08:29:50.457Z","url":"/api/jobs/all"},"timestamp":"2025-08-30T08:29:50.457Z"}
{"level":"info","message":{"ip":"::1","method":"GET","timestamp":"2025-08-30T08:29:50.465Z","url":"/api/feedback/reviews"},"timestamp":"2025-08-30T08:29:50.465Z"}
{"level":"info","message":{"ip":"::1","method":"GET","timestamp":"2025-08-30T08:29:50.470Z","url":"/api/employees/members"},"timestamp":"2025-08-30T08:29:50.471Z"}
{"level":"info","message":{"ip":"::1","method":"GET","timestamp":"2025-08-30T08:29:50.497Z","url":"/api/jobs/jobid/bc5bdc7f-aedc-4073-b77c-010e910f0134"},"timestamp":"2025-08-30T08:29:50.497Z"}
{"level":"info","message":{"ip":"::1","method":"GET","timestamp":"2025-08-30T08:29:50.520Z","url":"/api/institutes/all-institutes"},"timestamp":"2025-08-30T08:29:50.520Z"}
{"level":"info","message":{"ip":"::1","method":"GET","timestamp":"2025-08-30T08:30:12.725Z","url":"/api/institutes/all-institutes"},"timestamp":"2025-08-30T08:30:12.725Z"}
{"level":"info","message":{"ip":"::1","method":"GET","timestamp":"2025-08-30T08:30:12.727Z","url":"/api/students/all"},"timestamp":"2025-08-30T08:30:12.727Z"}
{"level":"info","message":{"ip":"::1","method":"GET","timestamp":"2025-08-30T08:30:12.729Z","url":"/api/jobs/all"},"timestamp":"2025-08-30T08:30:12.729Z"}
{"level":"info","message":{"ip":"::1","method":"GET","timestamp":"2025-08-30T08:30:12.731Z","url":"/api/feedback/reviews"},"timestamp":"2025-08-30T08:30:12.731Z"}
{"level":"info","message":{"ip":"::1","method":"GET","timestamp":"2025-08-30T08:30:12.736Z","url":"/api/employees/members"},"timestamp":"2025-08-30T08:30:12.736Z"}
{"level":"info","message":{"ip":"::1","method":"GET","timestamp":"2025-08-30T08:30:12.758Z","url":"/api/jobs/id/bc5bdc7f-aedc-4073-b77c-010e910f0134"},"timestamp":"2025-08-30T08:30:12.758Z"}
{"level":"info","message":{"ip":"::1","method":"GET","timestamp":"2025-08-30T08:30:12.910Z","url":"/api/students/all"},"timestamp":"2025-08-30T08:30:12.910Z"}
{"level":"info","message":{"ip":"::1","method":"GET","timestamp":"2025-08-30T08:30:12.916Z","url":"/api/jobs/all"},"timestamp":"2025-08-30T08:30:12.916Z"}
{"level":"info","message":{"ip":"::1","method":"GET","timestamp":"2025-08-30T08:30:12.920Z","url":"/api/feedback/reviews"},"timestamp":"2025-08-30T08:30:12.920Z"}
{"level":"info","message":{"ip":"::1","method":"GET","timestamp":"2025-08-30T08:30:12.931Z","url":"/api/employees/members"},"timestamp":"2025-08-30T08:30:12.932Z"}
{"level":"info","message":{"ip":"::1","method":"GET","timestamp":"2025-08-30T08:30:12.937Z","url":"/api/jobs/id/bc5bdc7f-aedc-4073-b77c-010e910f0134"},"timestamp":"2025-08-30T08:30:12.937Z"}
{"level":"info","message":{"ip":"::1","method":"GET","timestamp":"2025-08-30T08:30:12.991Z","url":"/api/institutes/all-institutes"},"timestamp":"2025-08-30T08:30:12.991Z"}
{"level":"info","message":{"ip":"::1","method":"GET","timestamp":"2025-08-30T08:30:15.261Z","url":"/api/institutes/all-institutes"},"timestamp":"2025-08-30T08:30:15.261Z"}
{"level":"info","message":{"ip":"::1","method":"GET","timestamp":"2025-08-30T08:30:15.267Z","url":"/api/students/all"},"timestamp":"2025-08-30T08:30:15.267Z"}
{"level":"info","message":{"ip":"::1","method":"GET","timestamp":"2025-08-30T08:30:15.307Z","url":"/api/jobs/all"},"timestamp":"2025-08-30T08:30:15.307Z"}
{"level":"info","message":{"ip":"::1","method":"GET","timestamp":"2025-08-30T08:30:15.322Z","url":"/api/feedback/reviews"},"timestamp":"2025-08-30T08:30:15.322Z"}
{"level":"info","message":{"ip":"::1","method":"GET","timestamp":"2025-08-30T08:30:15.337Z","url":"/api/employees/members"},"timestamp":"2025-08-30T08:30:15.337Z"}
{"level":"info","message":{"ip":"::1","method":"GET","timestamp":"2025-08-30T08:30:15.375Z","url":"/api/jobs/id/bc5bdc7f-aedc-4073-b77c-010e910f0134"},"timestamp":"2025-08-30T08:30:15.375Z"}
{"level":"info","message":{"ip":"::1","method":"GET","timestamp":"2025-08-30T08:30:15.386Z","url":"/api/students/all"},"timestamp":"2025-08-30T08:30:15.386Z"}
{"level":"info","message":{"ip":"::1","method":"GET","timestamp":"2025-08-30T08:30:15.429Z","url":"/api/jobs/all"},"timestamp":"2025-08-30T08:30:15.429Z"}
{"level":"info","message":{"ip":"::1","method":"GET","timestamp":"2025-08-30T08:30:15.433Z","url":"/api/feedback/reviews"},"timestamp":"2025-08-30T08:30:15.433Z"}
{"level":"info","message":{"ip":"::1","method":"GET","timestamp":"2025-08-30T08:30:15.449Z","url":"/api/institutes/all-institutes"},"timestamp":"2025-08-30T08:30:15.449Z"}
{"level":"info","message":{"ip":"::1","method":"GET","timestamp":"2025-08-30T08:30:15.464Z","url":"/api/employees/members"},"timestamp":"2025-08-30T08:30:15.464Z"}
{"level":"info","message":{"ip":"::1","method":"GET","timestamp":"2025-08-30T08:30:15.473Z","url":"/api/jobs/id/bc5bdc7f-aedc-4073-b77c-010e910f0134"},"timestamp":"2025-08-30T08:30:15.473Z"}
{"level":"info","message":{"ip":"::1","method":"GET","timestamp":"2025-08-30T08:30:16.875Z","url":"/api/jobs/all"},"timestamp":"2025-08-30T08:30:16.875Z"}
{"level":"info","message":{"ip":"::1","method":"GET","timestamp":"2025-08-30T08:30:16.891Z","url":"/api/jobs/all"},"timestamp":"2025-08-30T08:30:16.891Z"}
{"level":"info","message":{"ip":"::1","method":"DELETE","timestamp":"2025-08-30T08:31:29.245Z","url":"/api/jobs/id/bc5bdc7f-aedc-4073-b77c-010e910f0134"},"timestamp":"2025-08-30T08:31:29.245Z"}
{"level":"info","message":{"ip":"::1","method":"GET","timestamp":"2025-08-30T08:31:30.594Z","url":"/api/institutes/all-institutes"},"timestamp":"2025-08-30T08:31:30.595Z"}
{"level":"info","message":{"ip":"::1","method":"GET","timestamp":"2025-08-30T08:31:30.613Z","url":"/api/students/all"},"timestamp":"2025-08-30T08:31:30.613Z"}
{"level":"info","message":{"ip":"::1","method":"GET","timestamp":"2025-08-30T08:31:30.630Z","url":"/api/jobs/jobid/JOB003"},"timestamp":"2025-08-30T08:31:30.630Z"}
{"level":"info","message":{"ip":"::1","method":"GET","timestamp":"2025-08-30T08:31:30.634Z","url":"/api/jobs/all"},"timestamp":"2025-08-30T08:31:30.634Z"}
{"level":"info","message":{"ip":"::1","method":"GET","timestamp":"2025-08-30T08:31:30.649Z","url":"/api/feedback/reviews"},"timestamp":"2025-08-30T08:31:30.649Z"}
{"level":"info","message":{"ip":"::1","method":"GET","timestamp":"2025-08-30T08:31:30.655Z","url":"/api/employees/members"},"timestamp":"2025-08-30T08:31:30.655Z"}
{"level":"info","message":{"ip":"::1","method":"GET","timestamp":"2025-08-30T08:31:30.794Z","url":"/api/institutes/all-institutes"},"timestamp":"2025-08-30T08:31:30.794Z"}
{"level":"info","message":{"ip":"::1","method":"GET","timestamp":"2025-08-30T08:31:31.593Z","url":"/api/employees/members"},"timestamp":"2025-08-30T08:31:31.593Z"}
{"level":"info","message":{"ip":"::1","method":"GET","timestamp":"2025-08-30T08:31:31.629Z","url":"/api/jobs/jobid/JOB003"},"timestamp":"2025-08-30T08:31:31.629Z"}
{"level":"info","message":{"ip":"::1","method":"GET","timestamp":"2025-08-30T08:31:31.726Z","url":"/api/students/all"},"timestamp":"2025-08-30T08:31:31.726Z"}
{"level":"info","message":{"ip":"::1","method":"GET","timestamp":"2025-08-30T08:31:31.734Z","url":"/api/jobs/all"},"timestamp":"2025-08-30T08:31:31.734Z"}
{"level":"info","message":{"ip":"::1","method":"GET","timestamp":"2025-08-30T08:31:31.743Z","url":"/api/feedback/reviews"},"timestamp":"2025-08-30T08:31:31.743Z"}
{"level":"info","message":{"ip":"::1","method":"GET","timestamp":"2025-08-30T08:31:34.742Z","url":"/api/employees/members"},"timestamp":"2025-08-30T08:31:34.742Z"}
{"level":"info","message":{"ip":"::1","method":"GET","timestamp":"2025-08-30T08:31:34.768Z","url":"/api/employees/members"},"timestamp":"2025-08-30T08:31:34.768Z"}
{"level":"info","message":{"ip":"::1","method":"GET","timestamp":"2025-08-30T08:31:38.178Z","url":"/api/employees/member/NEXT2025111"},"timestamp":"2025-08-30T08:31:38.178Z"}
{"level":"info","message":{"ip":"::1","method":"GET","timestamp":"2025-08-30T08:31:38.182Z","url":"/api/employees/member/NEXT2025111"},"timestamp":"2025-08-30T08:31:38.182Z"}
{"level":"info","message":{"ip":"::1","method":"GET","timestamp":"2025-08-30T08:32:10.779Z","url":"/api/employees/members"},"timestamp":"2025-08-30T08:32:10.779Z"}
{"level":"info","message":{"ip":"::1","method":"GET","timestamp":"2025-08-30T08:32:10.782Z","url":"/api/employees/members"},"timestamp":"2025-08-30T08:32:10.782Z"}
{"level":"info","message":{"ip":"::1","method":"GET","timestamp":"2025-08-30T08:32:12.906Z","url":"/api/institutes/all-institutes"},"timestamp":"2025-08-30T08:32:12.906Z"}
{"level":"info","message":{"ip":"::1","method":"GET","timestamp":"2025-08-30T08:32:12.913Z","url":"/api/students/all"},"timestamp":"2025-08-30T08:32:12.913Z"}
{"level":"info","message":{"ip":"::1","method":"GET","timestamp":"2025-08-30T08:32:12.915Z","url":"/api/feedback/reviews"},"timestamp":"2025-08-30T08:32:12.915Z"}
{"level":"info","message":{"ip":"::1","method":"GET","timestamp":"2025-08-30T08:32:12.919Z","url":"/api/employees/members"},"timestamp":"2025-08-30T08:32:12.919Z"}
{"level":"info","message":{"ip":"::1","method":"GET","timestamp":"2025-08-30T08:32:12.927Z","url":"/api/jobs/all"},"timestamp":"2025-08-30T08:32:12.927Z"}
{"level":"info","message":{"ip":"::1","method":"GET","timestamp":"2025-08-30T08:32:13.081Z","url":"/api/students/all"},"timestamp":"2025-08-30T08:32:13.081Z"}
{"level":"info","message":{"ip":"::1","method":"GET","timestamp":"2025-08-30T08:32:13.159Z","url":"/api/feedback/reviews"},"timestamp":"2025-08-30T08:32:13.159Z"}
{"level":"info","message":{"ip":"::1","method":"GET","timestamp":"2025-08-30T08:32:13.201Z","url":"/api/institutes/all-institutes"},"timestamp":"2025-08-30T08:32:13.201Z"}
{"level":"info","message":{"ip":"::1","method":"GET","timestamp":"2025-08-30T08:32:13.207Z","url":"/api/jobs/all"},"timestamp":"2025-08-30T08:32:13.207Z"}
{"level":"info","message":{"ip":"::1","method":"GET","timestamp":"2025-08-30T08:32:13.212Z","url":"/api/employees/members"},"timestamp":"2025-08-30T08:32:13.212Z"}
{"level":"info","message":{"ip":"::1","method":"GET","timestamp":"2025-08-30T08:32:17.394Z","url":"/api/institutes/all-institutes"},"timestamp":"2025-08-30T08:32:17.394Z"}
{"level":"info","message":{"ip":"::1","method":"GET","timestamp":"2025-08-30T08:32:17.401Z","url":"/api/students/all"},"timestamp":"2025-08-30T08:32:17.401Z"}
{"level":"info","message":{"ip":"::1","method":"GET","timestamp":"2025-08-30T08:32:17.409Z","url":"/api/jobs/all"},"timestamp":"2025-08-30T08:32:17.409Z"}
{"level":"info","message":{"ip":"::1","method":"GET","timestamp":"2025-08-30T08:32:17.420Z","url":"/api/feedback/reviews"},"timestamp":"2025-08-30T08:32:17.421Z"}
{"level":"info","message":{"ip":"::1","method":"GET","timestamp":"2025-08-30T08:32:17.424Z","url":"/api/employees/members"},"timestamp":"2025-08-30T08:32:17.424Z"}
{"level":"info","message":{"ip":"::1","method":"GET","timestamp":"2025-08-30T08:32:17.498Z","url":"/api/students/all"},"timestamp":"2025-08-30T08:32:17.498Z"}
{"level":"info","message":{"ip":"::1","method":"GET","timestamp":"2025-08-30T08:32:17.507Z","url":"/api/jobs/all"},"timestamp":"2025-08-30T08:32:17.507Z"}
{"level":"info","message":{"ip":"::1","method":"GET","timestamp":"2025-08-30T08:32:17.509Z","url":"/api/feedback/reviews"},"timestamp":"2025-08-30T08:32:17.509Z"}
{"level":"info","message":{"ip":"::1","method":"GET","timestamp":"2025-08-30T08:32:17.515Z","url":"/api/employees/members"},"timestamp":"2025-08-30T08:32:17.515Z"}
{"level":"info","message":{"ip":"::1","method":"GET","timestamp":"2025-08-30T08:32:17.581Z","url":"/api/institutes/all-institutes"},"timestamp":"2025-08-30T08:32:17.581Z"}
{"level":"info","message":{"ip":"::1","method":"GET","timestamp":"2025-08-30T08:33:36.750Z","url":"/api/employees/members"},"timestamp":"2025-08-30T08:33:36.750Z"}
{"level":"info","message":{"ip":"::1","method":"GET","timestamp":"2025-08-30T08:33:36.753Z","url":"/api/employees/members"},"timestamp":"2025-08-30T08:33:36.753Z"}
{"level":"info","message":{"ip":"::1","method":"GET","timestamp":"2025-08-30T08:33:38.531Z","url":"/api/employees/member/NEXT2025111"},"timestamp":"2025-08-30T08:33:38.531Z"}
{"level":"info","message":{"ip":"::1","method":"GET","timestamp":"2025-08-30T08:33:38.536Z","url":"/api/employees/member/NEXT2025111"},"timestamp":"2025-08-30T08:33:38.536Z"}
{"level":"info","message":{"ip":"::1","method":"GET","timestamp":"2025-08-30T08:37:57.563Z","url":"/api/employees/member/NEXT2025111"},"timestamp":"2025-08-30T08:37:57.563Z"}
{"level":"info","message":{"ip":"::1","method":"GET","timestamp":"2025-08-30T08:37:57.571Z","url":"/api/employees/member/NEXT2025111"},"timestamp":"2025-08-30T08:37:57.571Z"}
{"level":"info","message":{"ip":"::1","method":"GET","timestamp":"2025-08-30T08:38:00.425Z","url":"/api/employees/members"},"timestamp":"2025-08-30T08:38:00.425Z"}
{"level":"info","message":{"ip":"::1","method":"GET","timestamp":"2025-08-30T08:38:00.730Z","url":"/api/employees/members"},"timestamp":"2025-08-30T08:38:00.730Z"}
{"level":"info","message":{"ip":"::1","method":"GET","timestamp":"2025-08-30T08:38:02.825Z","url":"/api/institutes/all-institutes"},"timestamp":"2025-08-30T08:38:02.825Z"}
{"level":"info","message":{"ip":"::1","method":"GET","timestamp":"2025-08-30T08:38:02.833Z","url":"/api/students/all"},"timestamp":"2025-08-30T08:38:02.834Z"}
{"level":"info","message":{"ip":"::1","method":"GET","timestamp":"2025-08-30T08:38:03.162Z","url":"/api/jobs/all"},"timestamp":"2025-08-30T08:38:03.162Z"}
{"level":"info","message":{"ip":"::1","method":"GET","timestamp":"2025-08-30T08:38:03.673Z","url":"/api/feedback/reviews"},"timestamp":"2025-08-30T08:38:03.673Z"}
{"level":"info","message":{"ip":"::1","method":"GET","timestamp":"2025-08-30T08:38:04.101Z","url":"/api/employees/members"},"timestamp":"2025-08-30T08:38:04.101Z"}
{"level":"info","message":{"ip":"::1","method":"GET","timestamp":"2025-08-30T08:38:04.975Z","url":"/api/institutes/all-institutes"},"timestamp":"2025-08-30T08:38:04.976Z"}
{"level":"info","message":{"ip":"::1","method":"GET","timestamp":"2025-08-30T08:38:05.118Z","url":"/api/students/all"},"timestamp":"2025-08-30T08:38:05.118Z"}
{"level":"info","message":{"ip":"::1","method":"GET","timestamp":"2025-08-30T08:38:05.122Z","url":"/api/jobs/all"},"timestamp":"2025-08-30T08:38:05.122Z"}
{"level":"info","message":{"ip":"::1","method":"GET","timestamp":"2025-08-30T08:38:05.320Z","url":"/api/feedback/reviews"},"timestamp":"2025-08-30T08:38:05.320Z"}
{"level":"info","message":{"ip":"::1","method":"GET","timestamp":"2025-08-30T08:38:05.835Z","url":"/api/employees/members"},"timestamp":"2025-08-30T08:38:05.835Z"}
{"level":"info","message":{"ip":"::1","method":"GET","timestamp":"2025-08-30T08:39:05.648Z","url":"/api/institutes/all-institutes"},"timestamp":"2025-08-30T08:39:05.648Z"}
{"level":"info","message":{"ip":"::1","method":"GET","timestamp":"2025-08-30T08:39:05.652Z","url":"/api/students/all"},"timestamp":"2025-08-30T08:39:05.652Z"}
{"level":"info","message":{"ip":"::1","method":"GET","timestamp":"2025-08-30T08:39:05.653Z","url":"/api/jobs/all"},"timestamp":"2025-08-30T08:39:05.653Z"}
{"level":"info","message":{"ip":"::1","method":"GET","timestamp":"2025-08-30T08:39:05.654Z","url":"/api/feedback/reviews"},"timestamp":"2025-08-30T08:39:05.654Z"}
{"level":"info","message":{"ip":"::1","method":"GET","timestamp":"2025-08-30T08:39:05.655Z","url":"/api/employees/members"},"timestamp":"2025-08-30T08:39:05.655Z"}
{"level":"info","message":{"ip":"::1","method":"GET","timestamp":"2025-08-30T08:40:03.352Z","url":"/api/employees/members"},"timestamp":"2025-08-30T08:40:03.352Z"}
{"level":"info","message":{"ip":"::1","method":"GET","timestamp":"2025-08-30T08:40:03.354Z","url":"/api/employees/members"},"timestamp":"2025-08-30T08:40:03.354Z"}
{"level":"info","message":{"ip":"::1","method":"GET","timestamp":"2025-08-30T08:40:08.357Z","url":"/api/institutes/all-institutes"},"timestamp":"2025-08-30T08:40:08.357Z"}
{"level":"info","message":{"ip":"::1","method":"GET","timestamp":"2025-08-30T08:40:08.388Z","url":"/api/students/all"},"timestamp":"2025-08-30T08:40:08.388Z"}
{"level":"info","message":{"ip":"::1","method":"GET","timestamp":"2025-08-30T08:40:08.422Z","url":"/api/jobs/all"},"timestamp":"2025-08-30T08:40:08.422Z"}
{"level":"info","message":{"ip":"::1","method":"GET","timestamp":"2025-08-30T08:40:08.453Z","url":"/api/feedback/reviews"},"timestamp":"2025-08-30T08:40:08.453Z"}
{"level":"info","message":{"ip":"::1","method":"GET","timestamp":"2025-08-30T08:40:08.488Z","url":"/api/employees/members"},"timestamp":"2025-08-30T08:40:08.488Z"}
{"level":"info","message":{"ip":"::1","method":"GET","timestamp":"2025-08-30T08:40:08.718Z","url":"/api/students/all"},"timestamp":"2025-08-30T08:40:08.718Z"}
{"level":"info","message":{"ip":"::1","method":"GET","timestamp":"2025-08-30T08:40:08.722Z","url":"/api/institutes/all-institutes"},"timestamp":"2025-08-30T08:40:08.722Z"}
{"level":"info","message":{"ip":"::1","method":"GET","timestamp":"2025-08-30T08:40:08.786Z","url":"/api/feedback/reviews"},"timestamp":"2025-08-30T08:40:08.786Z"}
{"level":"info","message":{"ip":"::1","method":"GET","timestamp":"2025-08-30T08:40:08.795Z","url":"/api/employees/members"},"timestamp":"2025-08-30T08:40:08.795Z"}
{"level":"info","message":{"ip":"::1","method":"GET","timestamp":"2025-08-30T08:40:08.870Z","url":"/api/jobs/all"},"timestamp":"2025-08-30T08:40:08.870Z"}
{"level":"info","message":{"ip":"::1","method":"GET","timestamp":"2025-08-30T08:47:41.848Z","url":"/api/employees/member/NEXT2025111"},"timestamp":"2025-08-30T08:47:41.851Z"}
{"level":"info","message":{"ip":"::1","method":"GET","timestamp":"2025-08-30T08:47:43.372Z","url":"/api/employees/member/NEXT2025111"},"timestamp":"2025-08-30T08:47:43.372Z"}
{"level":"info","message":{"ip":"::1","method":"GET","timestamp":"2025-08-30T08:48:29.967Z","url":"/api/employees/members"},"timestamp":"2025-08-30T08:48:29.967Z"}
{"level":"info","message":{"ip":"::1","method":"GET","timestamp":"2025-08-30T08:48:29.974Z","url":"/api/employees/members"},"timestamp":"2025-08-30T08:48:29.974Z"}
{"level":"info","message":{"ip":"::1","method":"GET","timestamp":"2025-08-30T08:48:33.943Z","url":"/api/employees/member/NEXT2025111"},"timestamp":"2025-08-30T08:48:33.943Z"}
{"level":"info","message":{"ip":"::1","method":"GET","timestamp":"2025-08-30T08:48:34.205Z","url":"/api/employees/member/NEXT2025111"},"timestamp":"2025-08-30T08:48:34.205Z"}
{"level":"info","message":{"ip":"::1","method":"GET","timestamp":"2025-08-30T08:48:38.098Z","url":"/api/employees/member/NEXT2025111"},"timestamp":"2025-08-30T08:48:38.098Z"}
{"level":"info","message":{"ip":"::1","method":"GET","timestamp":"2025-08-30T08:48:38.111Z","url":"/api/employees/member/NEXT2025111"},"timestamp":"2025-08-30T08:48:38.111Z"}
{"level":"info","message":{"ip":"::1","method":"GET","timestamp":"2025-08-30T08:49:14.106Z","url":"/api/employees/members"},"timestamp":"2025-08-30T08:49:14.106Z"}
{"level":"info","message":{"ip":"::1","method":"GET","timestamp":"2025-08-30T08:49:14.245Z","url":"/api/employees/members"},"timestamp":"2025-08-30T08:49:14.245Z"}
{"level":"info","message":{"ip":"::1","method":"GET","timestamp":"2025-08-30T08:49:17.967Z","url":"/api/employees/member/NEXT2025111"},"timestamp":"2025-08-30T08:49:17.967Z"}
{"level":"info","message":{"ip":"::1","method":"GET","timestamp":"2025-08-30T08:49:18.067Z","url":"/api/employees/member/NEXT2025111"},"timestamp":"2025-08-30T08:49:18.067Z"}
{"level":"info","message":{"ip":"::1","method":"GET","timestamp":"2025-08-30T08:49:39.312Z","url":"/api/employees/members"},"timestamp":"2025-08-30T08:49:39.312Z"}
{"level":"info","message":{"ip":"::1","method":"GET","timestamp":"2025-08-30T08:49:39.314Z","url":"/api/employees/members"},"timestamp":"2025-08-30T08:49:39.314Z"}
{"level":"info","message":{"ip":"::1","method":"GET","timestamp":"2025-08-30T08:49:43.579Z","url":"/api/employees/member/NEXT2025111"},"timestamp":"2025-08-30T08:49:43.579Z"}
{"level":"info","message":{"ip":"::1","method":"GET","timestamp":"2025-08-30T08:49:43.705Z","url":"/api/employees/member/NEXT2025111"},"timestamp":"2025-08-30T08:49:43.705Z"}
{"level":"info","message":{"ip":"::1","method":"GET","timestamp":"2025-08-30T08:50:09.333Z","url":"/api/employees/members"},"timestamp":"2025-08-30T08:50:09.333Z"}
{"level":"info","message":{"ip":"::1","method":"GET","timestamp":"2025-08-30T08:50:09.335Z","url":"/api/employees/members"},"timestamp":"2025-08-30T08:50:09.335Z"}
{"level":"info","message":{"ip":"::1","method":"GET","timestamp":"2025-08-30T08:50:31.201Z","url":"/api/employees/member/NEXT2025111"},"timestamp":"2025-08-30T08:50:31.204Z"}
{"level":"info","message":{"ip":"::1","method":"GET","timestamp":"2025-08-30T08:50:32.080Z","url":"/api/employees/member/NEXT2025111"},"timestamp":"2025-08-30T08:50:32.080Z"}
{"level":"info","message":{"ip":"::1","method":"GET","timestamp":"2025-08-30T08:51:50.192Z","url":"/api/employees/member/NEXT2025111"},"timestamp":"2025-08-30T08:51:50.192Z"}
{"level":"info","message":{"ip":"::1","method":"GET","timestamp":"2025-08-30T08:51:50.379Z","url":"/api/employees/member/NEXT2025111"},"timestamp":"2025-08-30T08:51:50.379Z"}
{"level":"info","message":{"ip":"::1","method":"PUT","timestamp":"2025-08-30T08:52:08.799Z","url":"/api/employees/member/NEXT2025111"},"timestamp":"2025-08-30T08:52:08.799Z"}
{"level":"info","message":{"ip":"::1","method":"GET","timestamp":"2025-08-30T08:52:09.541Z","url":"/api/employees/members"},"timestamp":"2025-08-30T08:52:09.541Z"}
{"level":"info","message":{"ip":"::1","method":"GET","timestamp":"2025-08-30T08:52:09.915Z","url":"/api/employees/members"},"timestamp":"2025-08-30T08:52:09.915Z"}
{"level":"info","message":{"ip":"::1","method":"GET","timestamp":"2025-08-30T08:52:12.100Z","url":"/api/employees/member/NEXT2025111"},"timestamp":"2025-08-30T08:52:12.100Z"}
{"level":"info","message":{"ip":"::1","method":"GET","timestamp":"2025-08-30T08:52:12.133Z","url":"/api/employees/member/NEXT2025111"},"timestamp":"2025-08-30T08:52:12.133Z"}
{"level":"info","message":{"ip":"::1","method":"GET","timestamp":"2025-08-30T08:54:05.179Z","url":"/api/employees/members"},"timestamp":"2025-08-30T08:54:05.179Z"}
{"level":"info","message":{"ip":"::1","method":"GET","timestamp":"2025-08-30T08:54:05.181Z","url":"/api/employees/members"},"timestamp":"2025-08-30T08:54:05.182Z"}
{"level":"info","message":{"ip":"::1","method":"GET","timestamp":"2025-08-30T08:54:07.319Z","url":"/api/employees/members"},"timestamp":"2025-08-30T08:54:07.319Z"}
{"level":"info","message":{"ip":"::1","method":"GET","timestamp":"2025-08-30T08:54:07.326Z","url":"/api/employees/members"},"timestamp":"2025-08-30T08:54:07.326Z"}
{"level":"info","message":{"ip":"::1","method":"GET","timestamp":"2025-08-30T08:54:21.069Z","url":"/api/employees/member/NEXT2025128"},"timestamp":"2025-08-30T08:54:21.069Z"}
{"level":"info","message":{"ip":"::1","method":"GET","timestamp":"2025-08-30T08:54:21.084Z","url":"/api/employees/member/NEXT2025128"},"timestamp":"2025-08-30T08:54:21.085Z"}
{"level":"info","message":{"ip":"::1","method":"GET","timestamp":"2025-08-30T08:54:32.609Z","url":"/api/employees/members"},"timestamp":"2025-08-30T08:54:32.609Z"}
{"level":"info","message":{"ip":"::1","method":"GET","timestamp":"2025-08-30T08:54:32.621Z","url":"/api/employees/members"},"timestamp":"2025-08-30T08:54:32.621Z"}
{"level":"info","message":{"ip":"::1","method":"DELETE","timestamp":"2025-08-30T08:54:40.987Z","url":"/api/employees/member/NEXT2025128"},"timestamp":"2025-08-30T08:54:40.987Z"}
{"level":"info","message":{"ip":"::1","method":"GET","timestamp":"2025-08-30T08:54:47.536Z","url":"/api/employees/member/NEXT2025111"},"timestamp":"2025-08-30T08:54:47.536Z"}
{"level":"info","message":{"ip":"::1","method":"GET","timestamp":"2025-08-30T08:54:48.237Z","url":"/api/employees/member/NEXT2025111"},"timestamp":"2025-08-30T08:54:48.237Z"}
{"level":"info","message":{"ip":"::1","method":"GET","timestamp":"2025-08-30T08:54:50.536Z","url":"/api/institutes/all-institutes"},"timestamp":"2025-08-30T08:54:50.536Z"}
{"level":"info","message":{"ip":"::1","method":"GET","timestamp":"2025-08-30T08:54:50.554Z","url":"/api/students/all"},"timestamp":"2025-08-30T08:54:50.554Z"}
{"level":"info","message":{"ip":"::1","method":"GET","timestamp":"2025-08-30T08:54:50.819Z","url":"/api/employees/members"},"timestamp":"2025-08-30T08:54:50.819Z"}
{"level":"info","message":{"ip":"::1","method":"GET","timestamp":"2025-08-30T08:54:50.827Z","url":"/api/feedback/reviews"},"timestamp":"2025-08-30T08:54:50.827Z"}
{"level":"info","message":{"ip":"::1","method":"GET","timestamp":"2025-08-30T08:54:50.917Z","url":"/api/jobs/all"},"timestamp":"2025-08-30T08:54:50.917Z"}
{"level":"info","message":{"ip":"::1","method":"GET","timestamp":"2025-08-30T08:54:51.199Z","url":"/api/institutes/all-institutes"},"timestamp":"2025-08-30T08:54:51.199Z"}
{"level":"info","message":{"ip":"::1","method":"GET","timestamp":"2025-08-30T08:54:51.264Z","url":"/api/students/all"},"timestamp":"2025-08-30T08:54:51.264Z"}
{"level":"info","message":{"ip":"::1","method":"GET","timestamp":"2025-08-30T08:54:51.766Z","url":"/api/feedback/reviews"},"timestamp":"2025-08-30T08:54:51.766Z"}
{"level":"info","message":{"ip":"::1","method":"GET","timestamp":"2025-08-30T08:54:51.822Z","url":"/api/employees/members"},"timestamp":"2025-08-30T08:54:51.822Z"}
{"level":"info","message":{"ip":"::1","method":"GET","timestamp":"2025-08-30T08:54:52.011Z","url":"/api/jobs/all"},"timestamp":"2025-08-30T08:54:52.011Z"}
{"level":"info","message":{"ip":"::1","method":"GET","timestamp":"2025-08-30T08:55:33.817Z","url":"/api/feedback/reviews"},"timestamp":"2025-08-30T08:55:33.817Z"}
{"level":"info","message":{"ip":"::1","method":"GET","timestamp":"2025-08-30T08:55:33.819Z","url":"/api/feedback/reviews"},"timestamp":"2025-08-30T08:55:33.819Z"}
{"level":"info","message":{"ip":"::1","method":"GET","timestamp":"2025-08-30T08:56:22.482Z","url":"/api/institutes/all-institutes"},"timestamp":"2025-08-30T08:56:22.482Z"}
{"level":"info","message":{"ip":"::1","method":"GET","timestamp":"2025-08-30T08:56:23.671Z","url":"/api/institutes/all-institutes"},"timestamp":"2025-08-30T08:56:23.671Z"}
{"level":"info","message":{"ip":"::1","method":"GET","timestamp":"2025-08-30T08:56:34.850Z","url":"/api/jobs/all"},"timestamp":"2025-08-30T08:56:34.850Z"}
{"level":"info","message":{"ip":"::1","method":"GET","timestamp":"2025-08-30T08:56:34.992Z","url":"/api/jobs/all"},"timestamp":"2025-08-30T08:56:34.992Z"}
{"level":"info","message":{"ip":"::1","method":"GET","timestamp":"2025-08-30T08:56:37.828Z","url":"/api/employees/members"},"timestamp":"2025-08-30T08:56:37.828Z"}
{"level":"info","message":{"ip":"::1","method":"GET","timestamp":"2025-08-30T08:56:38.013Z","url":"/api/employees/members"},"timestamp":"2025-08-30T08:56:38.013Z"}
{"level":"info","message":{"ip":"::1","method":"GET","timestamp":"2025-08-30T08:56:41.486Z","url":"/api/students/all"},"timestamp":"2025-08-30T08:56:41.486Z"}
{"level":"info","message":{"ip":"::1","method":"GET","timestamp":"2025-08-30T08:56:41.491Z","url":"/api/students/all"},"timestamp":"2025-08-30T08:56:41.491Z"}
{"level":"info","message":{"ip":"::1","method":"GET","timestamp":"2025-08-30T08:58:03.106Z","url":"/api/students/all"},"timestamp":"2025-08-30T08:58:03.106Z"}
{"level":"info","message":{"ip":"::1","method":"GET","timestamp":"2025-08-30T08:58:03.109Z","url":"/api/students/all"},"timestamp":"2025-08-30T08:58:03.109Z"}
{"level":"info","message":{"ip":"::1","method":"DELETE","timestamp":"2025-08-30T08:58:05.527Z","url":"/api/students/auth/delete"},"timestamp":"2025-08-30T08:58:05.527Z"}
{"level":"info","message":{"ip":"::1","method":"GET","timestamp":"2025-08-30T09:01:14.076Z","url":"/api/students/all"},"timestamp":"2025-08-30T09:01:14.077Z"}
{"level":"info","message":{"ip":"::1","method":"GET","timestamp":"2025-08-30T09:01:14.081Z","url":"/api/students/all"},"timestamp":"2025-08-30T09:01:14.081Z"}
{"level":"info","message":{"ip":"::1","method":"DELETE","timestamp":"2025-08-30T09:01:17.214Z","url":"/api/students/auth/delete"},"timestamp":"2025-08-30T09:01:17.214Z"}
{"level":"info","message":{"ip":"::1","method":"GET","timestamp":"2025-08-30T09:02:33.370Z","url":"/api/students/all"},"timestamp":"2025-08-30T09:02:33.371Z"}
{"level":"info","message":{"ip":"::1","method":"GET","timestamp":"2025-08-30T09:02:33.374Z","url":"/api/students/all"},"timestamp":"2025-08-30T09:02:33.374Z"}
{"level":"info","message":{"ip":"::1","method":"DELETE","timestamp":"2025-08-30T09:02:35.449Z","url":"/api/students/auth/delete"},"timestamp":"2025-08-30T09:02:35.449Z"}
{"level":"info","message":{"ip":"::1","method":"GET","timestamp":"2025-08-30T09:03:21.212Z","url":"/api/institutes/all-institutes"},"timestamp":"2025-08-30T09:03:21.212Z"}
{"level":"info","message":{"ip":"::1","method":"GET","timestamp":"2025-08-30T09:03:21.213Z","url":"/api/students/all"},"timestamp":"2025-08-30T09:03:21.213Z"}
{"level":"info","message":{"ip":"::1","method":"GET","timestamp":"2025-08-30T09:03:21.216Z","url":"/api/jobs/all"},"timestamp":"2025-08-30T09:03:21.216Z"}
{"level":"info","message":{"ip":"::1","method":"GET","timestamp":"2025-08-30T09:03:21.224Z","url":"/api/feedback/reviews"},"timestamp":"2025-08-30T09:03:21.224Z"}
{"level":"info","message":{"ip":"::1","method":"GET","timestamp":"2025-08-30T09:03:21.231Z","url":"/api/employees/members"},"timestamp":"2025-08-30T09:03:21.231Z"}
{"level":"info","message":{"ip":"::1","method":"GET","timestamp":"2025-08-30T09:03:21.393Z","url":"/api/students/all"},"timestamp":"2025-08-30T09:03:21.393Z"}
{"level":"info","message":{"ip":"::1","method":"GET","timestamp":"2025-08-30T09:03:21.563Z","url":"/api/institutes/all-institutes"},"timestamp":"2025-08-30T09:03:21.563Z"}
{"level":"info","message":{"ip":"::1","method":"GET","timestamp":"2025-08-30T09:03:22.007Z","url":"/api/jobs/all"},"timestamp":"2025-08-30T09:03:22.007Z"}
{"level":"info","message":{"ip":"::1","method":"GET","timestamp":"2025-08-30T09:03:22.012Z","url":"/api/feedback/reviews"},"timestamp":"2025-08-30T09:03:22.012Z"}
{"level":"info","message":{"ip":"::1","method":"GET","timestamp":"2025-08-30T09:03:22.026Z","url":"/api/employees/members"},"timestamp":"2025-08-30T09:03:22.026Z"}
{"level":"info","message":{"ip":"::1","method":"GET","timestamp":"2025-08-30T09:03:26.110Z","url":"/api/students/all"},"timestamp":"2025-08-30T09:03:26.110Z"}
{"level":"info","message":{"ip":"::1","method":"GET","timestamp":"2025-08-30T09:03:26.115Z","url":"/api/students/all"},"timestamp":"2025-08-30T09:03:26.115Z"}
{"level":"info","message":{"ip":"::1","method":"GET","timestamp":"2025-08-30T09:04:10.458Z","url":"/api/students/583fb26a-2015-45ea-922f-cc6c1ff5ffa8"},"timestamp":"2025-08-30T09:04:10.458Z"}
{"level":"info","message":{"ip":"::1","method":"GET","timestamp":"2025-08-30T09:04:10.807Z","url":"/api/students/583fb26a-2015-45ea-922f-cc6c1ff5ffa8"},"timestamp":"2025-08-30T09:04:10.807Z"}
{"level":"info","message":{"ip":"::1","method":"GET","timestamp":"2025-08-30T09:04:14.026Z","url":"/api/students/all"},"timestamp":"2025-08-30T09:04:14.027Z"}
{"level":"info","message":{"ip":"::1","method":"GET","timestamp":"2025-08-30T09:04:14.037Z","url":"/api/students/all"},"timestamp":"2025-08-30T09:04:14.037Z"}
{"level":"info","message":{"ip":"::1","method":"GET","timestamp":"2025-08-30T09:05:08.568Z","url":"/api/institutes/all-institutes"},"timestamp":"2025-08-30T09:05:08.568Z"}
{"level":"info","message":{"ip":"::1","method":"GET","timestamp":"2025-08-30T09:05:08.573Z","url":"/api/students/all"},"timestamp":"2025-08-30T09:05:08.573Z"}
{"level":"info","message":{"ip":"::1","method":"GET","timestamp":"2025-08-30T09:05:08.579Z","url":"/api/jobs/all"},"timestamp":"2025-08-30T09:05:08.579Z"}
{"level":"info","message":{"ip":"::1","method":"GET","timestamp":"2025-08-30T09:05:08.583Z","url":"/api/feedback/reviews"},"timestamp":"2025-08-30T09:05:08.583Z"}
{"level":"info","message":{"ip":"::1","method":"GET","timestamp":"2025-08-30T09:05:08.592Z","url":"/api/employees/members"},"timestamp":"2025-08-30T09:05:08.592Z"}
{"level":"info","message":{"ip":"::1","method":"GET","timestamp":"2025-08-30T09:05:08.595Z","url":"/api/students/583fb26a-2015-45ea-922f-cc6c1ff5ffa8"},"timestamp":"2025-08-30T09:05:08.595Z"}
{"level":"info","message":{"ip":"::1","method":"GET","timestamp":"2025-08-30T09:05:08.745Z","url":"/api/students/all"},"timestamp":"2025-08-30T09:05:08.745Z"}
{"level":"info","message":{"ip":"::1","method":"GET","timestamp":"2025-08-30T09:05:08.749Z","url":"/api/jobs/all"},"timestamp":"2025-08-30T09:05:08.750Z"}
{"level":"info","message":{"ip":"::1","method":"GET","timestamp":"2025-08-30T09:05:08.842Z","url":"/api/feedback/reviews"},"timestamp":"2025-08-30T09:05:08.842Z"}
{"level":"info","message":{"ip":"::1","method":"GET","timestamp":"2025-08-30T09:05:08.847Z","url":"/api/employees/members"},"timestamp":"2025-08-30T09:05:08.847Z"}
{"level":"info","message":{"ip":"::1","method":"GET","timestamp":"2025-08-30T09:05:08.923Z","url":"/api/institutes/all-institutes"},"timestamp":"2025-08-30T09:05:08.923Z"}
{"level":"info","message":{"ip":"::1","method":"GET","timestamp":"2025-08-30T09:05:09.409Z","url":"/api/students/583fb26a-2015-45ea-922f-cc6c1ff5ffa8"},"timestamp":"2025-08-30T09:05:09.409Z"}
{"level":"info","message":{"ip":"::1","method":"GET","timestamp":"2025-08-30T09:06:06.721Z","url":"/api/institutes/all-institutes"},"timestamp":"2025-08-30T09:06:06.721Z"}
{"level":"info","message":{"ip":"::1","method":"GET","timestamp":"2025-08-30T09:06:06.732Z","url":"/api/students/all"},"timestamp":"2025-08-30T09:06:06.732Z"}
{"level":"info","message":{"ip":"::1","method":"GET","timestamp":"2025-08-30T09:06:06.736Z","url":"/api/jobs/all"},"timestamp":"2025-08-30T09:06:06.737Z"}
{"level":"info","message":{"ip":"::1","method":"GET","timestamp":"2025-08-30T09:06:06.740Z","url":"/api/feedback/reviews"},"timestamp":"2025-08-30T09:06:06.740Z"}
{"level":"info","message":{"ip":"::1","method":"GET","timestamp":"2025-08-30T09:06:06.742Z","url":"/api/employees/members"},"timestamp":"2025-08-30T09:06:06.742Z"}
{"level":"info","message":{"ip":"::1","method":"GET","timestamp":"2025-08-30T09:06:06.745Z","url":"/api/students/583fb26a-2015-45ea-922f-cc6c1ff5ffa8"},"timestamp":"2025-08-30T09:06:06.745Z"}
{"level":"info","message":{"ip":"::1","method":"GET","timestamp":"2025-08-30T09:06:06.907Z","url":"/api/students/all"},"timestamp":"2025-08-30T09:06:06.907Z"}
{"level":"info","message":{"ip":"::1","method":"GET","timestamp":"2025-08-30T09:06:06.911Z","url":"/api/feedback/reviews"},"timestamp":"2025-08-30T09:06:06.911Z"}
{"level":"info","message":{"ip":"::1","method":"GET","timestamp":"2025-08-30T09:06:06.988Z","url":"/api/jobs/all"},"timestamp":"2025-08-30T09:06:06.988Z"}
{"level":"info","message":{"ip":"::1","method":"GET","timestamp":"2025-08-30T09:06:06.993Z","url":"/api/employees/members"},"timestamp":"2025-08-30T09:06:06.993Z"}
{"level":"info","message":{"ip":"::1","method":"GET","timestamp":"2025-08-30T09:06:07.013Z","url":"/api/students/583fb26a-2015-45ea-922f-cc6c1ff5ffa8"},"timestamp":"2025-08-30T09:06:07.013Z"}
{"level":"info","message":{"ip":"::1","method":"GET","timestamp":"2025-08-30T09:06:07.060Z","url":"/api/institutes/all-institutes"},"timestamp":"2025-08-30T09:06:07.060Z"}
{"level":"info","message":{"ip":"::1","method":"GET","timestamp":"2025-08-30T09:07:02.711Z","url":"/api/institutes/all-institutes"},"timestamp":"2025-08-30T09:07:02.711Z"}
{"level":"info","message":{"ip":"::1","method":"GET","timestamp":"2025-08-30T09:07:02.721Z","url":"/api/students/all"},"timestamp":"2025-08-30T09:07:02.721Z"}
{"level":"info","message":{"ip":"::1","method":"GET","timestamp":"2025-08-30T09:07:02.730Z","url":"/api/jobs/all"},"timestamp":"2025-08-30T09:07:02.730Z"}
{"level":"info","message":{"ip":"::1","method":"GET","timestamp":"2025-08-30T09:07:02.734Z","url":"/api/feedback/reviews"},"timestamp":"2025-08-30T09:07:02.734Z"}
{"level":"info","message":{"ip":"::1","method":"GET","timestamp":"2025-08-30T09:07:02.739Z","url":"/api/employees/members"},"timestamp":"2025-08-30T09:07:02.739Z"}
{"level":"info","message":{"ip":"::1","method":"GET","timestamp":"2025-08-30T09:07:02.741Z","url":"/api/students/583fb26a-2015-45ea-922f-cc6c1ff5ffa8"},"timestamp":"2025-08-30T09:07:02.741Z"}
{"level":"info","message":{"ip":"::1","method":"GET","timestamp":"2025-08-30T09:07:02.983Z","url":"/api/students/all"},"timestamp":"2025-08-30T09:07:02.983Z"}
{"level":"info","message":{"ip":"::1","method":"GET","timestamp":"2025-08-30T09:07:02.990Z","url":"/api/jobs/all"},"timestamp":"2025-08-30T09:07:02.990Z"}
{"level":"info","message":{"ip":"::1","method":"GET","timestamp":"2025-08-30T09:07:02.994Z","url":"/api/students/583fb26a-2015-45ea-922f-cc6c1ff5ffa8"},"timestamp":"2025-08-30T09:07:02.994Z"}
{"level":"info","message":{"ip":"::1","method":"GET","timestamp":"2025-08-30T09:07:02.998Z","url":"/api/employees/members"},"timestamp":"2025-08-30T09:07:02.998Z"}
{"level":"info","message":{"ip":"::1","method":"GET","timestamp":"2025-08-30T09:07:03.647Z","url":"/api/feedback/reviews"},"timestamp":"2025-08-30T09:07:03.647Z"}
{"level":"info","message":{"ip":"::1","method":"GET","timestamp":"2025-08-30T09:07:03.754Z","url":"/api/institutes/all-institutes"},"timestamp":"2025-08-30T09:07:03.754Z"}
{"level":"info","message":{"ip":"::1","method":"GET","timestamp":"2025-08-30T09:08:18.348Z","url":"/api/students/all"},"timestamp":"2025-08-30T09:08:18.348Z"}
{"level":"info","message":{"ip":"::1","method":"GET","timestamp":"2025-08-30T09:08:18.355Z","url":"/api/students/all"},"timestamp":"2025-08-30T09:08:18.355Z"}
{"level":"info","message":{"ip":"::1","method":"GET","timestamp":"2025-08-30T09:08:20.451Z","url":"/api/students/all"},"timestamp":"2025-08-30T09:08:20.451Z"}
{"level":"info","message":{"ip":"::1","method":"GET","timestamp":"2025-08-30T09:08:20.453Z","url":"/api/students/all"},"timestamp":"2025-08-30T09:08:20.453Z"}
{"level":"info","message":{"ip":"::1","method":"GET","timestamp":"2025-08-30T09:08:22.862Z","url":"/api/institutes/all-institutes"},"timestamp":"2025-08-30T09:08:22.862Z"}
{"level":"info","message":{"ip":"::1","method":"GET","timestamp":"2025-08-30T09:08:22.874Z","url":"/api/students/all"},"timestamp":"2025-08-30T09:08:22.874Z"}
{"level":"info","message":{"ip":"::1","method":"GET","timestamp":"2025-08-30T09:08:22.878Z","url":"/api/jobs/all"},"timestamp":"2025-08-30T09:08:22.878Z"}
{"level":"info","message":{"ip":"::1","method":"GET","timestamp":"2025-08-30T09:08:22.886Z","url":"/api/feedback/reviews"},"timestamp":"2025-08-30T09:08:22.891Z"}
{"level":"info","message":{"ip":"::1","method":"GET","timestamp":"2025-08-30T09:08:22.909Z","url":"/api/employees/members"},"timestamp":"2025-08-30T09:08:22.909Z"}
{"level":"info","message":{"ip":"::1","method":"GET","timestamp":"2025-08-30T09:08:22.940Z","url":"/api/students/583fb26a-2015-45ea-922f-cc6c1ff5ffa8"},"timestamp":"2025-08-30T09:08:22.940Z"}
{"level":"info","message":{"ip":"::1","method":"GET","timestamp":"2025-08-30T09:08:22.969Z","url":"/api/students/all"},"timestamp":"2025-08-30T09:08:22.969Z"}
{"level":"info","message":{"ip":"::1","method":"GET","timestamp":"2025-08-30T09:08:23.119Z","url":"/api/students/583fb26a-2015-45ea-922f-cc6c1ff5ffa8"},"timestamp":"2025-08-30T09:08:23.119Z"}
{"level":"info","message":{"ip":"::1","method":"GET","timestamp":"2025-08-30T09:08:23.129Z","url":"/api/institutes/all-institutes"},"timestamp":"2025-08-30T09:08:23.129Z"}
{"level":"info","message":{"ip":"::1","method":"GET","timestamp":"2025-08-30T09:08:23.803Z","url":"/api/jobs/all"},"timestamp":"2025-08-30T09:08:23.803Z"}
{"level":"info","message":{"ip":"::1","method":"GET","timestamp":"2025-08-30T09:08:24.173Z","url":"/api/feedback/reviews"},"timestamp":"2025-08-30T09:08:24.173Z"}
{"level":"info","message":{"ip":"::1","method":"GET","timestamp":"2025-08-30T09:08:24.178Z","url":"/api/employees/members"},"timestamp":"2025-08-30T09:08:24.179Z"}
{"level":"info","message":{"ip":"::1","method":"GET","timestamp":"2025-08-30T09:08:50.623Z","url":"/api/institutes/all-institutes"},"timestamp":"2025-08-30T09:08:50.623Z"}
{"level":"info","message":{"ip":"::1","method":"GET","timestamp":"2025-08-30T09:08:50.625Z","url":"/api/students/all"},"timestamp":"2025-08-30T09:08:50.625Z"}
{"level":"info","message":{"ip":"::1","method":"GET","timestamp":"2025-08-30T09:08:50.626Z","url":"/api/jobs/all"},"timestamp":"2025-08-30T09:08:50.626Z"}
{"level":"info","message":{"ip":"::1","method":"GET","timestamp":"2025-08-30T09:08:50.628Z","url":"/api/feedback/reviews"},"timestamp":"2025-08-30T09:08:50.628Z"}
{"level":"info","message":{"ip":"::1","method":"GET","timestamp":"2025-08-30T09:08:50.630Z","url":"/api/employees/members"},"timestamp":"2025-08-30T09:08:50.630Z"}
{"level":"info","message":{"ip":"::1","method":"GET","timestamp":"2025-08-30T09:08:50.636Z","url":"/api/students/583fb26a-2015-45ea-922f-cc6c1ff5ffa8"},"timestamp":"2025-08-30T09:08:50.636Z"}
{"level":"info","message":{"ip":"::1","method":"GET","timestamp":"2025-08-30T09:09:02.749Z","url":"/api/institutes/all-institutes"},"timestamp":"2025-08-30T09:09:02.749Z"}
{"level":"info","message":{"ip":"::1","method":"GET","timestamp":"2025-08-30T09:09:02.751Z","url":"/api/students/all"},"timestamp":"2025-08-30T09:09:02.751Z"}
{"level":"info","message":{"ip":"::1","method":"GET","timestamp":"2025-08-30T09:09:02.753Z","url":"/api/jobs/all"},"timestamp":"2025-08-30T09:09:02.753Z"}
{"level":"info","message":{"ip":"::1","method":"GET","timestamp":"2025-08-30T09:09:02.754Z","url":"/api/feedback/reviews"},"timestamp":"2025-08-30T09:09:02.754Z"}
{"level":"info","message":{"ip":"::1","method":"GET","timestamp":"2025-08-30T09:09:02.755Z","url":"/api/employees/members"},"timestamp":"2025-08-30T09:09:02.755Z"}
{"level":"info","message":{"ip":"::1","method":"GET","timestamp":"2025-08-30T09:09:02.756Z","url":"/api/students/583fb26a-2015-45ea-922f-cc6c1ff5ffa8"},"timestamp":"2025-08-30T09:09:02.756Z"}
{"level":"info","message":{"ip":"::1","method":"GET","timestamp":"2025-08-30T09:09:02.840Z","url":"/api/students/all"},"timestamp":"2025-08-30T09:09:02.840Z"}
{"level":"info","message":{"ip":"::1","method":"GET","timestamp":"2025-08-30T09:09:02.843Z","url":"/api/feedback/reviews"},"timestamp":"2025-08-30T09:09:02.843Z"}
{"level":"info","message":{"ip":"::1","method":"GET","timestamp":"2025-08-30T09:09:02.848Z","url":"/api/employees/members"},"timestamp":"2025-08-30T09:09:02.849Z"}
{"level":"info","message":{"ip":"::1","method":"GET","timestamp":"2025-08-30T09:09:02.912Z","url":"/api/institutes/all-institutes"},"timestamp":"2025-08-30T09:09:02.912Z"}
{"level":"info","message":{"ip":"::1","method":"GET","timestamp":"2025-08-30T09:09:02.919Z","url":"/api/jobs/all"},"timestamp":"2025-08-30T09:09:02.919Z"}
{"level":"info","message":{"ip":"::1","method":"GET","timestamp":"2025-08-30T09:09:02.926Z","url":"/api/students/583fb26a-2015-45ea-922f-cc6c1ff5ffa8"},"timestamp":"2025-08-30T09:09:02.926Z"}
{"level":"info","message":{"ip":"::1","method":"GET","timestamp":"2025-08-30T09:09:04.957Z","url":"/api/students/all"},"timestamp":"2025-08-30T09:09:04.957Z"}
{"level":"info","message":{"ip":"::1","method":"GET","timestamp":"2025-08-30T09:09:04.959Z","url":"/api/students/all"},"timestamp":"2025-08-30T09:09:04.959Z"}
{"level":"info","message":{"ip":"::1","method":"GET","timestamp":"2025-08-30T09:09:07.342Z","url":"/api/students/all"},"timestamp":"2025-08-30T09:09:07.342Z"}
{"level":"info","message":{"ip":"::1","method":"GET","timestamp":"2025-08-30T09:09:07.350Z","url":"/api/students/all"},"timestamp":"2025-08-30T09:09:07.350Z"}
{"level":"info","message":{"ip":"::1","method":"GET","timestamp":"2025-08-30T09:09:10.670Z","url":"/api/institutes/all-institutes"},"timestamp":"2025-08-30T09:09:10.670Z"}
{"level":"info","message":{"ip":"::1","method":"GET","timestamp":"2025-08-30T09:09:10.675Z","url":"/api/students/all"},"timestamp":"2025-08-30T09:09:10.675Z"}
{"level":"info","message":{"ip":"::1","method":"GET","timestamp":"2025-08-30T09:09:10.678Z","url":"/api/jobs/all"},"timestamp":"2025-08-30T09:09:10.678Z"}
{"level":"info","message":{"ip":"::1","method":"GET","timestamp":"2025-08-30T09:09:10.681Z","url":"/api/feedback/reviews"},"timestamp":"2025-08-30T09:09:10.681Z"}
{"level":"info","message":{"ip":"::1","method":"GET","timestamp":"2025-08-30T09:09:10.964Z","url":"/api/employees/members"},"timestamp":"2025-08-30T09:09:10.965Z"}
{"level":"info","message":{"ip":"::1","method":"GET","timestamp":"2025-08-30T09:09:10.968Z","url":"/api/students/583fb26a-2015-45ea-922f-cc6c1ff5ffa8"},"timestamp":"2025-08-30T09:09:10.968Z"}
{"level":"info","message":{"ip":"::1","method":"GET","timestamp":"2025-08-30T09:09:10.997Z","url":"/api/institutes/all-institutes"},"timestamp":"2025-08-30T09:09:10.997Z"}
{"level":"info","message":{"ip":"::1","method":"GET","timestamp":"2025-08-30T09:09:10.999Z","url":"/api/students/all"},"timestamp":"2025-08-30T09:09:10.999Z"}
{"level":"info","message":{"ip":"::1","method":"GET","timestamp":"2025-08-30T09:09:11.060Z","url":"/api/employees/members"},"timestamp":"2025-08-30T09:09:11.060Z"}
{"level":"info","message":{"ip":"::1","method":"GET","timestamp":"2025-08-30T09:09:11.130Z","url":"/api/jobs/all"},"timestamp":"2025-08-30T09:09:11.130Z"}
{"level":"info","message":{"ip":"::1","method":"GET","timestamp":"2025-08-30T09:09:11.134Z","url":"/api/feedback/reviews"},"timestamp":"2025-08-30T09:09:11.134Z"}
{"level":"info","message":{"ip":"::1","method":"GET","timestamp":"2025-08-30T09:09:11.217Z","url":"/api/students/583fb26a-2015-45ea-922f-cc6c1ff5ffa8"},"timestamp":"2025-08-30T09:09:11.217Z"}
{"level":"info","message":{"ip":"::1","method":"GET","timestamp":"2025-08-30T09:09:57.806Z","url":"/api/institutes/all-institutes"},"timestamp":"2025-08-30T09:09:57.806Z"}
{"level":"info","message":{"ip":"::1","method":"GET","timestamp":"2025-08-30T09:09:57.808Z","url":"/api/students/all"},"timestamp":"2025-08-30T09:09:57.808Z"}
{"level":"info","message":{"ip":"::1","method":"GET","timestamp":"2025-08-30T09:09:57.820Z","url":"/api/jobs/all"},"timestamp":"2025-08-30T09:09:57.820Z"}
{"level":"info","message":{"ip":"::1","method":"GET","timestamp":"2025-08-30T09:09:57.848Z","url":"/api/feedback/reviews"},"timestamp":"2025-08-30T09:09:57.848Z"}
{"level":"info","message":{"ip":"::1","method":"GET","timestamp":"2025-08-30T09:09:57.850Z","url":"/api/employees/members"},"timestamp":"2025-08-30T09:09:57.850Z"}
{"level":"info","message":{"ip":"::1","method":"GET","timestamp":"2025-08-30T09:09:57.855Z","url":"/api/students/583fb26a-2015-45ea-922f-cc6c1ff5ffa8"},"timestamp":"2025-08-30T09:09:57.855Z"}
{"level":"info","message":{"ip":"::1","method":"GET","timestamp":"2025-08-30T09:09:57.985Z","url":"/api/students/all"},"timestamp":"2025-08-30T09:09:57.985Z"}
{"level":"info","message":{"ip":"::1","method":"GET","timestamp":"2025-08-30T09:09:58.016Z","url":"/api/employees/members"},"timestamp":"2025-08-30T09:09:58.016Z"}
{"level":"info","message":{"ip":"::1","method":"GET","timestamp":"2025-08-30T09:09:58.020Z","url":"/api/feedback/reviews"},"timestamp":"2025-08-30T09:09:58.020Z"}
{"level":"info","message":{"ip":"::1","method":"GET","timestamp":"2025-08-30T09:09:58.031Z","url":"/api/students/583fb26a-2015-45ea-922f-cc6c1ff5ffa8"},"timestamp":"2025-08-30T09:09:58.031Z"}
{"level":"info","message":{"ip":"::1","method":"GET","timestamp":"2025-08-30T09:09:58.111Z","url":"/api/jobs/all"},"timestamp":"2025-08-30T09:09:58.111Z"}
{"level":"info","message":{"ip":"::1","method":"GET","timestamp":"2025-08-30T09:09:58.162Z","url":"/api/institutes/all-institutes"},"timestamp":"2025-08-30T09:09:58.162Z"}
{"level":"info","message":{"ip":"::1","method":"GET","timestamp":"2025-08-30T09:10:39.431Z","url":"/api/institutes/all-institutes"},"timestamp":"2025-08-30T09:10:39.431Z"}
{"level":"info","message":{"ip":"::1","method":"GET","timestamp":"2025-08-30T09:10:39.468Z","url":"/api/students/all"},"timestamp":"2025-08-30T09:10:39.468Z"}
{"level":"info","message":{"ip":"::1","method":"GET","timestamp":"2025-08-30T09:10:39.472Z","url":"/api/jobs/all"},"timestamp":"2025-08-30T09:10:39.472Z"}
{"level":"info","message":{"ip":"::1","method":"GET","timestamp":"2025-08-30T09:10:39.479Z","url":"/api/feedback/reviews"},"timestamp":"2025-08-30T09:10:39.479Z"}
{"level":"info","message":{"ip":"::1","method":"GET","timestamp":"2025-08-30T09:10:39.481Z","url":"/api/employees/members"},"timestamp":"2025-08-30T09:10:39.481Z"}
{"level":"info","message":{"ip":"::1","method":"GET","timestamp":"2025-08-30T09:10:39.537Z","url":"/api/students/583fb26a-2015-45ea-922f-cc6c1ff5ffa8"},"timestamp":"2025-08-30T09:10:39.537Z"}
{"level":"info","message":{"ip":"::1","method":"GET","timestamp":"2025-08-30T09:10:39.644Z","url":"/api/feedback/reviews"},"timestamp":"2025-08-30T09:10:39.644Z"}
{"level":"info","message":{"ip":"::1","method":"GET","timestamp":"2025-08-30T09:10:39.647Z","url":"/api/jobs/all"},"timestamp":"2025-08-30T09:10:39.647Z"}
{"level":"info","message":{"ip":"::1","method":"GET","timestamp":"2025-08-30T09:10:39.699Z","url":"/api/institutes/all-institutes"},"timestamp":"2025-08-30T09:10:39.700Z"}
{"level":"info","message":{"ip":"::1","method":"GET","timestamp":"2025-08-30T09:10:39.704Z","url":"/api/employees/members"},"timestamp":"2025-08-30T09:10:39.704Z"}
{"level":"info","message":{"ip":"::1","method":"GET","timestamp":"2025-08-30T09:10:39.712Z","url":"/api/students/583fb26a-2015-45ea-922f-cc6c1ff5ffa8"},"timestamp":"2025-08-30T09:10:39.712Z"}
{"level":"info","message":{"ip":"::1","method":"GET","timestamp":"2025-08-30T09:10:40.305Z","url":"/api/students/all"},"timestamp":"2025-08-30T09:10:40.305Z"}
{"level":"info","message":{"ip":"::1","method":"GET","timestamp":"2025-08-30T09:10:56.047Z","url":"/api/students/all"},"timestamp":"2025-08-30T09:10:56.047Z"}
{"level":"info","message":{"ip":"::1","method":"GET","timestamp":"2025-08-30T09:10:56.049Z","url":"/api/students/all"},"timestamp":"2025-08-30T09:10:56.049Z"}
{"level":"info","message":{"ip":"::1","method":"GET","timestamp":"2025-08-30T09:10:59.511Z","url":"/api/students/583fb26a-2015-45ea-922f-cc6c1ff5ffa8"},"timestamp":"2025-08-30T09:10:59.511Z"}
{"level":"info","message":{"ip":"::1","method":"GET","timestamp":"2025-08-30T09:10:59.684Z","url":"/api/students/583fb26a-2015-45ea-922f-cc6c1ff5ffa8"},"timestamp":"2025-08-30T09:10:59.684Z"}
{"level":"info","message":{"ip":"::1","method":"GET","timestamp":"2025-08-30T09:11:04.320Z","url":"/api/students/583fb26a-2015-45ea-922f-cc6c1ff5ffa8"},"timestamp":"2025-08-30T09:11:04.320Z"}
{"level":"info","message":{"ip":"::1","method":"GET","timestamp":"2025-08-30T09:11:04.413Z","url":"/api/students/583fb26a-2015-45ea-922f-cc6c1ff5ffa8"},"timestamp":"2025-08-30T09:11:04.413Z"}
{"level":"info","message":{"ip":"::1","method":"GET","timestamp":"2025-08-30T09:11:16.129Z","url":"/api/students/all"},"timestamp":"2025-08-30T09:11:16.129Z"}
{"level":"info","message":{"ip":"::1","method":"GET","timestamp":"2025-08-30T09:11:16.146Z","url":"/api/students/all"},"timestamp":"2025-08-30T09:11:16.146Z"}
{"level":"info","message":{"ip":"::1","method":"GET","timestamp":"2025-08-30T09:11:29.309Z","url":"/api/institutes/all-institutes"},"timestamp":"2025-08-30T09:11:29.309Z"}
{"level":"info","message":{"ip":"::1","method":"GET","timestamp":"2025-08-30T09:11:29.312Z","url":"/api/students/all"},"timestamp":"2025-08-30T09:11:29.312Z"}
{"level":"info","message":{"ip":"::1","method":"GET","timestamp":"2025-08-30T09:11:29.316Z","url":"/api/jobs/all"},"timestamp":"2025-08-30T09:11:29.316Z"}
{"level":"info","message":{"ip":"::1","method":"GET","timestamp":"2025-08-30T09:11:29.319Z","url":"/api/feedback/reviews"},"timestamp":"2025-08-30T09:11:29.319Z"}
{"level":"info","message":{"ip":"::1","method":"GET","timestamp":"2025-08-30T09:11:29.323Z","url":"/api/employees/members"},"timestamp":"2025-08-30T09:11:29.323Z"}
{"level":"info","message":{"ip":"::1","method":"GET","timestamp":"2025-08-30T09:11:29.326Z","url":"/api/students/583fb26a-2015-45ea-922f-cc6c1ff5ffa8"},"timestamp":"2025-08-30T09:11:29.326Z"}
{"level":"info","message":{"ip":"::1","method":"GET","timestamp":"2025-08-30T09:11:29.401Z","url":"/api/students/all"},"timestamp":"2025-08-30T09:11:29.401Z"}
{"level":"info","message":{"ip":"::1","method":"GET","timestamp":"2025-08-30T09:11:29.480Z","url":"/api/institutes/all-institutes"},"timestamp":"2025-08-30T09:11:29.480Z"}
{"level":"info","message":{"ip":"::1","method":"GET","timestamp":"2025-08-30T09:11:29.487Z","url":"/api/employees/members"},"timestamp":"2025-08-30T09:11:29.487Z"}
{"level":"info","message":{"ip":"::1","method":"GET","timestamp":"2025-08-30T09:11:29.497Z","url":"/api/jobs/all"},"timestamp":"2025-08-30T09:11:29.497Z"}
{"level":"info","message":{"ip":"::1","method":"GET","timestamp":"2025-08-30T09:11:29.499Z","url":"/api/students/583fb26a-2015-45ea-922f-cc6c1ff5ffa8"},"timestamp":"2025-08-30T09:11:29.499Z"}
{"level":"info","message":{"ip":"::1","method":"GET","timestamp":"2025-08-30T09:11:29.502Z","url":"/api/feedback/reviews"},"timestamp":"2025-08-30T09:11:29.502Z"}
{"level":"info","message":{"ip":"::1","method":"GET","timestamp":"2025-08-30T09:11:36.208Z","url":"/api/students/all"},"timestamp":"2025-08-30T09:11:36.209Z"}
{"level":"info","message":{"ip":"::1","method":"GET","timestamp":"2025-08-30T09:11:36.211Z","url":"/api/students/all"},"timestamp":"2025-08-30T09:11:36.211Z"}
{"level":"info","message":{"ip":"::1","method":"GET","timestamp":"2025-08-30T09:21:14.872Z","url":"/api/students/all"},"timestamp":"2025-08-30T09:21:14.874Z"}
{"level":"info","message":{"ip":"::1","method":"GET","timestamp":"2025-08-30T09:21:14.901Z","url":"/api/students/all"},"timestamp":"2025-08-30T09:21:14.901Z"}
{"level":"info","message":{"ip":"::1","method":"GET","timestamp":"2025-08-30T09:21:17.155Z","url":"/api/students/all"},"timestamp":"2025-08-30T09:21:17.155Z"}
{"level":"info","message":{"ip":"::1","method":"GET","timestamp":"2025-08-30T09:21:17.165Z","url":"/api/students/all"},"timestamp":"2025-08-30T09:21:17.165Z"}
{"level":"info","message":{"ip":"::1","method":"GET","timestamp":"2025-08-30T09:21:33.949Z","url":"/api/students/all"},"timestamp":"2025-08-30T09:21:33.949Z"}
{"level":"info","message":{"ip":"::1","method":"GET","timestamp":"2025-08-30T09:21:33.957Z","url":"/api/students/all"},"timestamp":"2025-08-30T09:21:33.957Z"}
{"level":"info","message":{"ip":"::1","method":"GET","timestamp":"2025-08-30T09:21:36.699Z","url":"/api/institutes/all-institutes"},"timestamp":"2025-08-30T09:21:36.699Z"}
{"level":"info","message":{"ip":"::1","method":"GET","timestamp":"2025-08-30T09:21:36.709Z","url":"/api/students/all"},"timestamp":"2025-08-30T09:21:36.709Z"}
{"level":"info","message":{"ip":"::1","method":"GET","timestamp":"2025-08-30T09:21:36.754Z","url":"/api/jobs/all"},"timestamp":"2025-08-30T09:21:36.754Z"}
{"level":"info","message":{"ip":"::1","method":"GET","timestamp":"2025-08-30T09:21:37.458Z","url":"/api/feedback/reviews"},"timestamp":"2025-08-30T09:21:37.458Z"}
{"level":"info","message":{"ip":"::1","method":"GET","timestamp":"2025-08-30T09:21:37.475Z","url":"/api/employees/members"},"timestamp":"2025-08-30T09:21:37.475Z"}
{"level":"info","message":{"ip":"::1","method":"GET","timestamp":"2025-08-30T09:21:37.483Z","url":"/api/students/583fb26a-2015-45ea-922f-cc6c1ff5ffa8"},"timestamp":"2025-08-30T09:21:37.483Z"}
{"level":"info","message":{"ip":"::1","method":"GET","timestamp":"2025-08-30T09:21:37.676Z","url":"/api/students/all"},"timestamp":"2025-08-30T09:21:37.676Z"}
{"level":"info","message":{"ip":"::1","method":"GET","timestamp":"2025-08-30T09:21:38.160Z","url":"/api/students/all"},"timestamp":"2025-08-30T09:21:38.161Z"}
{"level":"info","message":{"ip":"::1","method":"GET","timestamp":"2025-08-30T09:21:38.206Z","url":"/api/students/583fb26a-2015-45ea-922f-cc6c1ff5ffa8"},"timestamp":"2025-08-30T09:21:38.206Z"}
{"level":"info","message":{"ip":"::1","method":"GET","timestamp":"2025-08-30T09:21:38.238Z","url":"/api/students/all"},"timestamp":"2025-08-30T09:21:38.238Z"}
{"level":"info","message":{"ip":"::1","method":"GET","timestamp":"2025-08-30T09:21:38.982Z","url":"/api/students/all"},"timestamp":"2025-08-30T09:21:38.982Z"}
{"level":"info","message":{"ip":"::1","method":"GET","timestamp":"2025-08-30T09:21:39.005Z","url":"/api/students/all"},"timestamp":"2025-08-30T09:21:39.005Z"}
{"level":"info","message":{"ip":"::1","method":"GET","timestamp":"2025-08-30T09:21:39.057Z","url":"/api/students/583fb26a-2015-45ea-922f-cc6c1ff5ffa8"},"timestamp":"2025-08-30T09:21:39.057Z"}
{"level":"info","message":{"ip":"::1","method":"GET","timestamp":"2025-08-30T09:21:39.112Z","url":"/api/students/583fb26a-2015-45ea-922f-cc6c1ff5ffa8"},"timestamp":"2025-08-30T09:21:39.112Z"}
{"level":"info","message":{"ip":"::1","method":"GET","timestamp":"2025-08-30T09:21:39.605Z","url":"/api/institutes/all-institutes"},"timestamp":"2025-08-30T09:21:39.605Z"}
{"level":"info","message":{"ip":"::1","method":"GET","timestamp":"2025-08-30T09:21:39.704Z","url":"/api/institutes/all-institutes"},"timestamp":"2025-08-30T09:21:39.704Z"}
{"level":"info","message":{"ip":"::1","method":"GET","timestamp":"2025-08-30T09:21:39.805Z","url":"/api/institutes/all-institutes"},"timestamp":"2025-08-30T09:21:39.805Z"}
{"level":"info","message":{"ip":"::1","method":"GET","timestamp":"2025-08-30T09:21:40.071Z","url":"/api/employees/members"},"timestamp":"2025-08-30T09:21:40.071Z"}
{"level":"info","message":{"ip":"::1","method":"GET","timestamp":"2025-08-30T09:21:40.143Z","url":"/api/jobs/all"},"timestamp":"2025-08-30T09:21:40.143Z"}
{"level":"info","message":{"ip":"::1","method":"GET","timestamp":"2025-08-30T09:21:40.421Z","url":"/api/employees/members"},"timestamp":"2025-08-30T09:21:40.421Z"}
{"level":"info","message":{"ip":"::1","method":"GET","timestamp":"2025-08-30T09:21:40.589Z","url":"/api/feedback/reviews"},"timestamp":"2025-08-30T09:21:40.589Z"}
{"level":"info","message":{"ip":"::1","method":"GET","timestamp":"2025-08-30T09:21:40.711Z","url":"/api/jobs/all"},"timestamp":"2025-08-30T09:21:40.711Z"}
{"level":"info","message":{"ip":"::1","method":"GET","timestamp":"2025-08-30T09:21:40.916Z","url":"/api/employees/members"},"timestamp":"2025-08-30T09:21:40.916Z"}
{"level":"info","message":{"ip":"::1","method":"GET","timestamp":"2025-08-30T09:21:41.005Z","url":"/api/feedback/reviews"},"timestamp":"2025-08-30T09:21:41.005Z"}
{"level":"info","message":{"ip":"::1","method":"GET","timestamp":"2025-08-30T09:21:41.037Z","url":"/api/jobs/all"},"timestamp":"2025-08-30T09:21:41.037Z"}
{"level":"info","message":{"ip":"::1","method":"GET","timestamp":"2025-08-30T09:21:41.127Z","url":"/api/feedback/reviews"},"timestamp":"2025-08-30T09:21:41.127Z"}
{"level":"info","message":{"ip":"::1","method":"GET","timestamp":"2025-08-30T09:21:43.789Z","url":"/api/institutes/all-institutes"},"timestamp":"2025-08-30T09:21:43.789Z"}
{"level":"info","message":{"ip":"::1","method":"GET","timestamp":"2025-08-30T09:21:43.800Z","url":"/api/institutes/all-institutes"},"timestamp":"2025-08-30T09:21:43.800Z"}
{"level":"info","message":{"ip":"::1","method":"GET","timestamp":"2025-08-30T09:21:45.512Z","url":"/api/students/all"},"timestamp":"2025-08-30T09:21:45.512Z"}
{"level":"info","message":{"ip":"::1","method":"GET","timestamp":"2025-08-30T09:21:45.549Z","url":"/api/students/all"},"timestamp":"2025-08-30T09:21:45.549Z"}
{"level":"info","message":{"ip":"::1","method":"GET","timestamp":"2025-08-30T09:22:28.860Z","url":"/api/students/all"},"timestamp":"2025-08-30T09:22:28.863Z"}
{"level":"info","message":{"ip":"::1","method":"GET","timestamp":"2025-08-30T09:22:28.888Z","url":"/api/students/all"},"timestamp":"2025-08-30T09:22:28.888Z"}
{"level":"info","message":{"ip":"::1","method":"GET","timestamp":"2025-08-30T09:22:47.114Z","url":"/api/students/all"},"timestamp":"2025-08-30T09:22:47.115Z"}
{"level":"info","message":{"ip":"::1","method":"GET","timestamp":"2025-08-30T09:24:14.489Z","url":"/api/students/all"},"timestamp":"2025-08-30T09:24:14.492Z"}
{"level":"info","message":{"ip":"::1","method":"GET","timestamp":"2025-08-30T09:24:14.504Z","url":"/api/students/all"},"timestamp":"2025-08-30T09:24:14.504Z"}
{"level":"info","message":{"ip":"::1","method":"GET","timestamp":"2025-08-30T09:24:19.049Z","url":"/api/institutes/all-institutes"},"timestamp":"2025-08-30T09:24:19.049Z"}
{"level":"info","message":{"ip":"::1","method":"GET","timestamp":"2025-08-30T09:24:19.067Z","url":"/api/students/all"},"timestamp":"2025-08-30T09:24:19.067Z"}
{"level":"info","message":{"ip":"::1","method":"GET","timestamp":"2025-08-30T09:24:19.219Z","url":"/api/feedback/reviews"},"timestamp":"2025-08-30T09:24:19.219Z"}
{"level":"info","message":{"ip":"::1","method":"GET","timestamp":"2025-08-30T09:24:19.231Z","url":"/api/jobs/all"},"timestamp":"2025-08-30T09:24:19.231Z"}
{"level":"info","message":{"ip":"::1","method":"GET","timestamp":"2025-08-30T09:24:19.273Z","url":"/api/employees/members"},"timestamp":"2025-08-30T09:24:19.273Z"}
{"level":"info","message":{"ip":"::1","method":"GET","timestamp":"2025-08-30T09:24:19.346Z","url":"/api/students/583fb26a-2015-45ea-922f-cc6c1ff5ffa8"},"timestamp":"2025-08-30T09:24:19.346Z"}
{"level":"info","message":{"ip":"::1","method":"GET","timestamp":"2025-08-30T09:24:19.432Z","url":"/api/students/583fb26a-2015-45ea-922f-cc6c1ff5ffa8"},"timestamp":"2025-08-30T09:24:19.432Z"}
{"level":"info","message":{"ip":"::1","method":"GET","timestamp":"2025-08-30T09:24:19.964Z","url":"/api/students/all"},"timestamp":"2025-08-30T09:24:19.964Z"}
{"level":"info","message":{"ip":"::1","method":"GET","timestamp":"2025-08-30T09:24:20.242Z","url":"/api/institutes/all-institutes"},"timestamp":"2025-08-30T09:24:20.242Z"}
{"level":"info","message":{"ip":"::1","method":"GET","timestamp":"2025-08-30T09:24:20.610Z","url":"/api/jobs/all"},"timestamp":"2025-08-30T09:24:20.610Z"}
{"level":"info","message":{"ip":"::1","method":"GET","timestamp":"2025-08-30T09:24:21.962Z","url":"/api/feedback/reviews"},"timestamp":"2025-08-30T09:24:21.963Z"}
{"level":"info","message":{"ip":"::1","method":"GET","timestamp":"2025-08-30T09:24:22.121Z","url":"/api/employees/members"},"timestamp":"2025-08-30T09:24:22.121Z"}
{"level":"info","message":{"ip":"::1","method":"GET","timestamp":"2025-08-30T09:25:36.847Z","url":"/api/students/dcf2bc91-2913-4619-beaf-e4ee33184645"},"timestamp":"2025-08-30T09:25:36.848Z"}
{"level":"info","message":{"ip":"::1","method":"GET","timestamp":"2025-08-30T09:25:43.377Z","url":"/api/institutes/all-institutes"},"timestamp":"2025-08-30T09:25:43.377Z"}
{"level":"info","message":{"ip":"::1","method":"GET","timestamp":"2025-08-30T09:25:43.391Z","url":"/api/students/all"},"timestamp":"2025-08-30T09:25:43.392Z"}
{"level":"info","message":{"ip":"::1","method":"GET","timestamp":"2025-08-30T09:25:43.395Z","url":"/api/jobs/all"},"timestamp":"2025-08-30T09:25:43.395Z"}
{"level":"info","message":{"ip":"::1","method":"GET","timestamp":"2025-08-30T09:25:43.399Z","url":"/api/feedback/reviews"},"timestamp":"2025-08-30T09:25:43.399Z"}
{"level":"info","message":{"ip":"::1","method":"GET","timestamp":"2025-08-30T09:25:43.407Z","url":"/api/employees/members"},"timestamp":"2025-08-30T09:25:43.407Z"}
{"level":"info","message":{"ip":"::1","method":"GET","timestamp":"2025-08-30T09:25:43.412Z","url":"/api/students/583fb26a-2015-45ea-922f-cc6c1ff5ffa8"},"timestamp":"2025-08-30T09:25:43.412Z"}
{"level":"info","message":{"ip":"::1","method":"GET","timestamp":"2025-08-30T09:25:43.656Z","url":"/api/institutes/all-institutes"},"timestamp":"2025-08-30T09:25:43.656Z"}
{"level":"info","message":{"ip":"::1","method":"GET","timestamp":"2025-08-30T09:25:44.163Z","url":"/api/students/all"},"timestamp":"2025-08-30T09:25:44.163Z"}
{"level":"info","message":{"ip":"::1","method":"GET","timestamp":"2025-08-30T09:25:44.212Z","url":"/api/employees/members"},"timestamp":"2025-08-30T09:25:44.212Z"}
{"level":"info","message":{"ip":"::1","method":"GET","timestamp":"2025-08-30T09:25:44.226Z","url":"/api/jobs/all"},"timestamp":"2025-08-30T09:25:44.226Z"}
{"level":"info","message":{"ip":"::1","method":"GET","timestamp":"2025-08-30T09:25:44.228Z","url":"/api/feedback/reviews"},"timestamp":"2025-08-30T09:25:44.228Z"}
{"level":"info","message":{"ip":"::1","method":"GET","timestamp":"2025-08-30T09:25:44.246Z","url":"/api/students/583fb26a-2015-45ea-922f-cc6c1ff5ffa8"},"timestamp":"2025-08-30T09:25:44.246Z"}
{"level":"info","message":{"ip":"::1","method":"GET","timestamp":"2025-08-30T09:25:51.555Z","url":"/api/students/all"},"timestamp":"2025-08-30T09:25:51.555Z"}
{"level":"info","message":{"ip":"::1","method":"GET","timestamp":"2025-08-30T09:25:51.561Z","url":"/api/students/all"},"timestamp":"2025-08-30T09:25:51.561Z"}
{"level":"info","message":{"ip":"::1","method":"GET","timestamp":"2025-08-30T09:25:56.732Z","url":"/api/students/583fb26a-2015-45ea-922f-cc6c1ff5ffa8"},"timestamp":"2025-08-30T09:25:56.732Z"}
{"level":"info","message":{"ip":"::1","method":"GET","timestamp":"2025-08-30T09:25:57.787Z","url":"/api/students/583fb26a-2015-45ea-922f-cc6c1ff5ffa8"},"timestamp":"2025-08-30T09:25:57.787Z"}
{"level":"info","message":{"ip":"::1","method":"GET","timestamp":"2025-08-30T09:25:59.995Z","url":"/api/students/all"},"timestamp":"2025-08-30T09:25:59.995Z"}
{"level":"info","message":{"ip":"::1","method":"GET","timestamp":"2025-08-30T09:25:59.997Z","url":"/api/students/all"},"timestamp":"2025-08-30T09:25:59.997Z"}
{"level":"info","message":{"ip":"::1","method":"GET","timestamp":"2025-08-30T09:26:57.684Z","url":"/api/students/all"},"timestamp":"2025-08-30T09:26:57.687Z"}
{"level":"info","message":{"ip":"::1","method":"GET","timestamp":"2025-08-30T09:26:57.702Z","url":"/api/students/all"},"timestamp":"2025-08-30T09:26:57.703Z"}
{"level":"info","message":{"ip":"::1","method":"GET","timestamp":"2025-08-30T09:26:59.792Z","url":"/api/institutes/all-institutes"},"timestamp":"2025-08-30T09:26:59.792Z"}
{"level":"info","message":{"ip":"::1","method":"GET","timestamp":"2025-08-30T09:26:59.800Z","url":"/api/students/all"},"timestamp":"2025-08-30T09:26:59.800Z"}
{"level":"info","message":{"ip":"::1","method":"GET","timestamp":"2025-08-30T09:26:59.808Z","url":"/api/jobs/all"},"timestamp":"2025-08-30T09:26:59.808Z"}
{"level":"info","message":{"ip":"::1","method":"GET","timestamp":"2025-08-30T09:26:59.812Z","url":"/api/feedback/reviews"},"timestamp":"2025-08-30T09:26:59.812Z"}
{"level":"info","message":{"ip":"::1","method":"GET","timestamp":"2025-08-30T09:26:59.816Z","url":"/api/employees/members"},"timestamp":"2025-08-30T09:26:59.816Z"}
{"level":"info","message":{"ip":"::1","method":"GET","timestamp":"2025-08-30T09:26:59.817Z","url":"/api/students/583fb26a-2015-45ea-922f-cc6c1ff5ffa8"},"timestamp":"2025-08-30T09:26:59.817Z"}
{"level":"info","message":{"ip":"::1","method":"GET","timestamp":"2025-08-30T09:26:59.895Z","url":"/api/students/all"},"timestamp":"2025-08-30T09:26:59.895Z"}
{"level":"info","message":{"ip":"::1","method":"GET","timestamp":"2025-08-30T09:27:00.046Z","url":"/api/institutes/all-institutes"},"timestamp":"2025-08-30T09:27:00.046Z"}
{"level":"info","message":{"ip":"::1","method":"GET","timestamp":"2025-08-30T09:27:00.557Z","url":"/api/feedback/reviews"},"timestamp":"2025-08-30T09:27:00.558Z"}
{"level":"info","message":{"ip":"::1","method":"GET","timestamp":"2025-08-30T09:27:00.579Z","url":"/api/students/583fb26a-2015-45ea-922f-cc6c1ff5ffa8"},"timestamp":"2025-08-30T09:27:00.579Z"}
{"level":"info","message":{"ip":"::1","method":"GET","timestamp":"2025-08-30T09:27:00.640Z","url":"/api/employees/members"},"timestamp":"2025-08-30T09:27:00.640Z"}
{"level":"info","message":{"ip":"::1","method":"GET","timestamp":"2025-08-30T09:27:00.766Z","url":"/api/jobs/all"},"timestamp":"2025-08-30T09:27:00.766Z"}
{"level":"info","message":{"ip":"::1","method":"PUT","timestamp":"2025-08-30T09:27:06.153Z","url":"/api/students/583fb26a-2015-45ea-922f-cc6c1ff5ffa8"},"timestamp":"2025-08-30T09:27:06.153Z"}
{"level":"info","message":{"ip":"::1","method":"GET","timestamp":"2025-08-30T09:28:32.555Z","url":"/api/institutes/all-institutes"},"timestamp":"2025-08-30T09:28:32.558Z"}
{"level":"info","message":{"ip":"::1","method":"GET","timestamp":"2025-08-30T09:28:32.575Z","url":"/api/students/all"},"timestamp":"2025-08-30T09:28:32.575Z"}
{"level":"info","message":{"ip":"::1","method":"GET","timestamp":"2025-08-30T09:28:32.581Z","url":"/api/jobs/all"},"timestamp":"2025-08-30T09:28:32.581Z"}
{"level":"info","message":{"ip":"::1","method":"GET","timestamp":"2025-08-30T09:28:32.588Z","url":"/api/feedback/reviews"},"timestamp":"2025-08-30T09:28:32.588Z"}
{"level":"info","message":{"ip":"::1","method":"GET","timestamp":"2025-08-30T09:28:32.591Z","url":"/api/employees/members"},"timestamp":"2025-08-30T09:28:32.591Z"}
{"level":"info","message":{"ip":"::1","method":"GET","timestamp":"2025-08-30T09:28:32.593Z","url":"/api/students/583fb26a-2015-45ea-922f-cc6c1ff5ffa8"},"timestamp":"2025-08-30T09:28:32.593Z"}
{"level":"info","message":{"ip":"::1","method":"GET","timestamp":"2025-08-30T09:28:33.346Z","url":"/api/jobs/all"},"timestamp":"2025-08-30T09:28:33.347Z"}
{"level":"info","message":{"ip":"::1","method":"GET","timestamp":"2025-08-30T09:28:33.911Z","url":"/api/feedback/reviews"},"timestamp":"2025-08-30T09:28:33.911Z"}
{"level":"info","message":{"ip":"::1","method":"GET","timestamp":"2025-08-30T09:28:33.927Z","url":"/api/employees/members"},"timestamp":"2025-08-30T09:28:33.927Z"}
{"level":"info","message":{"ip":"::1","method":"GET","timestamp":"2025-08-30T09:28:33.942Z","url":"/api/students/583fb26a-2015-45ea-922f-cc6c1ff5ffa8"},"timestamp":"2025-08-30T09:28:33.943Z"}
{"level":"info","message":{"ip":"::1","method":"GET","timestamp":"2025-08-30T09:28:33.949Z","url":"/api/students/all"},"timestamp":"2025-08-30T09:28:33.949Z"}
{"level":"info","message":{"ip":"::1","method":"GET","timestamp":"2025-08-30T09:28:34.046Z","url":"/api/institutes/all-institutes"},"timestamp":"2025-08-30T09:28:34.047Z"}
{"level":"info","message":{"ip":"::1","method":"PUT","timestamp":"2025-08-30T09:28:38.170Z","url":"/api/students/583fb26a-2015-45ea-922f-cc6c1ff5ffa8"},"timestamp":"2025-08-30T09:28:38.172Z"}
{"level":"info","message":{"ip":"::1","method":"GET","timestamp":"2025-08-30T09:29:45.107Z","url":"/api/institutes/all-institutes"},"timestamp":"2025-08-30T09:29:45.109Z"}
{"level":"info","message":{"ip":"::1","method":"GET","timestamp":"2025-08-30T09:29:45.122Z","url":"/api/students/all"},"timestamp":"2025-08-30T09:29:45.122Z"}
{"level":"info","message":{"ip":"::1","method":"GET","timestamp":"2025-08-30T09:29:45.125Z","url":"/api/jobs/all"},"timestamp":"2025-08-30T09:29:45.125Z"}
{"level":"info","message":{"ip":"::1","method":"GET","timestamp":"2025-08-30T09:29:45.129Z","url":"/api/feedback/reviews"},"timestamp":"2025-08-30T09:29:45.129Z"}
{"level":"info","message":{"ip":"::1","method":"GET","timestamp":"2025-08-30T09:29:45.134Z","url":"/api/employees/members"},"timestamp":"2025-08-30T09:29:45.134Z"}
{"level":"info","message":{"ip":"::1","method":"GET","timestamp":"2025-08-30T09:29:45.138Z","url":"/api/students/583fb26a-2015-45ea-922f-cc6c1ff5ffa8"},"timestamp":"2025-08-30T09:29:45.138Z"}
{"level":"info","message":{"ip":"::1","method":"GET","timestamp":"2025-08-30T09:29:45.995Z","url":"/api/students/all"},"timestamp":"2025-08-30T09:29:45.995Z"}
{"level":"info","message":{"ip":"::1","method":"GET","timestamp":"2025-08-30T09:29:46.541Z","url":"/api/feedback/reviews"},"timestamp":"2025-08-30T09:29:46.541Z"}
{"level":"info","message":{"ip":"::1","method":"GET","timestamp":"2025-08-30T09:29:46.551Z","url":"/api/employees/members"},"timestamp":"2025-08-30T09:29:46.551Z"}
{"level":"info","message":{"ip":"::1","method":"GET","timestamp":"2025-08-30T09:29:46.560Z","url":"/api/jobs/all"},"timestamp":"2025-08-30T09:29:46.560Z"}
{"level":"info","message":{"ip":"::1","method":"GET","timestamp":"2025-08-30T09:29:46.568Z","url":"/api/students/583fb26a-2015-45ea-922f-cc6c1ff5ffa8"},"timestamp":"2025-08-30T09:29:46.568Z"}
{"level":"info","message":{"ip":"::1","method":"GET","timestamp":"2025-08-30T09:29:46.613Z","url":"/api/institutes/all-institutes"},"timestamp":"2025-08-30T09:29:46.613Z"}
{"level":"info","message":{"ip":"::1","method":"PUT","timestamp":"2025-08-30T09:29:50.093Z","url":"/api/students/583fb26a-2015-45ea-922f-cc6c1ff5ffa8"},"timestamp":"2025-08-30T09:29:50.093Z"}
{"level":"info","message":{"ip":"::1","method":"GET","timestamp":"2025-08-30T09:29:50.387Z","url":"/api/students/all"},"timestamp":"2025-08-30T09:29:50.387Z"}
{"level":"info","message":{"ip":"::1","method":"GET","timestamp":"2025-08-30T09:29:50.392Z","url":"/api/students/all"},"timestamp":"2025-08-30T09:29:50.392Z"}
{"level":"info","message":{"ip":"::1","method":"GET","timestamp":"2025-08-30T09:29:54.089Z","url":"/api/students/dcf2bc91-2913-4619-beaf-e4ee33184645"},"timestamp":"2025-08-30T09:29:54.089Z"}
{"level":"info","message":{"ip":"::1","method":"GET","timestamp":"2025-08-30T09:29:54.796Z","url":"/api/students/dcf2bc91-2913-4619-beaf-e4ee33184645"},"timestamp":"2025-08-30T09:29:54.796Z"}
{"level":"info","message":{"ip":"::1","method":"GET","timestamp":"2025-08-30T09:29:58.522Z","url":"/api/students/all"},"timestamp":"2025-08-30T09:29:58.522Z"}
{"level":"info","message":{"ip":"::1","method":"GET","timestamp":"2025-08-30T09:29:58.525Z","url":"/api/students/all"},"timestamp":"2025-08-30T09:29:58.525Z"}
{"level":"info","message":{"ip":"::1","method":"GET","timestamp":"2025-08-30T09:30:51.897Z","url":"/api/students/583fb26a-2015-45ea-922f-cc6c1ff5ffa8"},"timestamp":"2025-08-30T09:30:51.897Z"}
{"level":"info","message":{"ip":"::1","method":"GET","timestamp":"2025-08-30T09:30:52.146Z","url":"/api/students/583fb26a-2015-45ea-922f-cc6c1ff5ffa8"},"timestamp":"2025-08-30T09:30:52.146Z"}
{"level":"info","message":{"ip":"::1","method":"GET","timestamp":"2025-08-30T09:30:56.323Z","url":"/api/students/all"},"timestamp":"2025-08-30T09:30:56.323Z"}
{"level":"info","message":{"ip":"::1","method":"GET","timestamp":"2025-08-30T09:30:56.330Z","url":"/api/students/all"},"timestamp":"2025-08-30T09:30:56.330Z"}
{"level":"info","message":{"ip":"::1","method":"GET","timestamp":"2025-08-30T09:31:02.606Z","url":"/api/institutes/all-institutes"},"timestamp":"2025-08-30T09:31:02.606Z"}
{"level":"info","message":{"ip":"::1","method":"GET","timestamp":"2025-08-30T09:31:02.608Z","url":"/api/students/all"},"timestamp":"2025-08-30T09:31:02.608Z"}
{"level":"info","message":{"ip":"::1","method":"GET","timestamp":"2025-08-30T09:31:02.613Z","url":"/api/jobs/all"},"timestamp":"2025-08-30T09:31:02.613Z"}
{"level":"info","message":{"ip":"::1","method":"GET","timestamp":"2025-08-30T09:31:02.623Z","url":"/api/feedback/reviews"},"timestamp":"2025-08-30T09:31:02.623Z"}
{"level":"info","message":{"ip":"::1","method":"GET","timestamp":"2025-08-30T09:31:02.625Z","url":"/api/employees/members"},"timestamp":"2025-08-30T09:31:02.625Z"}
{"level":"info","message":{"ip":"::1","method":"GET","timestamp":"2025-08-30T09:31:02.627Z","url":"/api/students/583fb26a-2015-45ea-922f-cc6c1ff5ffa8"},"timestamp":"2025-08-30T09:31:02.627Z"}
{"level":"info","message":{"ip":"::1","method":"GET","timestamp":"2025-08-30T09:31:02.955Z","url":"/api/students/all"},"timestamp":"2025-08-30T09:31:02.955Z"}
{"level":"info","message":{"ip":"::1","method":"GET","timestamp":"2025-08-30T09:31:03.053Z","url":"/api/jobs/all"},"timestamp":"2025-08-30T09:31:03.053Z"}
{"level":"info","message":{"ip":"::1","method":"GET","timestamp":"2025-08-30T09:31:03.057Z","url":"/api/employees/members"},"timestamp":"2025-08-30T09:31:03.057Z"}
{"level":"info","message":{"ip":"::1","method":"GET","timestamp":"2025-08-30T09:31:03.190Z","url":"/api/institutes/all-institutes"},"timestamp":"2025-08-30T09:31:03.190Z"}
{"level":"info","message":{"ip":"::1","method":"GET","timestamp":"2025-08-30T09:31:03.195Z","url":"/api/feedback/reviews"},"timestamp":"2025-08-30T09:31:03.195Z"}
{"level":"info","message":{"ip":"::1","method":"GET","timestamp":"2025-08-30T09:31:03.428Z","url":"/api/students/583fb26a-2015-45ea-922f-cc6c1ff5ffa8"},"timestamp":"2025-08-30T09:31:03.428Z"}
{"level":"info","message":{"ip":"::1","method":"PUT","timestamp":"2025-08-30T09:31:07.100Z","url":"/api/students/583fb26a-2015-45ea-922f-cc6c1ff5ffa8"},"timestamp":"2025-08-30T09:31:07.100Z"}
{"level":"info","message":{"ip":"::1","method":"GET","timestamp":"2025-08-30T09:31:07.381Z","url":"/api/students/all"},"timestamp":"2025-08-30T09:31:07.381Z"}
{"level":"info","message":{"ip":"::1","method":"GET","timestamp":"2025-08-30T09:31:07.383Z","url":"/api/students/all"},"timestamp":"2025-08-30T09:31:07.383Z"}
{"level":"info","message":{"ip":"::1","method":"GET","timestamp":"2025-08-30T09:31:10.315Z","url":"/api/students/583fb26a-2015-45ea-922f-cc6c1ff5ffa8"},"timestamp":"2025-08-30T09:31:10.315Z"}
{"level":"info","message":{"ip":"::1","method":"GET","timestamp":"2025-08-30T09:31:10.717Z","url":"/api/students/583fb26a-2015-45ea-922f-cc6c1ff5ffa8"},"timestamp":"2025-08-30T09:31:10.717Z"}
{"level":"info","message":{"ip":"::1","method":"GET","timestamp":"2025-08-30T09:31:24.326Z","url":"/api/students/all"},"timestamp":"2025-08-30T09:31:24.326Z"}
{"level":"info","message":{"ip":"::1","method":"GET","timestamp":"2025-08-30T09:31:24.332Z","url":"/api/students/all"},"timestamp":"2025-08-30T09:31:24.332Z"}
{"level":"info","message":{"ip":"::1","method":"GET","timestamp":"2025-08-30T09:31:26.937Z","url":"/api/institutes/all-institutes"},"timestamp":"2025-08-30T09:31:26.937Z"}
{"level":"info","message":{"ip":"::1","method":"GET","timestamp":"2025-08-30T09:31:26.949Z","url":"/api/students/all"},"timestamp":"2025-08-30T09:31:26.949Z"}
{"level":"info","message":{"ip":"::1","method":"GET","timestamp":"2025-08-30T09:31:27.090Z","url":"/api/jobs/all"},"timestamp":"2025-08-30T09:31:27.090Z"}
{"level":"info","message":{"ip":"::1","method":"GET","timestamp":"2025-08-30T09:31:27.213Z","url":"/api/employees/members"},"timestamp":"2025-08-30T09:31:27.213Z"}
{"level":"info","message":{"ip":"::1","method":"GET","timestamp":"2025-08-30T09:31:27.478Z","url":"/api/feedback/reviews"},"timestamp":"2025-08-30T09:31:27.478Z"}
{"level":"info","message":{"ip":"::1","method":"GET","timestamp":"2025-08-30T09:31:27.491Z","url":"/api/students/dcf2bc91-2913-4619-beaf-e4ee33184645"},"timestamp":"2025-08-30T09:31:27.491Z"}
{"level":"info","message":{"ip":"::1","method":"GET","timestamp":"2025-08-30T09:31:27.770Z","url":"/api/students/all"},"timestamp":"2025-08-30T09:31:27.770Z"}
{"level":"info","message":{"ip":"::1","method":"GET","timestamp":"2025-08-30T09:31:27.787Z","url":"/api/institutes/all-institutes"},"timestamp":"2025-08-30T09:31:27.788Z"}
{"level":"info","message":{"ip":"::1","method":"GET","timestamp":"2025-08-30T09:31:27.889Z","url":"/api/jobs/all"},"timestamp":"2025-08-30T09:31:27.889Z"}
{"level":"info","message":{"ip":"::1","method":"GET","timestamp":"2025-08-30T09:31:28.000Z","url":"/api/employees/members"},"timestamp":"2025-08-30T09:31:28.000Z"}
{"level":"info","message":{"ip":"::1","method":"GET","timestamp":"2025-08-30T09:31:28.036Z","url":"/api/feedback/reviews"},"timestamp":"2025-08-30T09:31:28.036Z"}
{"level":"info","message":{"ip":"::1","method":"GET","timestamp":"2025-08-30T09:31:28.191Z","url":"/api/students/dcf2bc91-2913-4619-beaf-e4ee33184645"},"timestamp":"2025-08-30T09:31:28.191Z"}
{"level":"info","message":{"ip":"::1","method":"PUT","timestamp":"2025-08-30T09:31:31.965Z","url":"/api/students/dcf2bc91-2913-4619-beaf-e4ee33184645"},"timestamp":"2025-08-30T09:31:31.965Z"}
{"level":"info","message":{"ip":"::1","method":"GET","timestamp":"2025-08-30T09:31:32.239Z","url":"/api/students/all"},"timestamp":"2025-08-30T09:31:32.239Z"}
{"level":"info","message":{"ip":"::1","method":"GET","timestamp":"2025-08-30T09:31:32.245Z","url":"/api/students/all"},"timestamp":"2025-08-30T09:31:32.245Z"}
{"level":"info","message":{"ip":"::1","method":"GET","timestamp":"2025-08-30T09:32:06.032Z","url":"/api/students/dcf2bc91-2913-4619-beaf-e4ee33184645"},"timestamp":"2025-08-30T09:32:06.032Z"}
{"level":"info","message":{"ip":"::1","method":"GET","timestamp":"2025-08-30T09:32:06.034Z","url":"/api/institutes/all-institutes"},"timestamp":"2025-08-30T09:32:06.034Z"}
{"level":"info","message":{"ip":"::1","method":"GET","timestamp":"2025-08-30T09:32:06.035Z","url":"/api/students/all"},"timestamp":"2025-08-30T09:32:06.035Z"}
{"level":"info","message":{"ip":"::1","method":"GET","timestamp":"2025-08-30T09:32:06.037Z","url":"/api/jobs/all"},"timestamp":"2025-08-30T09:32:06.037Z"}
{"level":"info","message":{"ip":"::1","method":"GET","timestamp":"2025-08-30T09:32:06.038Z","url":"/api/feedback/reviews"},"timestamp":"2025-08-30T09:32:06.038Z"}
{"level":"info","message":{"ip":"::1","method":"GET","timestamp":"2025-08-30T09:32:06.039Z","url":"/api/employees/members"},"timestamp":"2025-08-30T09:32:06.039Z"}
{"level":"info","message":{"ip":"::1","method":"GET","timestamp":"2025-08-30T09:32:06.219Z","url":"/api/feedback/reviews"},"timestamp":"2025-08-30T09:32:06.219Z"}
{"level":"info","message":{"ip":"::1","method":"GET","timestamp":"2025-08-30T09:32:06.230Z","url":"/api/jobs/all"},"timestamp":"2025-08-30T09:32:06.230Z"}
{"level":"info","message":{"ip":"::1","method":"GET","timestamp":"2025-08-30T09:32:06.235Z","url":"/api/students/dcf2bc91-2913-4619-beaf-e4ee33184645"},"timestamp":"2025-08-30T09:32:06.235Z"}
{"level":"info","message":{"ip":"::1","method":"GET","timestamp":"2025-08-30T09:32:06.300Z","url":"/api/institutes/all-institutes"},"timestamp":"2025-08-30T09:32:06.300Z"}
{"level":"info","message":{"ip":"::1","method":"GET","timestamp":"2025-08-30T09:32:06.304Z","url":"/api/students/all"},"timestamp":"2025-08-30T09:32:06.304Z"}
{"level":"info","message":{"ip":"::1","method":"GET","timestamp":"2025-08-30T09:32:06.311Z","url":"/api/employees/members"},"timestamp":"2025-08-30T09:32:06.311Z"}
{"level":"info","message":{"ip":"::1","method":"GET","timestamp":"2025-08-30T09:32:12.150Z","url":"/api/students/all"},"timestamp":"2025-08-30T09:32:12.150Z"}
{"level":"info","message":{"ip":"::1","method":"GET","timestamp":"2025-08-30T09:32:12.167Z","url":"/api/students/all"},"timestamp":"2025-08-30T09:32:12.167Z"}
{"level":"info","message":{"ip":"::1","method":"GET","timestamp":"2025-08-30T09:32:15.184Z","url":"/api/students/583fb26a-2015-45ea-922f-cc6c1ff5ffa8"},"timestamp":"2025-08-30T09:32:15.184Z"}
{"level":"info","message":{"ip":"::1","method":"GET","timestamp":"2025-08-30T09:32:15.368Z","url":"/api/students/583fb26a-2015-45ea-922f-cc6c1ff5ffa8"},"timestamp":"2025-08-30T09:32:15.368Z"}
{"level":"info","message":{"ip":"::1","method":"GET","timestamp":"2025-08-30T09:32:19.020Z","url":"/api/students/583fb26a-2015-45ea-922f-cc6c1ff5ffa8"},"timestamp":"2025-08-30T09:32:19.020Z"}
{"level":"info","message":{"ip":"::1","method":"GET","timestamp":"2025-08-30T09:32:19.143Z","url":"/api/students/583fb26a-2015-45ea-922f-cc6c1ff5ffa8"},"timestamp":"2025-08-30T09:32:19.143Z"}
{"level":"info","message":{"ip":"::1","method":"GET","timestamp":"2025-08-30T09:32:20.916Z","url":"/api/students/all"},"timestamp":"2025-08-30T09:32:20.916Z"}
{"level":"info","message":{"ip":"::1","method":"GET","timestamp":"2025-08-30T09:32:20.921Z","url":"/api/students/all"},"timestamp":"2025-08-30T09:32:20.921Z"}
{"level":"info","message":{"ip":"::1","method":"GET","timestamp":"2025-08-30T09:32:22.399Z","url":"/api/students/dcf2bc91-2913-4619-beaf-e4ee33184645"},"timestamp":"2025-08-30T09:32:22.399Z"}
{"level":"info","message":{"ip":"::1","method":"GET","timestamp":"2025-08-30T09:32:22.661Z","url":"/api/students/dcf2bc91-2913-4619-beaf-e4ee33184645"},"timestamp":"2025-08-30T09:32:22.661Z"}
{"level":"info","message":{"ip":"::1","method":"GET","timestamp":"2025-08-30T09:32:25.019Z","url":"/api/students/all"},"timestamp":"2025-08-30T09:32:25.019Z"}
{"level":"info","message":{"ip":"::1","method":"GET","timestamp":"2025-08-30T09:32:25.048Z","url":"/api/students/all"},"timestamp":"2025-08-30T09:32:25.048Z"}
{"level":"info","message":{"ip":"::1","method":"GET","timestamp":"2025-08-30T09:32:28.122Z","url":"/api/employees/members"},"timestamp":"2025-08-30T09:32:28.122Z"}
{"level":"info","message":{"ip":"::1","method":"GET","timestamp":"2025-08-30T09:32:28.129Z","url":"/api/employees/members"},"timestamp":"2025-08-30T09:32:28.129Z"}
{"level":"info","message":{"ip":"::1","method":"GET","timestamp":"2025-08-30T09:32:30.933Z","url":"/api/employees/member/NEXT2025111"},"timestamp":"2025-08-30T09:32:30.933Z"}
{"level":"info","message":{"ip":"::1","method":"GET","timestamp":"2025-08-30T09:32:31.110Z","url":"/api/employees/member/NEXT2025111"},"timestamp":"2025-08-30T09:32:31.110Z"}
{"level":"info","message":{"ip":"::1","method":"PUT","timestamp":"2025-08-30T09:33:39.798Z","url":"/api/employees/member/NEXT2025111"},"timestamp":"2025-08-30T09:33:39.798Z"}
{"level":"info","message":{"ip":"::1","method":"GET","timestamp":"2025-08-30T09:33:41.039Z","url":"/api/employees/members"},"timestamp":"2025-08-30T09:33:41.040Z"}
{"level":"info","message":{"ip":"::1","method":"GET","timestamp":"2025-08-30T09:33:41.058Z","url":"/api/employees/members"},"timestamp":"2025-08-30T09:33:41.058Z"}
{"level":"info","message":{"ip":"::1","method":"GET","timestamp":"2025-08-30T09:33:43.816Z","url":"/api/employees/member/NEXT2025111"},"timestamp":"2025-08-30T09:33:43.816Z"}
{"level":"info","message":{"ip":"::1","method":"GET","timestamp":"2025-08-30T09:33:43.823Z","url":"/api/employees/member/NEXT2025111"},"timestamp":"2025-08-30T09:33:43.824Z"}
{"level":"info","message":{"ip":"::1","method":"GET","timestamp":"2025-08-30T09:35:41.648Z","url":"/api/employees/member/NEXT2025111"},"timestamp":"2025-08-30T09:35:41.651Z"}
{"level":"info","message":{"ip":"::1","method":"GET","timestamp":"2025-08-30T09:35:41.670Z","url":"/api/employees/member/NEXT2025111"},"timestamp":"2025-08-30T09:35:41.670Z"}
{"level":"info","message":{"ip":"::1","method":"GET","timestamp":"2025-08-30T09:35:44.884Z","url":"/api/employees/members"},"timestamp":"2025-08-30T09:35:44.884Z"}
{"level":"info","message":{"ip":"::1","method":"GET","timestamp":"2025-08-30T09:35:44.891Z","url":"/api/employees/members"},"timestamp":"2025-08-30T09:35:44.891Z"}
{"level":"info","message":{"ip":"::1","method":"GET","timestamp":"2025-08-30T09:36:41.670Z","url":"/api/employees/member/NEXT2025111"},"timestamp":"2025-08-30T09:36:41.670Z"}
{"level":"info","message":{"ip":"::1","method":"GET","timestamp":"2025-08-30T09:36:41.951Z","url":"/api/employees/member/NEXT2025111"},"timestamp":"2025-08-30T09:36:41.951Z"}
{"level":"info","message":{"ip":"::1","method":"GET","timestamp":"2025-08-30T09:41:14.145Z","url":"/api/employees/member/NEXT2025111"},"timestamp":"2025-08-30T09:41:14.146Z"}
{"level":"info","message":{"ip":"::1","method":"GET","timestamp":"2025-08-30T09:41:15.161Z","url":"/api/employees/member/NEXT2025111"},"timestamp":"2025-08-30T09:41:15.161Z"}
{"level":"info","message":{"ip":"::1","method":"PUT","timestamp":"2025-08-30T09:41:29.096Z","url":"/api/employees/member/NEXT2025111"},"timestamp":"2025-08-30T09:41:29.096Z"}
{"level":"info","message":{"ip":"::1","method":"GET","timestamp":"2025-08-30T09:41:29.795Z","url":"/api/employees/members"},"timestamp":"2025-08-30T09:41:29.795Z"}
{"level":"info","message":{"ip":"::1","method":"GET","timestamp":"2025-08-30T09:41:29.803Z","url":"/api/employees/members"},"timestamp":"2025-08-30T09:41:29.803Z"}
{"level":"info","message":{"ip":"::1","method":"GET","timestamp":"2025-08-30T09:41:31.925Z","url":"/api/employees/member/NEXT2025111"},"timestamp":"2025-08-30T09:41:31.925Z"}
{"level":"info","message":{"ip":"::1","method":"GET","timestamp":"2025-08-30T09:41:32.024Z","url":"/api/employees/member/NEXT2025111"},"timestamp":"2025-08-30T09:41:32.024Z"}
{"level":"info","message":{"ip":"::1","method":"GET","timestamp":"2025-08-30T09:41:35.931Z","url":"/api/employees/member/NEXT2025111"},"timestamp":"2025-08-30T09:41:35.931Z"}
{"level":"info","message":{"ip":"::1","method":"GET","timestamp":"2025-08-30T09:41:35.939Z","url":"/api/employees/member/NEXT2025111"},"timestamp":"2025-08-30T09:41:35.939Z"}
{"level":"info","message":{"ip":"::1","method":"GET","timestamp":"2025-08-30T09:42:40.002Z","url":"/api/employees/members"},"timestamp":"2025-08-30T09:42:40.004Z"}
{"level":"info","message":{"ip":"::1","method":"GET","timestamp":"2025-08-30T09:42:40.013Z","url":"/api/employees/members"},"timestamp":"2025-08-30T09:42:40.013Z"}
{"level":"info","message":{"ip":"::1","method":"GET","timestamp":"2025-08-30T09:42:43.530Z","url":"/api/employees/member/NEXT2025111"},"timestamp":"2025-08-30T09:42:43.530Z"}
{"level":"info","message":{"ip":"::1","method":"GET","timestamp":"2025-08-30T09:42:43.744Z","url":"/api/employees/member/NEXT2025111"},"timestamp":"2025-08-30T09:42:43.744Z"}
{"level":"info","message":{"ip":"::1","method":"PUT","timestamp":"2025-08-30T09:42:56.680Z","url":"/api/employees/member/NEXT2025111"},"timestamp":"2025-08-30T09:42:56.680Z"}
{"level":"info","message":{"ip":"::1","method":"GET","timestamp":"2025-08-30T09:42:57.003Z","url":"/api/employees/members"},"timestamp":"2025-08-30T09:42:57.003Z"}
{"level":"info","message":{"ip":"::1","method":"GET","timestamp":"2025-08-30T09:42:57.009Z","url":"/api/employees/members"},"timestamp":"2025-08-30T09:42:57.009Z"}
{"level":"info","message":{"ip":"::1","method":"GET","timestamp":"2025-08-30T09:44:46.252Z","url":"/api/employees/members"},"timestamp":"2025-08-30T09:44:46.255Z"}
{"level":"info","message":{"ip":"::1","method":"GET","timestamp":"2025-08-30T09:44:46.269Z","url":"/api/employees/members"},"timestamp":"2025-08-30T09:44:46.269Z"}
{"level":"info","message":{"ip":"::1","method":"GET","timestamp":"2025-08-30T09:44:49.138Z","url":"/api/employees/member/NEXT2025111"},"timestamp":"2025-08-30T09:44:49.138Z"}
{"level":"info","message":{"ip":"::1","method":"GET","timestamp":"2025-08-30T09:44:49.495Z","url":"/api/employees/member/NEXT2025111"},"timestamp":"2025-08-30T09:44:49.495Z"}
{"level":"info","message":{"ip":"::1","method":"PUT","timestamp":"2025-08-30T09:45:01.055Z","url":"/api/employees/member/NEXT2025111"},"timestamp":"2025-08-30T09:45:01.055Z"}
{"level":"info","message":{"ip":"::1","method":"GET","timestamp":"2025-08-30T09:45:01.378Z","url":"/api/employees/members"},"timestamp":"2025-08-30T09:45:01.378Z"}
{"level":"info","message":{"ip":"::1","method":"GET","timestamp":"2025-08-30T09:45:01.382Z","url":"/api/employees/members"},"timestamp":"2025-08-30T09:45:01.383Z"}
{"level":"info","message":{"ip":"::1","method":"GET","timestamp":"2025-08-30T09:45:03.409Z","url":"/api/employees/member/NEXT2025111"},"timestamp":"2025-08-30T09:45:03.409Z"}
{"level":"info","message":{"ip":"::1","method":"GET","timestamp":"2025-08-30T09:45:03.505Z","url":"/api/employees/member/NEXT2025111"},"timestamp":"2025-08-30T09:45:03.505Z"}
{"level":"info","message":{"ip":"::1","method":"GET","timestamp":"2025-09-04T05:05:39.554Z","url":"/api/institutes/all-institutes"},"timestamp":"2025-09-04T05:05:39.556Z"}
{"level":"info","message":{"ip":"::1","method":"GET","timestamp":"2025-09-04T05:05:39.575Z","url":"/api/students/all"},"timestamp":"2025-09-04T05:05:39.575Z"}
{"level":"info","message":{"ip":"::1","method":"GET","timestamp":"2025-09-04T05:05:39.580Z","url":"/api/jobs/all"},"timestamp":"2025-09-04T05:05:39.580Z"}
{"level":"info","message":{"ip":"::1","method":"GET","timestamp":"2025-09-04T05:05:39.585Z","url":"/api/employees/members"},"timestamp":"2025-09-04T05:05:39.585Z"}
{"level":"info","message":{"ip":"::1","method":"GET","timestamp":"2025-09-04T05:05:39.589Z","url":"/api/feedback/reviews"},"timestamp":"2025-09-04T05:05:39.589Z"}
{"level":"info","message":{"ip":"::1","method":"GET","timestamp":"2025-09-04T05:05:41.184Z","url":"/api/employees/members"},"timestamp":"2025-09-04T05:05:41.184Z"}
{"level":"info","message":{"ip":"::1","method":"GET","timestamp":"2025-09-04T05:05:41.624Z","url":"/api/jobs/all"},"timestamp":"2025-09-04T05:05:41.624Z"}
{"level":"info","message":{"ip":"::1","method":"GET","timestamp":"2025-09-04T05:05:41.654Z","url":"/api/students/all"},"timestamp":"2025-09-04T05:05:41.654Z"}
{"level":"info","message":{"ip":"::1","method":"GET","timestamp":"2025-09-04T05:05:41.680Z","url":"/api/feedback/reviews"},"timestamp":"2025-09-04T05:05:41.680Z"}
{"level":"info","message":{"ip":"::1","method":"GET","timestamp":"2025-09-04T05:05:41.750Z","url":"/api/institutes/all-institutes"},"timestamp":"2025-09-04T05:05:41.750Z"}
{"level":"info","message":{"ip":"::1","method":"GET","timestamp":"2025-09-04T05:06:24.634Z","url":"/api/institutes/all-institutes"},"timestamp":"2025-09-04T05:06:24.634Z"}
{"level":"info","message":{"ip":"::1","method":"GET","timestamp":"2025-09-04T05:06:24.652Z","url":"/api/institutes/all-institutes"},"timestamp":"2025-09-04T05:06:24.652Z"}
{"level":"info","message":{"ip":"::1","method":"GET","timestamp":"2025-09-04T05:06:29.377Z","url":"/api/feedback/reviews"},"timestamp":"2025-09-04T05:06:29.377Z"}
{"level":"info","message":{"ip":"::1","method":"GET","timestamp":"2025-09-04T05:06:29.379Z","url":"/api/feedback/reviews"},"timestamp":"2025-09-04T05:06:29.379Z"}
{"level":"info","message":{"ip":"::1","method":"GET","timestamp":"2025-09-04T05:10:05.045Z","url":"/api/feedback/reviews"},"timestamp":"2025-09-04T05:10:05.075Z"}
{"level":"info","message":{"ip":"::1","method":"GET","timestamp":"2025-09-04T05:10:05.127Z","url":"/api/feedback/reviews"},"timestamp":"2025-09-04T05:10:05.127Z"}
{"level":"info","message":{"ip":"::1","method":"DELETE","timestamp":"2025-09-04T05:10:16.465Z","url":"/api/feedback/reviews/704b2de5-69fd-49f6-b9c1-24194f4e498c"},"timestamp":"2025-09-04T05:10:16.466Z"}
{"level":"info","message":{"ip":"::1","method":"GET","timestamp":"2025-09-04T05:10:49.147Z","url":"/api/employees/members"},"timestamp":"2025-09-04T05:10:49.147Z"}
{"level":"info","message":{"ip":"::1","method":"GET","timestamp":"2025-09-04T05:10:49.156Z","url":"/api/employees/members"},"timestamp":"2025-09-04T05:10:49.156Z"}
{"level":"info","message":{"ip":"::1","method":"GET","timestamp":"2025-09-04T05:11:10.557Z","url":"/api/feedback/reviews"},"timestamp":"2025-09-04T05:11:10.557Z"}
{"level":"info","message":{"ip":"::1","method":"GET","timestamp":"2025-09-04T05:11:10.572Z","url":"/api/feedback/reviews"},"timestamp":"2025-09-04T05:11:10.587Z"}
{"level":"info","message":{"ip":"::1","method":"GET","timestamp":"2025-09-04T05:11:12.413Z","url":"/api/jobs/all"},"timestamp":"2025-09-04T05:11:12.413Z"}
{"level":"info","message":{"ip":"::1","method":"GET","timestamp":"2025-09-04T05:11:12.428Z","url":"/api/jobs/all"},"timestamp":"2025-09-04T05:11:12.428Z"}
{"level":"info","message":{"ip":"::1","method":"GET","timestamp":"2025-09-04T05:11:18.339Z","url":"/api/students/all"},"timestamp":"2025-09-04T05:11:18.339Z"}
{"level":"info","message":{"ip":"::1","method":"GET","timestamp":"2025-09-04T05:11:18.346Z","url":"/api/students/all"},"timestamp":"2025-09-04T05:11:18.346Z"}
{"level":"info","message":{"ip":"::1","method":"GET","timestamp":"2025-09-04T05:11:23.633Z","url":"/api/institutes/all-institutes"},"timestamp":"2025-09-04T05:11:23.633Z"}
{"level":"info","message":{"ip":"::1","method":"GET","timestamp":"2025-09-04T05:11:23.641Z","url":"/api/students/all"},"timestamp":"2025-09-04T05:11:23.641Z"}
{"level":"info","message":{"ip":"::1","method":"GET","timestamp":"2025-09-04T05:11:23.647Z","url":"/api/employees/members"},"timestamp":"2025-09-04T05:11:23.647Z"}
{"level":"info","message":{"ip":"::1","method":"GET","timestamp":"2025-09-04T05:11:23.678Z","url":"/api/jobs/all"},"timestamp":"2025-09-04T05:11:23.678Z"}
{"level":"info","message":{"ip":"::1","method":"GET","timestamp":"2025-09-04T05:11:23.686Z","url":"/api/feedback/reviews"},"timestamp":"2025-09-04T05:11:23.687Z"}
{"level":"info","message":{"ip":"::1","method":"GET","timestamp":"2025-09-04T05:11:23.706Z","url":"/api/students/583fb26a-2015-45ea-922f-cc6c1ff5ffa8"},"timestamp":"2025-09-04T05:11:23.706Z"}
{"level":"info","message":{"ip":"::1","method":"GET","timestamp":"2025-09-04T05:11:23.726Z","url":"/api/students/all"},"timestamp":"2025-09-04T05:11:23.726Z"}
{"level":"info","message":{"ip":"::1","method":"GET","timestamp":"2025-09-04T05:11:23.885Z","url":"/api/institutes/all-institutes"},"timestamp":"2025-09-04T05:11:23.885Z"}
{"level":"info","message":{"ip":"::1","method":"GET","timestamp":"2025-09-04T05:11:24.456Z","url":"/api/students/583fb26a-2015-45ea-922f-cc6c1ff5ffa8"},"timestamp":"2025-09-04T05:11:24.456Z"}
{"level":"info","message":{"ip":"::1","method":"GET","timestamp":"2025-09-04T05:11:24.467Z","url":"/api/jobs/all"},"timestamp":"2025-09-04T05:11:24.467Z"}
{"level":"info","message":{"ip":"::1","method":"GET","timestamp":"2025-09-04T05:11:24.480Z","url":"/api/feedback/reviews"},"timestamp":"2025-09-04T05:11:24.480Z"}
{"level":"info","message":{"ip":"::1","method":"GET","timestamp":"2025-09-04T05:11:24.502Z","url":"/api/employees/members"},"timestamp":"2025-09-04T05:11:24.502Z"}
{"level":"info","message":{"ip":"::1","method":"PUT","timestamp":"2025-09-04T05:11:32.047Z","url":"/api/students/583fb26a-2015-45ea-922f-cc6c1ff5ffa8"},"timestamp":"2025-09-04T05:11:32.047Z"}
{"level":"info","message":{"ip":"::1","method":"GET","timestamp":"2025-09-04T05:11:32.310Z","url":"/api/students/all"},"timestamp":"2025-09-04T05:11:32.310Z"}
{"level":"info","message":{"ip":"::1","method":"GET","timestamp":"2025-09-04T05:11:32.321Z","url":"/api/students/all"},"timestamp":"2025-09-04T05:11:32.321Z"}
{"level":"info","message":{"ip":"::1","method":"GET","timestamp":"2025-09-04T05:11:37.339Z","url":"/api/students/583fb26a-2015-45ea-922f-cc6c1ff5ffa8"},"timestamp":"2025-09-04T05:11:37.339Z"}
{"level":"info","message":{"ip":"::1","method":"GET","timestamp":"2025-09-04T05:11:37.506Z","url":"/api/students/583fb26a-2015-45ea-922f-cc6c1ff5ffa8"},"timestamp":"2025-09-04T05:11:37.506Z"}
{"level":"info","message":{"ip":"::1","method":"GET","timestamp":"2025-09-04T05:11:39.771Z","url":"/api/students/all"},"timestamp":"2025-09-04T05:11:39.771Z"}
{"level":"info","message":{"ip":"::1","method":"GET","timestamp":"2025-09-04T05:11:39.779Z","url":"/api/students/all"},"timestamp":"2025-09-04T05:11:39.779Z"}
{"level":"info","message":{"ip":"::1","method":"GET","timestamp":"2025-09-04T05:11:42.908Z","url":"/api/students/dcf2bc91-2913-4619-beaf-e4ee33184645"},"timestamp":"2025-09-04T05:11:42.908Z"}
{"level":"info","message":{"ip":"::1","method":"GET","timestamp":"2025-09-04T05:11:42.997Z","url":"/api/students/dcf2bc91-2913-4619-beaf-e4ee33184645"},"timestamp":"2025-09-04T05:11:42.998Z"}
{"level":"info","message":{"ip":"::1","method":"GET","timestamp":"2025-09-04T05:11:45.676Z","url":"/api/students/all"},"timestamp":"2025-09-04T05:11:45.676Z"}
{"level":"info","message":{"ip":"::1","method":"GET","timestamp":"2025-09-04T05:11:45.691Z","url":"/api/students/all"},"timestamp":"2025-09-04T05:11:45.691Z"}
{"level":"info","message":{"ip":"::1","method":"GET","timestamp":"2025-09-04T05:14:32.171Z","url":"/api/students/all"},"timestamp":"2025-09-04T05:14:32.173Z"}
{"level":"info","message":{"ip":"::1","method":"GET","timestamp":"2025-09-04T05:14:32.188Z","url":"/api/students/all"},"timestamp":"2025-09-04T05:14:32.188Z"}
{"level":"info","message":{"ip":"::1","method":"DELETE","timestamp":"2025-09-04T05:14:37.613Z","url":"/api/students/auth/delete"},"timestamp":"2025-09-04T05:14:37.613Z"}
{"level":"info","message":{"ip":"::1","method":"GET","timestamp":"2025-09-04T05:17:24.374Z","url":"/api/students/all"},"timestamp":"2025-09-04T05:17:24.374Z"}
{"level":"info","message":{"ip":"::1","method":"GET","timestamp":"2025-09-04T05:17:24.383Z","url":"/api/students/all"},"timestamp":"2025-09-04T05:17:24.383Z"}
{"level":"info","message":{"ip":"::1","method":"DELETE","timestamp":"2025-09-04T05:17:28.849Z","url":"/api/students/auth/delete"},"timestamp":"2025-09-04T05:17:28.849Z"}
{"level":"info","message":{"ip":"::1","method":"GET","timestamp":"2025-09-04T05:19:50.083Z","url":"/api/students/all"},"timestamp":"2025-09-04T05:19:50.083Z"}
{"level":"info","message":{"ip":"::1","method":"GET","timestamp":"2025-09-04T05:19:50.089Z","url":"/api/students/all"},"timestamp":"2025-09-04T05:19:50.089Z"}
{"level":"info","message":{"ip":"::1","method":"GET","timestamp":"2025-09-04T05:19:53.442Z","url":"/api/institutes/all-institutes"},"timestamp":"2025-09-04T05:19:53.442Z"}
{"level":"info","message":{"ip":"::1","method":"GET","timestamp":"2025-09-04T05:19:53.450Z","url":"/api/students/all"},"timestamp":"2025-09-04T05:19:53.450Z"}
{"level":"info","message":{"ip":"::1","method":"GET","timestamp":"2025-09-04T05:19:53.455Z","url":"/api/jobs/all"},"timestamp":"2025-09-04T05:19:53.455Z"}
{"level":"info","message":{"ip":"::1","method":"GET","timestamp":"2025-09-04T05:19:53.457Z","url":"/api/feedback/reviews"},"timestamp":"2025-09-04T05:19:53.457Z"}
{"level":"info","message":{"ip":"::1","method":"GET","timestamp":"2025-09-04T05:19:53.460Z","url":"/api/employees/members"},"timestamp":"2025-09-04T05:19:53.460Z"}
{"level":"info","message":{"ip":"::1","method":"GET","timestamp":"2025-09-04T05:19:53.535Z","url":"/api/students/all"},"timestamp":"2025-09-04T05:19:53.535Z"}
{"level":"info","message":{"ip":"::1","method":"GET","timestamp":"2025-09-04T05:19:53.685Z","url":"/api/institutes/all-institutes"},"timestamp":"2025-09-04T05:19:53.685Z"}
{"level":"info","message":{"ip":"::1","method":"GET","timestamp":"2025-09-04T05:19:54.136Z","url":"/api/jobs/all"},"timestamp":"2025-09-04T05:19:54.136Z"}
{"level":"info","message":{"ip":"::1","method":"GET","timestamp":"2025-09-04T05:19:54.156Z","url":"/api/feedback/reviews"},"timestamp":"2025-09-04T05:19:54.156Z"}
{"level":"info","message":{"ip":"::1","method":"GET","timestamp":"2025-09-04T05:19:54.206Z","url":"/api/employees/members"},"timestamp":"2025-09-04T05:19:54.206Z"}
{"level":"info","message":{"ip":"::1","method":"GET","timestamp":"2025-09-04T05:19:58.922Z","url":"/api/institutes/all-institutes"},"timestamp":"2025-09-04T05:19:58.922Z"}
{"level":"info","message":{"ip":"::1","method":"GET","timestamp":"2025-09-04T05:19:58.928Z","url":"/api/students/all"},"timestamp":"2025-09-04T05:19:58.928Z"}
{"level":"info","message":{"ip":"::1","method":"GET","timestamp":"2025-09-04T05:19:58.930Z","url":"/api/jobs/all"},"timestamp":"2025-09-04T05:19:58.930Z"}
{"level":"info","message":{"ip":"::1","method":"GET","timestamp":"2025-09-04T05:19:58.931Z","url":"/api/feedback/reviews"},"timestamp":"2025-09-04T05:19:58.931Z"}
{"level":"info","message":{"ip":"::1","method":"GET","timestamp":"2025-09-04T05:19:58.936Z","url":"/api/employees/members"},"timestamp":"2025-09-04T05:19:58.936Z"}
{"level":"info","message":{"ip":"::1","method":"GET","timestamp":"2025-09-04T05:19:59.010Z","url":"/api/jobs/all"},"timestamp":"2025-09-04T05:19:59.010Z"}
{"level":"info","message":{"ip":"::1","method":"GET","timestamp":"2025-09-04T05:19:59.093Z","url":"/api/students/all"},"timestamp":"2025-09-04T05:19:59.093Z"}
{"level":"info","message":{"ip":"::1","method":"GET","timestamp":"2025-09-04T05:19:59.096Z","url":"/api/feedback/reviews"},"timestamp":"2025-09-04T05:19:59.096Z"}
{"level":"info","message":{"ip":"::1","method":"GET","timestamp":"2025-09-04T05:19:59.098Z","url":"/api/employees/members"},"timestamp":"2025-09-04T05:19:59.098Z"}
{"level":"info","message":{"ip":"::1","method":"GET","timestamp":"2025-09-04T05:19:59.179Z","url":"/api/institutes/all-institutes"},"timestamp":"2025-09-04T05:19:59.179Z"}
{"level":"info","message":{"ip":"::1","method":"GET","timestamp":"2025-09-04T05:32:35.029Z","url":"/api/institutes/all-institutes"},"timestamp":"2025-09-04T05:32:35.031Z"}
{"level":"info","message":{"ip":"::1","method":"GET","timestamp":"2025-09-04T05:32:35.045Z","url":"/api/students/all"},"timestamp":"2025-09-04T05:32:35.045Z"}
{"level":"info","message":{"ip":"::1","method":"GET","timestamp":"2025-09-04T05:32:35.049Z","url":"/api/jobs/all"},"timestamp":"2025-09-04T05:32:35.049Z"}
{"level":"info","message":{"ip":"::1","method":"GET","timestamp":"2025-09-04T05:32:35.052Z","url":"/api/feedback/reviews"},"timestamp":"2025-09-04T05:32:35.052Z"}
{"level":"info","message":{"ip":"::1","method":"GET","timestamp":"2025-09-04T05:32:35.055Z","url":"/api/employees/members"},"timestamp":"2025-09-04T05:32:35.055Z"}
{"level":"info","message":{"ip":"::1","method":"GET","timestamp":"2025-09-04T05:32:36.446Z","url":"/api/institutes/all-institutes"},"timestamp":"2025-09-04T05:32:36.446Z"}
{"level":"info","message":{"ip":"::1","method":"GET","timestamp":"2025-09-04T05:32:36.910Z","url":"/api/jobs/all"},"timestamp":"2025-09-04T05:32:36.910Z"}
{"level":"info","message":{"ip":"::1","method":"GET","timestamp":"2025-09-04T05:32:36.951Z","url":"/api/students/all"},"timestamp":"2025-09-04T05:32:36.952Z"}
{"level":"info","message":{"ip":"::1","method":"GET","timestamp":"2025-09-04T05:32:36.959Z","url":"/api/feedback/reviews"},"timestamp":"2025-09-04T05:32:36.959Z"}
{"level":"info","message":{"ip":"::1","method":"GET","timestamp":"2025-09-04T05:32:37.031Z","url":"/api/employees/members"},"timestamp":"2025-09-04T05:32:37.031Z"}
{"level":"info","message":{"ip":"::1","method":"GET","timestamp":"2025-09-04T05:32:47.849Z","url":"/api/institutes/all-institutes"},"timestamp":"2025-09-04T05:32:47.849Z"}
{"level":"info","message":{"ip":"::1","method":"GET","timestamp":"2025-09-04T05:32:47.854Z","url":"/api/students/all"},"timestamp":"2025-09-04T05:32:47.855Z"}
{"level":"info","message":{"ip":"::1","method":"GET","timestamp":"2025-09-04T05:32:47.859Z","url":"/api/jobs/all"},"timestamp":"2025-09-04T05:32:47.859Z"}
{"level":"info","message":{"ip":"::1","method":"GET","timestamp":"2025-09-04T05:32:47.861Z","url":"/api/feedback/reviews"},"timestamp":"2025-09-04T05:32:47.861Z"}
{"level":"info","message":{"ip":"::1","method":"GET","timestamp":"2025-09-04T05:32:47.862Z","url":"/api/employees/members"},"timestamp":"2025-09-04T05:32:47.862Z"}
{"level":"info","message":{"ip":"::1","method":"GET","timestamp":"2025-09-04T05:32:47.959Z","url":"/api/students/all"},"timestamp":"2025-09-04T05:32:47.959Z"}
{"level":"info","message":{"ip":"::1","method":"GET","timestamp":"2025-09-04T05:32:48.014Z","url":"/api/feedback/reviews"},"timestamp":"2025-09-04T05:32:48.014Z"}
{"level":"info","message":{"ip":"::1","method":"GET","timestamp":"2025-09-04T05:32:48.022Z","url":"/api/jobs/all"},"timestamp":"2025-09-04T05:32:48.022Z"}
{"level":"info","message":{"ip":"::1","method":"GET","timestamp":"2025-09-04T05:32:48.026Z","url":"/api/employees/members"},"timestamp":"2025-09-04T05:32:48.026Z"}
{"level":"info","message":{"ip":"::1","method":"GET","timestamp":"2025-09-04T05:32:48.131Z","url":"/api/institutes/all-institutes"},"timestamp":"2025-09-04T05:32:48.131Z"}
{"level":"info","message":{"ip":"::1","method":"POST","timestamp":"2025-09-04T05:34:53.419Z","url":"/api/admin/login"},"timestamp":"2025-09-04T05:34:53.419Z"}
{"level":"info","message":{"ip":"::1","method":"POST","timestamp":"2025-09-04T05:37:31.915Z","url":"/api/admin/login"},"timestamp":"2025-09-04T05:37:31.915Z"}
{"level":"info","message":{"ip":"::1","method":"POST","timestamp":"2025-09-04T05:37:49.111Z","url":"/api/admin/login"},"timestamp":"2025-09-04T05:37:49.111Z"}
{"level":"info","message":{"ip":"::1","method":"POST","timestamp":"2025-09-04T05:40:56.441Z","url":"/api/admin/signup"},"timestamp":"2025-09-04T05:40:56.441Z"}
{"level":"info","message":{"ip":"::1","method":"POST","timestamp":"2025-09-04T05:41:21.668Z","url":"/api/admin/login"},"timestamp":"2025-09-04T05:41:21.671Z"}
{"level":"info","message":{"ip":"::1","method":"GET","timestamp":"2025-09-04T05:42:59.099Z","url":"/api/institutes/all-institutes"},"timestamp":"2025-09-04T05:42:59.099Z"}
{"level":"info","message":{"ip":"::1","method":"GET","timestamp":"2025-09-04T05:42:59.111Z","url":"/api/students/all"},"timestamp":"2025-09-04T05:42:59.111Z"}
{"level":"info","message":{"ip":"::1","method":"GET","timestamp":"2025-09-04T05:42:59.164Z","url":"/api/jobs/all"},"timestamp":"2025-09-04T05:42:59.164Z"}
{"level":"info","message":{"ip":"::1","method":"GET","timestamp":"2025-09-04T05:42:59.180Z","url":"/api/feedback/reviews"},"timestamp":"2025-09-04T05:42:59.180Z"}
{"level":"info","message":{"ip":"::1","method":"GET","timestamp":"2025-09-04T05:42:59.185Z","url":"/api/employees/members"},"timestamp":"2025-09-04T05:42:59.185Z"}
{"level":"info","message":{"ip":"::1","method":"GET","timestamp":"2025-09-04T05:43:00.010Z","url":"/api/feedback/reviews"},"timestamp":"2025-09-04T05:43:00.010Z"}
{"level":"info","message":{"ip":"::1","method":"GET","timestamp":"2025-09-04T05:43:00.027Z","url":"/api/jobs/all"},"timestamp":"2025-09-04T05:43:00.027Z"}
{"level":"info","message":{"ip":"::1","method":"GET","timestamp":"2025-09-04T05:43:00.575Z","url":"/api/employees/members"},"timestamp":"2025-09-04T05:43:00.575Z"}
{"level":"info","message":{"ip":"::1","method":"GET","timestamp":"2025-09-04T05:43:00.606Z","url":"/api/institutes/all-institutes"},"timestamp":"2025-09-04T05:43:00.606Z"}
{"level":"info","message":{"ip":"::1","method":"GET","timestamp":"2025-09-04T05:43:00.962Z","url":"/api/students/all"},"timestamp":"2025-09-04T05:43:00.962Z"}
{"level":"info","message":{"ip":"::1","method":"GET","timestamp":"2025-09-04T05:47:07.563Z","url":"/api/institutes/all-institutes"},"timestamp":"2025-09-04T05:47:07.565Z"}
{"level":"info","message":{"ip":"::1","method":"GET","timestamp":"2025-09-04T05:47:07.577Z","url":"/api/students/all"},"timestamp":"2025-09-04T05:47:07.577Z"}
{"level":"info","message":{"ip":"::1","method":"GET","timestamp":"2025-09-04T05:47:07.581Z","url":"/api/jobs/all"},"timestamp":"2025-09-04T05:47:07.581Z"}
{"level":"info","message":{"ip":"::1","method":"GET","timestamp":"2025-09-04T05:47:07.586Z","url":"/api/feedback/reviews"},"timestamp":"2025-09-04T05:47:07.586Z"}
{"level":"info","message":{"ip":"::1","method":"GET","timestamp":"2025-09-04T05:47:07.590Z","url":"/api/employees/members"},"timestamp":"2025-09-04T05:47:07.590Z"}
{"level":"info","message":{"ip":"::1","method":"GET","timestamp":"2025-09-04T05:47:08.286Z","url":"/api/jobs/all"},"timestamp":"2025-09-04T05:47:08.286Z"}
{"level":"info","message":{"ip":"::1","method":"GET","timestamp":"2025-09-04T05:47:08.810Z","url":"/api/employees/members"},"timestamp":"2025-09-04T05:47:08.810Z"}
{"level":"info","message":{"ip":"::1","method":"GET","timestamp":"2025-09-04T05:47:08.822Z","url":"/api/feedback/reviews"},"timestamp":"2025-09-04T05:47:08.822Z"}
{"level":"info","message":{"ip":"::1","method":"GET","timestamp":"2025-09-04T05:47:08.825Z","url":"/api/students/all"},"timestamp":"2025-09-04T05:47:08.825Z"}
{"level":"info","message":{"ip":"::1","method":"GET","timestamp":"2025-09-04T05:47:08.917Z","url":"/api/institutes/all-institutes"},"timestamp":"2025-09-04T05:47:08.917Z"}
{"level":"info","message":{"ip":"::1","method":"POST","timestamp":"2025-09-04T05:47:21.116Z","url":"/api/admin/login"},"timestamp":"2025-09-04T05:47:21.116Z"}
{"level":"info","message":{"ip":"::1","method":"GET","timestamp":"2025-09-04T05:47:21.655Z","url":"/api/institutes/all-institutes"},"timestamp":"2025-09-04T05:47:21.655Z"}
{"level":"info","message":{"ip":"::1","method":"GET","timestamp":"2025-09-04T05:47:21.661Z","url":"/api/students/all"},"timestamp":"2025-09-04T05:47:21.662Z"}
{"level":"info","message":{"ip":"::1","method":"GET","timestamp":"2025-09-04T05:47:21.667Z","url":"/api/jobs/all"},"timestamp":"2025-09-04T05:47:21.667Z"}
{"level":"info","message":{"ip":"::1","method":"GET","timestamp":"2025-09-04T05:47:21.672Z","url":"/api/feedback/reviews"},"timestamp":"2025-09-04T05:47:21.672Z"}
{"level":"info","message":{"ip":"::1","method":"GET","timestamp":"2025-09-04T05:47:21.676Z","url":"/api/employees/members"},"timestamp":"2025-09-04T05:47:21.676Z"}
{"level":"info","message":{"ip":"::1","method":"GET","timestamp":"2025-09-04T05:47:21.759Z","url":"/api/students/all"},"timestamp":"2025-09-04T05:47:21.759Z"}
{"level":"info","message":{"ip":"::1","method":"GET","timestamp":"2025-09-04T05:47:21.856Z","url":"/api/institutes/all-institutes"},"timestamp":"2025-09-04T05:47:21.856Z"}
{"level":"info","message":{"ip":"::1","method":"GET","timestamp":"2025-09-04T05:47:21.867Z","url":"/api/jobs/all"},"timestamp":"2025-09-04T05:47:21.867Z"}
{"level":"info","message":{"ip":"::1","method":"GET","timestamp":"2025-09-04T05:47:21.882Z","url":"/api/feedback/reviews"},"timestamp":"2025-09-04T05:47:21.882Z"}
{"level":"info","message":{"ip":"::1","method":"GET","timestamp":"2025-09-04T05:47:21.914Z","url":"/api/employees/members"},"timestamp":"2025-09-04T05:47:21.914Z"}
{"level":"info","message":{"ip":"::1","method":"GET","timestamp":"2025-09-04T05:48:16.075Z","url":"/api/institutes/all-institutes"},"timestamp":"2025-09-04T05:48:16.075Z"}
{"level":"info","message":{"ip":"::1","method":"GET","timestamp":"2025-09-04T05:48:16.079Z","url":"/api/students/all"},"timestamp":"2025-09-04T05:48:16.079Z"}
{"level":"info","message":{"ip":"::1","method":"GET","timestamp":"2025-09-04T05:48:16.085Z","url":"/api/jobs/all"},"timestamp":"2025-09-04T05:48:16.085Z"}
{"level":"info","message":{"ip":"::1","method":"GET","timestamp":"2025-09-04T05:48:16.091Z","url":"/api/feedback/reviews"},"timestamp":"2025-09-04T05:48:16.091Z"}
{"level":"info","message":{"ip":"::1","method":"GET","timestamp":"2025-09-04T05:48:16.098Z","url":"/api/employees/members"},"timestamp":"2025-09-04T05:48:16.098Z"}
{"level":"info","message":{"ip":"::1","method":"GET","timestamp":"2025-09-04T05:48:16.298Z","url":"/api/students/all"},"timestamp":"2025-09-04T05:48:16.298Z"}
{"level":"info","message":{"ip":"::1","method":"GET","timestamp":"2025-09-04T05:48:16.309Z","url":"/api/feedback/reviews"},"timestamp":"2025-09-04T05:48:16.309Z"}
{"level":"info","message":{"ip":"::1","method":"GET","timestamp":"2025-09-04T05:48:16.320Z","url":"/api/jobs/all"},"timestamp":"2025-09-04T05:48:16.320Z"}
{"level":"info","message":{"ip":"::1","method":"GET","timestamp":"2025-09-04T05:48:16.326Z","url":"/api/employees/members"},"timestamp":"2025-09-04T05:48:16.326Z"}
{"level":"info","message":{"ip":"::1","method":"GET","timestamp":"2025-09-04T05:48:16.378Z","url":"/api/institutes/all-institutes"},"timestamp":"2025-09-04T05:48:16.378Z"}
{"level":"info","message":{"ip":"::1","method":"GET","timestamp":"2025-09-04T05:48:22.518Z","url":"/api/students/all"},"timestamp":"2025-09-04T05:48:22.518Z"}
{"level":"info","message":{"ip":"::1","method":"GET","timestamp":"2025-09-04T05:48:22.753Z","url":"/api/students/all"},"timestamp":"2025-09-04T05:48:22.753Z"}
{"level":"info","message":{"ip":"::1","method":"GET","timestamp":"2025-09-04T05:50:03.791Z","url":"/api/institutes/all-institutes"},"timestamp":"2025-09-04T05:50:03.791Z"}
{"level":"info","message":{"ip":"::1","method":"GET","timestamp":"2025-09-04T05:50:03.806Z","url":"/api/students/all"},"timestamp":"2025-09-04T05:50:03.806Z"}
{"level":"info","message":{"ip":"::1","method":"GET","timestamp":"2025-09-04T05:50:03.808Z","url":"/api/jobs/all"},"timestamp":"2025-09-04T05:50:03.808Z"}
{"level":"info","message":{"ip":"::1","method":"GET","timestamp":"2025-09-04T05:50:03.809Z","url":"/api/feedback/reviews"},"timestamp":"2025-09-04T05:50:03.809Z"}
{"level":"info","message":{"ip":"::1","method":"GET","timestamp":"2025-09-04T05:50:03.810Z","url":"/api/employees/members"},"timestamp":"2025-09-04T05:50:03.810Z"}
{"level":"info","message":{"ip":"::1","method":"GET","timestamp":"2025-09-04T05:50:03.956Z","url":"/api/feedback/reviews"},"timestamp":"2025-09-04T05:50:03.956Z"}
{"level":"info","message":{"ip":"::1","method":"GET","timestamp":"2025-09-04T05:50:03.962Z","url":"/api/students/all"},"timestamp":"2025-09-04T05:50:03.962Z"}
{"level":"info","message":{"ip":"::1","method":"GET","timestamp":"2025-09-04T05:50:03.971Z","url":"/api/employees/members"},"timestamp":"2025-09-04T05:50:03.972Z"}
{"level":"info","message":{"ip":"::1","method":"GET","timestamp":"2025-09-04T05:50:04.039Z","url":"/api/jobs/all"},"timestamp":"2025-09-04T05:50:04.039Z"}
{"level":"info","message":{"ip":"::1","method":"GET","timestamp":"2025-09-04T05:50:04.053Z","url":"/api/institutes/all-institutes"},"timestamp":"2025-09-04T05:50:04.054Z"}
{"level":"info","message":{"ip":"::1","method":"GET","timestamp":"2025-09-04T05:50:05.991Z","url":"/api/institutes/all-institutes"},"timestamp":"2025-09-04T05:50:05.991Z"}
{"level":"info","message":{"ip":"::1","method":"GET","timestamp":"2025-09-04T05:50:05.993Z","url":"/api/students/all"},"timestamp":"2025-09-04T05:50:05.993Z"}
{"level":"info","message":{"ip":"::1","method":"GET","timestamp":"2025-09-04T05:50:05.994Z","url":"/api/jobs/all"},"timestamp":"2025-09-04T05:50:05.994Z"}
{"level":"info","message":{"ip":"::1","method":"GET","timestamp":"2025-09-04T05:50:05.996Z","url":"/api/feedback/reviews"},"timestamp":"2025-09-04T05:50:05.996Z"}
{"level":"info","message":{"ip":"::1","method":"GET","timestamp":"2025-09-04T05:50:05.999Z","url":"/api/employees/members"},"timestamp":"2025-09-04T05:50:05.999Z"}
{"level":"info","message":{"ip":"::1","method":"GET","timestamp":"2025-09-04T05:50:06.075Z","url":"/api/feedback/reviews"},"timestamp":"2025-09-04T05:50:06.075Z"}
{"level":"info","message":{"ip":"::1","method":"GET","timestamp":"2025-09-04T05:50:06.081Z","url":"/api/jobs/all"},"timestamp":"2025-09-04T05:50:06.081Z"}
{"level":"info","message":{"ip":"::1","method":"GET","timestamp":"2025-09-04T05:50:06.083Z","url":"/api/employees/members"},"timestamp":"2025-09-04T05:50:06.083Z"}
{"level":"info","message":{"ip":"::1","method":"GET","timestamp":"2025-09-04T05:50:06.084Z","url":"/api/students/all"},"timestamp":"2025-09-04T05:50:06.084Z"}
{"level":"info","message":{"ip":"::1","method":"GET","timestamp":"2025-09-04T05:50:06.144Z","url":"/api/institutes/all-institutes"},"timestamp":"2025-09-04T05:50:06.144Z"}
{"level":"info","message":{"ip":"::1","method":"GET","timestamp":"2025-09-04T05:54:54.710Z","url":"/api/institutes/all-institutes"},"timestamp":"2025-09-04T05:54:54.710Z"}
{"level":"info","message":{"ip":"::1","method":"GET","timestamp":"2025-09-04T05:54:54.723Z","url":"/api/students/all"},"timestamp":"2025-09-04T05:54:54.723Z"}
{"level":"info","message":{"ip":"::1","method":"GET","timestamp":"2025-09-04T05:54:54.725Z","url":"/api/jobs/all"},"timestamp":"2025-09-04T05:54:54.725Z"}
{"level":"info","message":{"ip":"::1","method":"GET","timestamp":"2025-09-04T05:54:54.729Z","url":"/api/feedback/reviews"},"timestamp":"2025-09-04T05:54:54.729Z"}
{"level":"info","message":{"ip":"::1","method":"GET","timestamp":"2025-09-04T05:54:54.734Z","url":"/api/employees/members"},"timestamp":"2025-09-04T05:54:54.734Z"}
{"level":"info","message":{"ip":"::1","method":"GET","timestamp":"2025-09-04T05:54:55.506Z","url":"/api/feedback/reviews"},"timestamp":"2025-09-04T05:54:55.506Z"}
{"level":"info","message":{"ip":"::1","method":"GET","timestamp":"2025-09-04T05:54:55.519Z","url":"/api/jobs/all"},"timestamp":"2025-09-04T05:54:55.519Z"}
{"level":"info","message":{"ip":"::1","method":"GET","timestamp":"2025-09-04T05:54:55.524Z","url":"/api/employees/members"},"timestamp":"2025-09-04T05:54:55.524Z"}
{"level":"info","message":{"ip":"::1","method":"GET","timestamp":"2025-09-04T05:54:55.558Z","url":"/api/students/all"},"timestamp":"2025-09-04T05:54:55.558Z"}
{"level":"info","message":{"ip":"::1","method":"GET","timestamp":"2025-09-04T05:54:55.579Z","url":"/api/institutes/all-institutes"},"timestamp":"2025-09-04T05:54:55.579Z"}
{"level":"info","message":{"ip":"::1","method":"GET","timestamp":"2025-09-04T05:58:05.866Z","url":"/api/feedback/reviews"},"timestamp":"2025-09-04T05:58:05.868Z"}
{"level":"info","message":{"ip":"::1","method":"GET","timestamp":"2025-09-04T05:58:05.889Z","url":"/api/institutes/all-institutes"},"timestamp":"2025-09-04T05:58:05.889Z"}
{"level":"info","message":{"ip":"::1","method":"GET","timestamp":"2025-09-04T05:58:05.894Z","url":"/api/students/all"},"timestamp":"2025-09-04T05:58:05.894Z"}
{"level":"info","message":{"ip":"::1","method":"GET","timestamp":"2025-09-04T05:58:05.899Z","url":"/api/jobs/all"},"timestamp":"2025-09-04T05:58:05.899Z"}
{"level":"info","message":{"ip":"::1","method":"GET","timestamp":"2025-09-04T05:58:05.904Z","url":"/api/employees/members"},"timestamp":"2025-09-04T05:58:05.904Z"}
{"level":"info","message":{"ip":"::1","method":"GET","timestamp":"2025-09-04T05:58:06.710Z","url":"/api/institutes/all-institutes"},"timestamp":"2025-09-04T05:58:06.710Z"}
{"level":"info","message":{"ip":"::1","method":"GET","timestamp":"2025-09-04T05:58:07.154Z","url":"/api/feedback/reviews"},"timestamp":"2025-09-04T05:58:07.154Z"}
{"level":"info","message":{"ip":"::1","method":"GET","timestamp":"2025-09-04T05:58:07.157Z","url":"/api/employees/members"},"timestamp":"2025-09-04T05:58:07.157Z"}
{"level":"info","message":{"ip":"::1","method":"GET","timestamp":"2025-09-04T05:58:07.168Z","url":"/api/jobs/all"},"timestamp":"2025-09-04T05:58:07.168Z"}
{"level":"info","message":{"ip":"::1","method":"GET","timestamp":"2025-09-04T05:58:07.203Z","url":"/api/students/all"},"timestamp":"2025-09-04T05:58:07.203Z"}
{"level":"info","message":{"ip":"::1","method":"GET","timestamp":"2025-09-04T05:58:10.283Z","url":"/api/admin/all"},"timestamp":"2025-09-04T05:58:10.283Z"}
{"level":"info","message":{"ip":"::1","method":"GET","timestamp":"2025-09-04T05:58:10.448Z","url":"/api/admin/all"},"timestamp":"2025-09-04T05:58:10.448Z"}
{"level":"info","message":{"ip":"::1","method":"GET","timestamp":"2025-09-04T05:59:40.198Z","url":"/api/admin/all"},"timestamp":"2025-09-04T05:59:40.198Z"}
{"level":"info","message":{"ip":"::1","method":"GET","timestamp":"2025-09-04T05:59:40.352Z","url":"/api/admin/all"},"timestamp":"2025-09-04T05:59:40.352Z"}
{"level":"info","message":{"ip":"::1","method":"GET","timestamp":"2025-09-04T07:47:32.906Z","url":"/api/admin/all"},"timestamp":"2025-09-04T07:47:32.908Z"}
{"level":"info","message":{"ip":"::1","method":"GET","timestamp":"2025-09-04T07:47:34.298Z","url":"/api/admin/all"},"timestamp":"2025-09-04T07:47:34.298Z"}
{"level":"info","message":{"ip":"::1","method":"POST","timestamp":"2025-09-04T08:20:52.354Z","url":"/api/admin/signup"},"timestamp":"2025-09-04T08:20:52.355Z"}
{"level":"info","message":{"ip":"::1","method":"POST","timestamp":"2025-09-04T08:21:07.626Z","url":"/api/admin/login"},"timestamp":"2025-09-04T08:21:07.626Z"}
{"level":"info","message":{"ip":"::1","method":"GET","timestamp":"2025-09-04T08:21:07.999Z","url":"/api/institutes/all-institutes"},"timestamp":"2025-09-04T08:21:08.000Z"}
{"level":"info","message":{"ip":"::1","method":"GET","timestamp":"2025-09-04T08:21:08.006Z","url":"/api/feedback/reviews"},"timestamp":"2025-09-04T08:21:08.006Z"}
{"level":"info","message":{"ip":"::1","method":"GET","timestamp":"2025-09-04T08:21:08.010Z","url":"/api/employees/members"},"timestamp":"2025-09-04T08:21:08.010Z"}
{"level":"info","message":{"ip":"::1","method":"GET","timestamp":"2025-09-04T08:21:08.076Z","url":"/api/jobs/all"},"timestamp":"2025-09-04T08:21:08.076Z"}
{"level":"info","message":{"ip":"::1","method":"GET","timestamp":"2025-09-04T08:21:08.085Z","url":"/api/students/all"},"timestamp":"2025-09-04T08:21:08.085Z"}
{"level":"info","message":{"ip":"::1","method":"GET","timestamp":"2025-09-04T08:21:08.601Z","url":"/api/institutes/all-institutes"},"timestamp":"2025-09-04T08:21:08.601Z"}
{"level":"info","message":{"ip":"::1","method":"GET","timestamp":"2025-09-04T08:21:09.122Z","url":"/api/feedback/reviews"},"timestamp":"2025-09-04T08:21:09.122Z"}
{"level":"info","message":{"ip":"::1","method":"GET","timestamp":"2025-09-04T08:21:09.174Z","url":"/api/jobs/all"},"timestamp":"2025-09-04T08:21:09.175Z"}
{"level":"info","message":{"ip":"::1","method":"GET","timestamp":"2025-09-04T08:21:09.193Z","url":"/api/employees/members"},"timestamp":"2025-09-04T08:21:09.194Z"}
{"level":"info","message":{"ip":"::1","method":"GET","timestamp":"2025-09-04T08:21:09.210Z","url":"/api/students/all"},"timestamp":"2025-09-04T08:21:09.210Z"}
{"level":"info","message":{"ip":"::1","method":"GET","timestamp":"2025-09-04T08:21:42.361Z","url":"/api/institutes/all-institutes"},"timestamp":"2025-09-04T08:21:42.361Z"}
{"level":"info","message":{"ip":"::1","method":"GET","timestamp":"2025-09-04T08:21:42.362Z","url":"/api/students/all"},"timestamp":"2025-09-04T08:21:42.362Z"}
{"level":"info","message":{"ip":"::1","method":"GET","timestamp":"2025-09-04T08:21:42.365Z","url":"/api/feedback/reviews"},"timestamp":"2025-09-04T08:21:42.365Z"}
{"level":"info","message":{"ip":"::1","method":"GET","timestamp":"2025-09-04T08:21:42.368Z","url":"/api/jobs/all"},"timestamp":"2025-09-04T08:21:42.368Z"}
{"level":"info","message":{"ip":"::1","method":"GET","timestamp":"2025-09-04T08:21:42.377Z","url":"/api/employees/members"},"timestamp":"2025-09-04T08:21:42.377Z"}
{"level":"info","message":{"ip":"::1","method":"GET","timestamp":"2025-09-04T08:21:42.585Z","url":"/api/feedback/reviews"},"timestamp":"2025-09-04T08:21:42.585Z"}
{"level":"info","message":{"ip":"::1","method":"GET","timestamp":"2025-09-04T08:21:42.587Z","url":"/api/students/all"},"timestamp":"2025-09-04T08:21:42.587Z"}
{"level":"info","message":{"ip":"::1","method":"GET","timestamp":"2025-09-04T08:21:42.592Z","url":"/api/jobs/all"},"timestamp":"2025-09-04T08:21:42.592Z"}
{"level":"info","message":{"ip":"::1","method":"GET","timestamp":"2025-09-04T08:21:42.641Z","url":"/api/employees/members"},"timestamp":"2025-09-04T08:21:42.641Z"}
{"level":"info","message":{"ip":"::1","method":"GET","timestamp":"2025-09-04T08:21:42.661Z","url":"/api/institutes/all-institutes"},"timestamp":"2025-09-04T08:21:42.661Z"}
{"level":"info","message":{"ip":"::1","method":"GET","timestamp":"2025-09-04T08:21:53.184Z","url":"/api/admin/all"},"timestamp":"2025-09-04T08:21:53.184Z"}
{"level":"info","message":{"ip":"::1","method":"GET","timestamp":"2025-09-04T08:21:53.337Z","url":"/api/admin/all"},"timestamp":"2025-09-04T08:21:53.337Z"}
{"level":"info","message":{"ip":"::1","method":"GET","timestamp":"2025-09-04T08:24:36.667Z","url":"/api/admin/all"},"timestamp":"2025-09-04T08:24:36.667Z"}
{"level":"info","message":{"ip":"::1","method":"GET","timestamp":"2025-09-04T08:24:36.835Z","url":"/api/admin/all"},"timestamp":"2025-09-04T08:24:36.835Z"}
{"level":"info","message":{"ip":"::1","method":"GET","timestamp":"2025-09-04T08:24:59.930Z","url":"/api/admin/all"},"timestamp":"2025-09-04T08:24:59.930Z"}
{"level":"info","message":{"ip":"::1","method":"GET","timestamp":"2025-09-04T08:25:00.074Z","url":"/api/admin/all"},"timestamp":"2025-09-04T08:25:00.074Z"}
{"level":"info","message":{"ip":"::1","method":"GET","timestamp":"2025-09-04T08:26:41.230Z","url":"/api/admin/all"},"timestamp":"2025-09-04T08:26:41.231Z"}
{"level":"info","message":{"ip":"::1","method":"GET","timestamp":"2025-09-04T08:26:42.022Z","url":"/api/admin/all"},"timestamp":"2025-09-04T08:26:42.022Z"}
{"level":"info","message":{"ip":"::1","method":"GET","timestamp":"2025-09-04T08:27:00.570Z","url":"/api/institutes/all-institutes"},"timestamp":"2025-09-04T08:27:00.570Z"}
{"level":"info","message":{"ip":"::1","method":"GET","timestamp":"2025-09-04T08:27:00.573Z","url":"/api/students/all"},"timestamp":"2025-09-04T08:27:00.573Z"}
{"level":"info","message":{"ip":"::1","method":"GET","timestamp":"2025-09-04T08:27:00.574Z","url":"/api/jobs/all"},"timestamp":"2025-09-04T08:27:00.574Z"}
{"level":"info","message":{"ip":"::1","method":"GET","timestamp":"2025-09-04T08:27:00.578Z","url":"/api/feedback/reviews"},"timestamp":"2025-09-04T08:27:00.578Z"}
{"level":"info","message":{"ip":"::1","method":"GET","timestamp":"2025-09-04T08:27:00.581Z","url":"/api/employees/members"},"timestamp":"2025-09-04T08:27:00.581Z"}
{"level":"info","message":{"ip":"::1","method":"GET","timestamp":"2025-09-04T08:27:01.078Z","url":"/api/institutes/all-institutes"},"timestamp":"2025-09-04T08:27:01.078Z"}
{"level":"info","message":{"ip":"::1","method":"GET","timestamp":"2025-09-04T08:27:01.438Z","url":"/api/students/all"},"timestamp":"2025-09-04T08:27:01.438Z"}
{"level":"info","message":{"ip":"::1","method":"GET","timestamp":"2025-09-04T08:27:01.454Z","url":"/api/feedback/reviews"},"timestamp":"2025-09-04T08:27:01.454Z"}
{"level":"info","message":{"ip":"::1","method":"GET","timestamp":"2025-09-04T08:27:01.481Z","url":"/api/jobs/all"},"timestamp":"2025-09-04T08:27:01.481Z"}
{"level":"info","message":{"ip":"::1","method":"GET","timestamp":"2025-09-04T08:27:01.531Z","url":"/api/employees/members"},"timestamp":"2025-09-04T08:27:01.531Z"}
{"level":"info","message":{"ip":"::1","method":"GET","timestamp":"2025-09-04T08:27:14.118Z","url":"/api/institutes/all-institutes"},"timestamp":"2025-09-04T08:27:14.118Z"}
{"level":"info","message":{"ip":"::1","method":"GET","timestamp":"2025-09-04T08:27:14.122Z","url":"/api/students/all"},"timestamp":"2025-09-04T08:27:14.122Z"}
{"level":"info","message":{"ip":"::1","method":"GET","timestamp":"2025-09-04T08:27:14.268Z","url":"/api/jobs/all"},"timestamp":"2025-09-04T08:27:14.268Z"}
{"level":"info","message":{"ip":"::1","method":"GET","timestamp":"2025-09-04T08:27:14.273Z","url":"/api/feedback/reviews"},"timestamp":"2025-09-04T08:27:14.273Z"}
{"level":"info","message":{"ip":"::1","method":"GET","timestamp":"2025-09-04T08:27:14.278Z","url":"/api/employees/members"},"timestamp":"2025-09-04T08:27:14.278Z"}
{"level":"info","message":{"ip":"::1","method":"GET","timestamp":"2025-09-04T08:27:14.292Z","url":"/api/students/all"},"timestamp":"2025-09-04T08:27:14.292Z"}
{"level":"info","message":{"ip":"::1","method":"GET","timestamp":"2025-09-04T08:27:14.354Z","url":"/api/institutes/all-institutes"},"timestamp":"2025-09-04T08:27:14.354Z"}
{"level":"info","message":{"ip":"::1","method":"GET","timestamp":"2025-09-04T08:27:14.427Z","url":"/api/jobs/all"},"timestamp":"2025-09-04T08:27:14.427Z"}
{"level":"info","message":{"ip":"::1","method":"GET","timestamp":"2025-09-04T08:27:14.435Z","url":"/api/employees/members"},"timestamp":"2025-09-04T08:27:14.436Z"}
{"level":"info","message":{"ip":"::1","method":"GET","timestamp":"2025-09-04T08:27:14.453Z","url":"/api/feedback/reviews"},"timestamp":"2025-09-04T08:27:14.453Z"}
{"level":"info","message":{"ip":"::1","method":"GET","timestamp":"2025-09-04T08:27:31.204Z","url":"/api/institutes/all-institutes"},"timestamp":"2025-09-04T08:27:31.204Z"}
{"level":"info","message":{"ip":"::1","method":"GET","timestamp":"2025-09-04T08:27:31.206Z","url":"/api/students/all"},"timestamp":"2025-09-04T08:27:31.206Z"}
{"level":"info","message":{"ip":"::1","method":"GET","timestamp":"2025-09-04T08:27:31.207Z","url":"/api/jobs/all"},"timestamp":"2025-09-04T08:27:31.207Z"}
{"level":"info","message":{"ip":"::1","method":"GET","timestamp":"2025-09-04T08:27:31.208Z","url":"/api/feedback/reviews"},"timestamp":"2025-09-04T08:27:31.208Z"}
{"level":"info","message":{"ip":"::1","method":"GET","timestamp":"2025-09-04T08:27:31.209Z","url":"/api/employees/members"},"timestamp":"2025-09-04T08:27:31.209Z"}
{"level":"info","message":{"ip":"::1","method":"GET","timestamp":"2025-09-04T08:27:31.367Z","url":"/api/feedback/reviews"},"timestamp":"2025-09-04T08:27:31.367Z"}
{"level":"info","message":{"ip":"::1","method":"GET","timestamp":"2025-09-04T08:27:31.375Z","url":"/api/jobs/all"},"timestamp":"2025-09-04T08:27:31.375Z"}
{"level":"info","message":{"ip":"::1","method":"GET","timestamp":"2025-09-04T08:27:31.437Z","url":"/api/students/all"},"timestamp":"2025-09-04T08:27:31.437Z"}
{"level":"info","message":{"ip":"::1","method":"GET","timestamp":"2025-09-04T08:27:31.442Z","url":"/api/institutes/all-institutes"},"timestamp":"2025-09-04T08:27:31.442Z"}
{"level":"info","message":{"ip":"::1","method":"GET","timestamp":"2025-09-04T08:27:31.448Z","url":"/api/employees/members"},"timestamp":"2025-09-04T08:27:31.448Z"}
{"level":"info","message":{"ip":"::1","method":"GET","timestamp":"2025-09-04T08:27:49.476Z","url":"/api/institutes/all-institutes"},"timestamp":"2025-09-04T08:27:49.476Z"}
{"level":"info","message":{"ip":"::1","method":"GET","timestamp":"2025-09-04T08:27:49.516Z","url":"/api/students/all"},"timestamp":"2025-09-04T08:27:49.516Z"}
{"level":"info","message":{"ip":"::1","method":"GET","timestamp":"2025-09-04T08:27:49.517Z","url":"/api/jobs/all"},"timestamp":"2025-09-04T08:27:49.517Z"}
{"level":"info","message":{"ip":"::1","method":"GET","timestamp":"2025-09-04T08:27:49.521Z","url":"/api/feedback/reviews"},"timestamp":"2025-09-04T08:27:49.521Z"}
{"level":"info","message":{"ip":"::1","method":"GET","timestamp":"2025-09-04T08:27:49.523Z","url":"/api/employees/members"},"timestamp":"2025-09-04T08:27:49.523Z"}
{"level":"info","message":{"ip":"::1","method":"GET","timestamp":"2025-09-04T08:27:49.666Z","url":"/api/feedback/reviews"},"timestamp":"2025-09-04T08:27:49.666Z"}
{"level":"info","message":{"ip":"::1","method":"GET","timestamp":"2025-09-04T08:27:49.680Z","url":"/api/jobs/all"},"timestamp":"2025-09-04T08:27:49.680Z"}
{"level":"info","message":{"ip":"::1","method":"GET","timestamp":"2025-09-04T08:27:49.685Z","url":"/api/employees/members"},"timestamp":"2025-09-04T08:27:49.685Z"}
{"level":"info","message":{"ip":"::1","method":"GET","timestamp":"2025-09-04T08:27:49.705Z","url":"/api/institutes/all-institutes"},"timestamp":"2025-09-04T08:27:49.705Z"}
{"level":"info","message":{"ip":"::1","method":"GET","timestamp":"2025-09-04T08:27:49.736Z","url":"/api/students/all"},"timestamp":"2025-09-04T08:27:49.736Z"}
{"level":"info","message":{"ip":"::1","method":"GET","timestamp":"2025-09-04T08:28:07.691Z","url":"/api/institutes/all-institutes"},"timestamp":"2025-09-04T08:28:07.691Z"}
{"level":"info","message":{"ip":"::1","method":"GET","timestamp":"2025-09-04T08:28:07.695Z","url":"/api/students/all"},"timestamp":"2025-09-04T08:28:07.695Z"}
{"level":"info","message":{"ip":"::1","method":"GET","timestamp":"2025-09-04T08:28:07.702Z","url":"/api/jobs/all"},"timestamp":"2025-09-04T08:28:07.702Z"}
{"level":"info","message":{"ip":"::1","method":"GET","timestamp":"2025-09-04T08:28:07.704Z","url":"/api/feedback/reviews"},"timestamp":"2025-09-04T08:28:07.704Z"}
{"level":"info","message":{"ip":"::1","method":"GET","timestamp":"2025-09-04T08:28:07.706Z","url":"/api/employees/members"},"timestamp":"2025-09-04T08:28:07.706Z"}
{"level":"info","message":{"ip":"::1","method":"GET","timestamp":"2025-09-04T08:28:07.853Z","url":"/api/students/all"},"timestamp":"2025-09-04T08:28:07.853Z"}
{"level":"info","message":{"ip":"::1","method":"GET","timestamp":"2025-09-04T08:28:07.864Z","url":"/api/jobs/all"},"timestamp":"2025-09-04T08:28:07.864Z"}
{"level":"info","message":{"ip":"::1","method":"GET","timestamp":"2025-09-04T08:28:07.912Z","url":"/api/institutes/all-institutes"},"timestamp":"2025-09-04T08:28:07.912Z"}
{"level":"info","message":{"ip":"::1","method":"GET","timestamp":"2025-09-04T08:28:07.932Z","url":"/api/employees/members"},"timestamp":"2025-09-04T08:28:07.932Z"}
{"level":"info","message":{"ip":"::1","method":"GET","timestamp":"2025-09-04T08:28:07.939Z","url":"/api/feedback/reviews"},"timestamp":"2025-09-04T08:28:07.939Z"}
{"level":"info","message":{"ip":"::1","method":"GET","timestamp":"2025-09-04T08:29:16.354Z","url":"/api/institutes/all-institutes"},"timestamp":"2025-09-04T08:29:16.354Z"}
{"level":"info","message":{"ip":"::1","method":"GET","timestamp":"2025-09-04T08:29:16.360Z","url":"/api/students/all"},"timestamp":"2025-09-04T08:29:16.360Z"}
{"level":"info","message":{"ip":"::1","method":"GET","timestamp":"2025-09-04T08:29:16.368Z","url":"/api/jobs/all"},"timestamp":"2025-09-04T08:29:16.368Z"}
{"level":"info","message":{"ip":"::1","method":"GET","timestamp":"2025-09-04T08:29:16.378Z","url":"/api/feedback/reviews"},"timestamp":"2025-09-04T08:29:16.378Z"}
{"level":"info","message":{"ip":"::1","method":"GET","timestamp":"2025-09-04T08:29:16.381Z","url":"/api/employees/members"},"timestamp":"2025-09-04T08:29:16.381Z"}
{"level":"info","message":{"ip":"::1","method":"GET","timestamp":"2025-09-04T08:29:16.514Z","url":"/api/students/all"},"timestamp":"2025-09-04T08:29:16.514Z"}
{"level":"info","message":{"ip":"::1","method":"GET","timestamp":"2025-09-04T08:29:16.535Z","url":"/api/employees/members"},"timestamp":"2025-09-04T08:29:16.535Z"}
{"level":"info","message":{"ip":"::1","method":"GET","timestamp":"2025-09-04T08:29:16.539Z","url":"/api/feedback/reviews"},"timestamp":"2025-09-04T08:29:16.539Z"}
{"level":"info","message":{"ip":"::1","method":"GET","timestamp":"2025-09-04T08:29:16.607Z","url":"/api/jobs/all"},"timestamp":"2025-09-04T08:29:16.607Z"}
{"level":"info","message":{"ip":"::1","method":"GET","timestamp":"2025-09-04T08:29:16.674Z","url":"/api/institutes/all-institutes"},"timestamp":"2025-09-04T08:29:16.674Z"}
{"level":"info","message":{"ip":"::1","method":"GET","timestamp":"2025-09-04T08:30:43.215Z","url":"/api/institutes/all-institutes"},"timestamp":"2025-09-04T08:30:43.215Z"}
{"level":"info","message":{"ip":"::1","method":"GET","timestamp":"2025-09-04T08:30:43.224Z","url":"/api/students/all"},"timestamp":"2025-09-04T08:30:43.224Z"}
{"level":"info","message":{"ip":"::1","method":"GET","timestamp":"2025-09-04T08:30:43.238Z","url":"/api/jobs/all"},"timestamp":"2025-09-04T08:30:43.238Z"}
{"level":"info","message":{"ip":"::1","method":"GET","timestamp":"2025-09-04T08:30:43.241Z","url":"/api/feedback/reviews"},"timestamp":"2025-09-04T08:30:43.241Z"}
{"level":"info","message":{"ip":"::1","method":"GET","timestamp":"2025-09-04T08:30:43.251Z","url":"/api/employees/members"},"timestamp":"2025-09-04T08:30:43.251Z"}
{"level":"info","message":{"ip":"::1","method":"GET","timestamp":"2025-09-04T08:30:43.388Z","url":"/api/students/all"},"timestamp":"2025-09-04T08:30:43.388Z"}
{"level":"info","message":{"ip":"::1","method":"GET","timestamp":"2025-09-04T08:30:43.391Z","url":"/api/jobs/all"},"timestamp":"2025-09-04T08:30:43.391Z"}
{"level":"info","message":{"ip":"::1","method":"GET","timestamp":"2025-09-04T08:30:43.397Z","url":"/api/employees/members"},"timestamp":"2025-09-04T08:30:43.397Z"}
{"level":"info","message":{"ip":"::1","method":"GET","timestamp":"2025-09-04T08:30:43.411Z","url":"/api/feedback/reviews"},"timestamp":"2025-09-04T08:30:43.411Z"}
{"level":"info","message":{"ip":"::1","method":"GET","timestamp":"2025-09-04T08:30:43.457Z","url":"/api/institutes/all-institutes"},"timestamp":"2025-09-04T08:30:43.457Z"}
{"level":"info","message":{"ip":"::1","method":"GET","timestamp":"2025-09-04T08:31:19.387Z","url":"/api/institutes/all-institutes"},"timestamp":"2025-09-04T08:31:19.387Z"}
{"level":"info","message":{"ip":"::1","method":"GET","timestamp":"2025-09-04T08:31:19.442Z","url":"/api/students/all"},"timestamp":"2025-09-04T08:31:19.442Z"}
{"level":"info","message":{"ip":"::1","method":"GET","timestamp":"2025-09-04T08:31:19.452Z","url":"/api/jobs/all"},"timestamp":"2025-09-04T08:31:19.452Z"}
{"level":"info","message":{"ip":"::1","method":"GET","timestamp":"2025-09-04T08:31:19.461Z","url":"/api/feedback/reviews"},"timestamp":"2025-09-04T08:31:19.461Z"}
{"level":"info","message":{"ip":"::1","method":"GET","timestamp":"2025-09-04T08:31:19.467Z","url":"/api/employees/members"},"timestamp":"2025-09-04T08:31:19.467Z"}
{"level":"info","message":{"ip":"::1","method":"GET","timestamp":"2025-09-04T08:31:19.615Z","url":"/api/feedback/reviews"},"timestamp":"2025-09-04T08:31:19.615Z"}
{"level":"info","message":{"ip":"::1","method":"GET","timestamp":"2025-09-04T08:31:19.621Z","url":"/api/jobs/all"},"timestamp":"2025-09-04T08:31:19.621Z"}
{"level":"info","message":{"ip":"::1","method":"GET","timestamp":"2025-09-04T08:31:19.632Z","url":"/api/employees/members"},"timestamp":"2025-09-04T08:31:19.632Z"}
{"level":"info","message":{"ip":"::1","method":"GET","timestamp":"2025-09-04T08:31:19.638Z","url":"/api/institutes/all-institutes"},"timestamp":"2025-09-04T08:31:19.638Z"}
{"level":"info","message":{"ip":"::1","method":"GET","timestamp":"2025-09-04T08:31:19.685Z","url":"/api/students/all"},"timestamp":"2025-09-04T08:31:19.685Z"}
{"level":"info","message":{"ip":"::1","method":"GET","timestamp":"2025-09-04T08:33:02.218Z","url":"/api/admin/all"},"timestamp":"2025-09-04T08:33:02.218Z"}
{"level":"info","message":{"ip":"::1","method":"GET","timestamp":"2025-09-04T08:33:03.069Z","url":"/api/admin/all"},"timestamp":"2025-09-04T08:33:03.069Z"}
{"level":"info","message":{"ip":"::1","method":"GET","timestamp":"2025-09-04T08:33:06.333Z","url":"/api/institutes/all-institutes"},"timestamp":"2025-09-04T08:33:06.333Z"}
{"level":"info","message":{"ip":"::1","method":"GET","timestamp":"2025-09-04T08:33:06.341Z","url":"/api/institutes/all-institutes"},"timestamp":"2025-09-04T08:33:06.341Z"}
{"level":"info","message":{"ip":"::1","method":"GET","timestamp":"2025-09-04T08:33:08.093Z","url":"/api/students/all"},"timestamp":"2025-09-04T08:33:08.093Z"}
{"level":"info","message":{"ip":"::1","method":"GET","timestamp":"2025-09-04T08:33:08.095Z","url":"/api/students/all"},"timestamp":"2025-09-04T08:33:08.095Z"}
{"level":"info","message":{"ip":"::1","method":"GET","timestamp":"2025-09-04T08:33:09.648Z","url":"/api/feedback/reviews"},"timestamp":"2025-09-04T08:33:09.649Z"}
{"level":"info","message":{"ip":"::1","method":"GET","timestamp":"2025-09-04T08:33:09.651Z","url":"/api/feedback/reviews"},"timestamp":"2025-09-04T08:33:09.651Z"}
{"level":"info","message":{"ip":"::1","method":"GET","timestamp":"2025-09-04T08:33:16.174Z","url":"/api/admin/all"},"timestamp":"2025-09-04T08:33:16.174Z"}
{"level":"info","message":{"ip":"::1","method":"GET","timestamp":"2025-09-04T08:33:16.331Z","url":"/api/admin/all"},"timestamp":"2025-09-04T08:33:16.331Z"}
{"level":"info","message":{"ip":"::1","method":"GET","timestamp":"2025-09-04T08:33:57.468Z","url":"/api/feedback/reviews"},"timestamp":"2025-09-04T08:33:57.468Z"}
{"level":"info","message":{"ip":"::1","method":"GET","timestamp":"2025-09-04T08:33:57.472Z","url":"/api/feedback/reviews"},"timestamp":"2025-09-04T08:33:57.472Z"}
{"level":"info","message":{"ip":"::1","method":"GET","timestamp":"2025-09-04T08:33:59.702Z","url":"/api/jobs/all"},"timestamp":"2025-09-04T08:33:59.702Z"}
{"level":"info","message":{"ip":"::1","method":"GET","timestamp":"2025-09-04T08:33:59.708Z","url":"/api/jobs/all"},"timestamp":"2025-09-04T08:33:59.709Z"}
{"level":"info","message":{"ip":"::1","method":"GET","timestamp":"2025-09-04T08:34:03.335Z","url":"/api/students/all"},"timestamp":"2025-09-04T08:34:03.335Z"}
{"level":"info","message":{"ip":"::1","method":"GET","timestamp":"2025-09-04T08:34:03.339Z","url":"/api/students/all"},"timestamp":"2025-09-04T08:34:03.339Z"}
{"level":"info","message":{"ip":"::1","method":"GET","timestamp":"2025-09-04T08:34:05.247Z","url":"/api/institutes/all-institutes"},"timestamp":"2025-09-04T08:34:05.247Z"}
{"level":"info","message":{"ip":"::1","method":"GET","timestamp":"2025-09-04T08:34:05.254Z","url":"/api/institutes/all-institutes"},"timestamp":"2025-09-04T08:34:05.254Z"}
{"level":"info","message":{"ip":"::1","method":"GET","timestamp":"2025-09-04T08:34:38.931Z","url":"/api/admin/all"},"timestamp":"2025-09-04T08:34:38.931Z"}
{"level":"info","message":{"ip":"::1","method":"GET","timestamp":"2025-09-04T08:34:39.090Z","url":"/api/admin/all"},"timestamp":"2025-09-04T08:34:39.090Z"}
{"level":"info","message":{"ip":"::1","method":"GET","timestamp":"2025-09-04T08:35:26.629Z","url":"/api/students/all"},"timestamp":"2025-09-04T08:35:26.629Z"}
{"level":"info","message":{"ip":"::1","method":"GET","timestamp":"2025-09-04T08:35:26.638Z","url":"/api/students/all"},"timestamp":"2025-09-04T08:35:26.638Z"}
{"level":"info","message":{"ip":"::1","method":"GET","timestamp":"2025-09-04T08:35:33.895Z","url":"/api/feedback/reviews"},"timestamp":"2025-09-04T08:35:33.895Z"}
{"level":"info","message":{"ip":"::1","method":"GET","timestamp":"2025-09-04T08:35:33.900Z","url":"/api/feedback/reviews"},"timestamp":"2025-09-04T08:35:33.900Z"}
{"level":"info","message":{"ip":"::1","method":"GET","timestamp":"2025-09-04T08:35:35.149Z","url":"/api/students/all"},"timestamp":"2025-09-04T08:35:35.149Z"}
{"level":"info","message":{"ip":"::1","method":"GET","timestamp":"2025-09-04T08:35:35.155Z","url":"/api/students/all"},"timestamp":"2025-09-04T08:35:35.155Z"}
{"level":"info","message":{"ip":"::1","method":"GET","timestamp":"2025-09-04T08:35:36.507Z","url":"/api/jobs/all"},"timestamp":"2025-09-04T08:35:36.507Z"}
{"level":"info","message":{"ip":"::1","method":"GET","timestamp":"2025-09-04T08:35:36.514Z","url":"/api/jobs/all"},"timestamp":"2025-09-04T08:35:36.514Z"}
{"level":"info","message":{"ip":"::1","method":"GET","timestamp":"2025-09-04T08:35:37.976Z","url":"/api/employees/members"},"timestamp":"2025-09-04T08:35:37.976Z"}
{"level":"info","message":{"ip":"::1","method":"GET","timestamp":"2025-09-04T08:35:37.982Z","url":"/api/employees/members"},"timestamp":"2025-09-04T08:35:37.982Z"}
{"level":"info","message":{"ip":"::1","method":"GET","timestamp":"2025-09-04T08:46:49.400Z","url":"/api/employees/members"},"timestamp":"2025-09-04T08:46:49.406Z"}
{"level":"info","message":{"ip":"::1","method":"GET","timestamp":"2025-09-04T08:46:49.426Z","url":"/api/employees/members"},"timestamp":"2025-09-04T08:46:49.426Z"}
{"level":"info","message":{"ip":"::1","method":"GET","timestamp":"2025-09-04T08:46:52.428Z","url":"/api/employees/member/NEXT2025111"},"timestamp":"2025-09-04T08:46:52.429Z"}
{"level":"info","message":{"ip":"::1","method":"GET","timestamp":"2025-09-04T08:46:52.453Z","url":"/api/employees/member/NEXT2025111"},"timestamp":"2025-09-04T08:46:52.453Z"}
{"level":"info","message":{"ip":"::1","method":"GET","timestamp":"2025-09-04T08:47:17.536Z","url":"/api/employees/members"},"timestamp":"2025-09-04T08:47:17.536Z"}
{"level":"info","message":{"ip":"::1","method":"GET","timestamp":"2025-09-04T08:47:17.549Z","url":"/api/employees/members"},"timestamp":"2025-09-04T08:47:17.550Z"}
{"level":"info","message":{"ip":"::1","method":"GET","timestamp":"2025-09-04T08:49:08.859Z","url":"/api/employees/members"},"timestamp":"2025-09-04T08:49:08.861Z"}
{"level":"info","message":{"ip":"::1","method":"GET","timestamp":"2025-09-04T08:49:08.881Z","url":"/api/employees/members"},"timestamp":"2025-09-04T08:49:08.881Z"}
{"level":"info","message":{"ip":"::1","method":"GET","timestamp":"2025-09-04T08:49:11.135Z","url":"/api/employees/member/NEXT2025111"},"timestamp":"2025-09-04T08:49:11.135Z"}
{"level":"info","message":{"ip":"::1","method":"GET","timestamp":"2025-09-04T08:49:11.152Z","url":"/api/employees/member/NEXT2025111"},"timestamp":"2025-09-04T08:49:11.152Z"}
{"level":"info","message":{"ip":"::1","method":"GET","timestamp":"2025-09-04T08:49:17.517Z","url":"/api/employees/members"},"timestamp":"2025-09-04T08:49:17.517Z"}
{"level":"info","message":{"ip":"::1","method":"GET","timestamp":"2025-09-04T08:49:17.526Z","url":"/api/employees/members"},"timestamp":"2025-09-04T08:49:17.526Z"}
{"level":"info","message":{"ip":"::1","method":"GET","timestamp":"2025-09-04T08:57:14.090Z","url":"/api/jobs/all"},"timestamp":"2025-09-04T08:57:14.092Z"}
{"level":"info","message":{"ip":"::1","method":"GET","timestamp":"2025-09-04T08:57:14.106Z","url":"/api/jobs/all"},"timestamp":"2025-09-04T08:57:14.106Z"}
{"level":"info","message":{"ip":"::1","method":"GET","timestamp":"2025-09-04T08:57:17.499Z","url":"/api/institutes/all-institutes"},"timestamp":"2025-09-04T08:57:17.499Z"}
{"level":"info","message":{"ip":"::1","method":"GET","timestamp":"2025-09-04T08:57:17.632Z","url":"/api/jobs/all"},"timestamp":"2025-09-04T08:57:17.632Z"}
{"level":"info","message":{"ip":"::1","method":"GET","timestamp":"2025-09-04T08:57:17.667Z","url":"/api/students/all"},"timestamp":"2025-09-04T08:57:17.667Z"}
{"level":"info","message":{"ip":"::1","method":"GET","timestamp":"2025-09-04T08:57:17.711Z","url":"/api/employees/members"},"timestamp":"2025-09-04T08:57:17.711Z"}
{"level":"info","message":{"ip":"::1","method":"GET","timestamp":"2025-09-04T08:57:17.851Z","url":"/api/feedback/reviews"},"timestamp":"2025-09-04T08:57:17.851Z"}
{"level":"info","message":{"ip":"::1","method":"GET","timestamp":"2025-09-04T08:57:17.870Z","url":"/api/jobs/all"},"timestamp":"2025-09-04T08:57:17.870Z"}
{"level":"info","message":{"ip":"::1","method":"GET","timestamp":"2025-09-04T08:57:17.996Z","url":"/api/institutes/all-institutes"},"timestamp":"2025-09-04T08:57:17.996Z"}
{"level":"info","message":{"ip":"::1","method":"GET","timestamp":"2025-09-04T08:57:18.303Z","url":"/api/employees/members"},"timestamp":"2025-09-04T08:57:18.303Z"}
{"level":"info","message":{"ip":"::1","method":"GET","timestamp":"2025-09-04T08:57:18.992Z","url":"/api/students/all"},"timestamp":"2025-09-04T08:57:18.993Z"}
{"level":"info","message":{"ip":"::1","method":"GET","timestamp":"2025-09-04T08:57:19.174Z","url":"/api/feedback/reviews"},"timestamp":"2025-09-04T08:57:19.174Z"}
{"level":"info","message":{"ip":"::1","method":"GET","timestamp":"2025-09-04T08:57:22.762Z","url":"/api/employees/members"},"timestamp":"2025-09-04T08:57:22.762Z"}
{"level":"info","message":{"ip":"::1","method":"GET","timestamp":"2025-09-04T08:57:22.978Z","url":"/api/employees/members"},"timestamp":"2025-09-04T08:57:22.978Z"}
{"level":"info","message":{"ip":"::1","method":"POST","timestamp":"2025-09-04T09:21:23.632Z","url":"/api/employees/"},"timestamp":"2025-09-04T09:21:23.632Z"}
{"level":"info","message":{"ip":"::1","method":"GET","timestamp":"2025-09-04T09:21:24.497Z","url":"/api/employees/members"},"timestamp":"2025-09-04T09:21:24.497Z"}
{"level":"info","message":{"ip":"::1","method":"GET","timestamp":"2025-09-04T09:21:24.503Z","url":"/api/employees/members"},"timestamp":"2025-09-04T09:21:24.723Z"}
{"level":"info","message":{"ip":"::1","method":"GET","timestamp":"2025-09-04T09:21:36.498Z","url":"/api/employees/member/NEXT2024201"},"timestamp":"2025-09-04T09:21:36.498Z"}
{"level":"info","message":{"ip":"::1","method":"GET","timestamp":"2025-09-04T09:21:36.686Z","url":"/api/employees/member/NEXT2024201"},"timestamp":"2025-09-04T09:21:36.686Z"}
{"level":"info","message":{"ip":"::1","method":"GET","timestamp":"2025-09-04T09:21:40.794Z","url":"/api/employees/members"},"timestamp":"2025-09-04T09:21:40.794Z"}
{"level":"info","message":{"ip":"::1","method":"GET","timestamp":"2025-09-04T09:21:40.809Z","url":"/api/employees/members"},"timestamp":"2025-09-04T09:21:40.809Z"}
{"level":"info","message":{"ip":"::1","method":"DELETE","timestamp":"2025-09-04T09:21:45.615Z","url":"/api/employees/member/NEXT2024201"},"timestamp":"2025-09-04T09:21:45.615Z"}
{"level":"info","message":{"ip":"::1","method":"POST","timestamp":"2025-09-04T09:23:29.641Z","url":"/api/employees/"},"timestamp":"2025-09-04T09:23:29.641Z"}
{"level":"info","message":{"ip":"::1","method":"GET","timestamp":"2025-09-04T09:23:29.901Z","url":"/api/employees/members"},"timestamp":"2025-09-04T09:23:29.901Z"}
{"level":"info","message":{"ip":"::1","method":"GET","timestamp":"2025-09-04T09:23:29.906Z","url":"/api/employees/members"},"timestamp":"2025-09-04T09:23:29.906Z"}
{"level":"info","message":{"ip":"::1","method":"GET","timestamp":"2025-09-04T09:23:36.396Z","url":"/api/employees/member/NEXT2024201"},"timestamp":"2025-09-04T09:23:36.396Z"}
{"level":"info","message":{"ip":"::1","method":"GET","timestamp":"2025-09-04T09:23:36.401Z","url":"/api/employees/member/NEXT2024201"},"timestamp":"2025-09-04T09:23:36.402Z"}
{"level":"info","message":{"ip":"::1","method":"GET","timestamp":"2025-09-04T09:23:39.215Z","url":"/api/employees/members"},"timestamp":"2025-09-04T09:23:39.215Z"}
{"level":"info","message":{"ip":"::1","method":"GET","timestamp":"2025-09-04T09:23:39.224Z","url":"/api/employees/members"},"timestamp":"2025-09-04T09:23:39.224Z"}
{"level":"info","message":{"ip":"::1","method":"GET","timestamp":"2025-09-04T09:23:44.167Z","url":"/api/employees/member/NEXT2024201"},"timestamp":"2025-09-04T09:23:44.167Z"}
{"level":"info","message":{"ip":"::1","method":"GET","timestamp":"2025-09-04T09:23:44.299Z","url":"/api/employees/member/NEXT2024201"},"timestamp":"2025-09-04T09:23:44.299Z"}
{"level":"info","message":{"ip":"::1","method":"PUT","timestamp":"2025-09-04T09:23:49.286Z","url":"/api/employees/member/NEXT2024201"},"timestamp":"2025-09-04T09:23:49.286Z"}
{"level":"info","message":{"ip":"::1","method":"GET","timestamp":"2025-09-04T09:23:49.539Z","url":"/api/employees/members"},"timestamp":"2025-09-04T09:23:49.539Z"}
{"level":"info","message":{"ip":"::1","method":"GET","timestamp":"2025-09-04T09:23:49.543Z","url":"/api/employees/members"},"timestamp":"2025-09-04T09:23:49.543Z"}
{"level":"info","message":{"ip":"::1","method":"GET","timestamp":"2025-09-04T09:23:52.978Z","url":"/api/employees/member/NEXT2024201"},"timestamp":"2025-09-04T09:23:52.978Z"}
{"level":"info","message":{"ip":"::1","method":"GET","timestamp":"2025-09-04T09:23:52.983Z","url":"/api/employees/member/NEXT2024201"},"timestamp":"2025-09-04T09:23:52.983Z"}
{"level":"info","message":{"ip":"::1","method":"GET","timestamp":"2025-09-04T09:24:21.382Z","url":"/api/employees/members"},"timestamp":"2025-09-04T09:24:21.382Z"}
{"level":"info","message":{"ip":"::1","method":"GET","timestamp":"2025-09-04T09:24:21.385Z","url":"/api/employees/members"},"timestamp":"2025-09-04T09:24:21.385Z"}
{"level":"info","message":{"ip":"::1","method":"GET","timestamp":"2025-09-04T09:24:26.561Z","url":"/api/employees/member/NEXT2024201"},"timestamp":"2025-09-04T09:24:26.561Z"}
{"level":"info","message":{"ip":"::1","method":"GET","timestamp":"2025-09-04T09:24:26.649Z","url":"/api/employees/member/NEXT2024201"},"timestamp":"2025-09-04T09:24:26.649Z"}
{"level":"info","message":{"ip":"::1","method":"PUT","timestamp":"2025-09-04T09:24:31.404Z","url":"/api/employees/member/NEXT2024201"},"timestamp":"2025-09-04T09:24:31.404Z"}
{"level":"info","message":{"ip":"::1","method":"GET","timestamp":"2025-09-04T09:24:31.573Z","url":"/api/employees/members"},"timestamp":"2025-09-04T09:24:31.573Z"}
{"level":"info","message":{"ip":"::1","method":"GET","timestamp":"2025-09-04T09:24:31.578Z","url":"/api/employees/members"},"timestamp":"2025-09-04T09:24:31.578Z"}
{"level":"info","message":{"ip":"::1","method":"GET","timestamp":"2025-09-04T09:24:35.606Z","url":"/api/employees/member/NEXT2024201"},"timestamp":"2025-09-04T09:24:35.606Z"}
{"level":"info","message":{"ip":"::1","method":"GET","timestamp":"2025-09-04T09:24:35.612Z","url":"/api/employees/member/NEXT2024201"},"timestamp":"2025-09-04T09:24:35.612Z"}
{"level":"info","message":{"ip":"::1","method":"GET","timestamp":"2025-09-04T09:29:39.027Z","url":"/api/employees/member/NEXT2024201"},"timestamp":"2025-09-04T09:29:39.027Z"}
{"level":"info","message":{"ip":"::1","method":"GET","timestamp":"2025-09-04T09:29:39.030Z","url":"/api/employees/member/NEXT2024201"},"timestamp":"2025-09-04T09:29:39.030Z"}
{"level":"info","message":{"ip":"::1","method":"GET","timestamp":"2025-09-04T09:29:42.227Z","url":"/api/employees/members"},"timestamp":"2025-09-04T09:29:42.227Z"}
{"level":"info","message":{"ip":"::1","method":"GET","timestamp":"2025-09-04T09:29:42.242Z","url":"/api/employees/members"},"timestamp":"2025-09-04T09:29:42.242Z"}
{"level":"info","message":{"ip":"::1","method":"GET","timestamp":"2025-09-04T09:29:45.975Z","url":"/api/employees/member/NEXT2024201"},"timestamp":"2025-09-04T09:29:45.975Z"}
{"level":"info","message":{"ip":"::1","method":"GET","timestamp":"2025-09-04T09:29:46.505Z","url":"/api/employees/member/NEXT2024201"},"timestamp":"2025-09-04T09:29:46.505Z"}
{"level":"info","message":{"ip":"::1","method":"PUT","timestamp":"2025-09-04T09:30:01.837Z","url":"/api/employees/member/NEXT2024201"},"timestamp":"2025-09-04T09:30:01.837Z"}
{"level":"info","message":{"ip":"::1","method":"GET","timestamp":"2025-09-04T09:30:02.115Z","url":"/api/employees/members"},"timestamp":"2025-09-04T09:30:02.115Z"}
{"level":"info","message":{"ip":"::1","method":"GET","timestamp":"2025-09-04T09:30:02.129Z","url":"/api/employees/members"},"timestamp":"2025-09-04T09:30:02.129Z"}
{"level":"info","message":{"ip":"::1","method":"GET","timestamp":"2025-09-04T09:30:22.876Z","url":"/api/employees/member/NEXT2024201"},"timestamp":"2025-09-04T09:30:22.876Z"}
{"level":"info","message":{"ip":"::1","method":"GET","timestamp":"2025-09-04T09:30:22.880Z","url":"/api/employees/member/NEXT2024201"},"timestamp":"2025-09-04T09:30:22.880Z"}
{"level":"info","message":{"ip":"::1","method":"GET","timestamp":"2025-09-04T09:33:28.513Z","url":"/api/employees/member/NEXT2024201"},"timestamp":"2025-09-04T09:33:28.515Z"}
{"level":"info","message":{"ip":"::1","method":"GET","timestamp":"2025-09-04T09:33:28.533Z","url":"/api/employees/member/NEXT2024201"},"timestamp":"2025-09-04T09:33:28.533Z"}
{"level":"info","message":{"ip":"::1","method":"GET","timestamp":"2025-09-04T09:33:33.304Z","url":"/api/employees/members"},"timestamp":"2025-09-04T09:33:33.304Z"}
{"level":"info","message":{"ip":"::1","method":"GET","timestamp":"2025-09-04T09:33:33.310Z","url":"/api/employees/members"},"timestamp":"2025-09-04T09:33:33.310Z"}
{"level":"info","message":{"ip":"::1","method":"DELETE","timestamp":"2025-09-04T09:33:44.057Z","url":"/api/employees/member/NEXT2024201"},"timestamp":"2025-09-04T09:33:44.057Z"}
{"level":"info","message":{"ip":"::1","method":"GET","timestamp":"2025-09-04T09:35:48.994Z","url":"/api/institutes/all-institutes"},"timestamp":"2025-09-04T09:35:48.994Z"}
{"level":"info","message":{"ip":"::1","method":"GET","timestamp":"2025-09-04T09:35:49.001Z","url":"/api/institutes/all-institutes"},"timestamp":"2025-09-04T09:35:49.001Z"}
{"level":"info","message":{"ip":"::1","method":"GET","timestamp":"2025-09-04T09:35:51.624Z","url":"/api/students/all"},"timestamp":"2025-09-04T09:35:51.624Z"}
{"level":"info","message":{"ip":"::1","method":"GET","timestamp":"2025-09-04T09:35:51.634Z","url":"/api/students/all"},"timestamp":"2025-09-04T09:35:51.634Z"}
{"level":"info","message":{"ip":"::1","method":"DELETE","timestamp":"2025-09-04T09:36:03.487Z","url":"/api/students/auth/delete"},"timestamp":"2025-09-04T09:36:03.487Z"}
{"level":"info","message":{"ip":"::1","method":"GET","timestamp":"2025-09-04T09:37:21.507Z","url":"/api/students/all"},"timestamp":"2025-09-04T09:37:21.507Z"}
{"level":"info","message":{"ip":"::1","method":"GET","timestamp":"2025-09-04T09:37:21.524Z","url":"/api/students/all"},"timestamp":"2025-09-04T09:37:21.524Z"}
{"level":"info","message":{"ip":"::1","method":"DELETE","timestamp":"2025-09-04T09:38:38.480Z","url":"/api/students/auth/delete"},"timestamp":"2025-09-04T09:38:38.481Z"}
{"level":"info","message":{"ip":"::1","method":"DELETE","timestamp":"2025-09-04T09:39:55.948Z","url":"/api/students/auth/delete"},"timestamp":"2025-09-04T09:39:55.949Z"}
{"level":"info","message":{"ip":"::1","method":"GET","timestamp":"2025-09-04T09:40:35.960Z","url":"/api/students/all"},"timestamp":"2025-09-04T09:40:35.963Z"}
{"level":"info","message":{"ip":"::1","method":"GET","timestamp":"2025-09-04T09:40:35.975Z","url":"/api/students/all"},"timestamp":"2025-09-04T09:40:35.975Z"}
{"level":"info","message":{"ip":"::1","method":"DELETE","timestamp":"2025-09-04T09:40:39.890Z","url":"/api/students/auth/delete"},"timestamp":"2025-09-04T09:40:39.890Z"}
{"level":"info","message":{"ip":"::1","method":"GET","timestamp":"2025-09-04T09:41:21.280Z","url":"/api/jobs/all"},"timestamp":"2025-09-04T09:41:21.283Z"}
{"level":"info","message":{"ip":"::1","method":"GET","timestamp":"2025-09-04T09:41:21.296Z","url":"/api/jobs/all"},"timestamp":"2025-09-04T09:41:21.296Z"}
{"level":"info","message":{"ip":"::1","method":"GET","timestamp":"2025-09-04T09:41:23.510Z","url":"/api/employees/members"},"timestamp":"2025-09-04T09:41:23.510Z"}
{"level":"info","message":{"ip":"::1","method":"GET","timestamp":"2025-09-04T09:41:23.513Z","url":"/api/employees/members"},"timestamp":"2025-09-04T09:41:23.513Z"}
{"level":"info","message":{"ip":"::1","method":"GET","timestamp":"2025-09-04T09:41:38.837Z","url":"/api/students/all"},"timestamp":"2025-09-04T09:41:38.837Z"}
{"level":"info","message":{"ip":"::1","method":"GET","timestamp":"2025-09-04T09:41:38.853Z","url":"/api/students/all"},"timestamp":"2025-09-04T09:41:38.853Z"}
{"level":"info","message":{"ip":"::1","method":"GET","timestamp":"2025-09-04T09:41:41.809Z","url":"/api/institutes/all-institutes"},"timestamp":"2025-09-04T09:41:41.809Z"}
{"level":"info","message":{"ip":"::1","method":"GET","timestamp":"2025-09-04T09:41:41.814Z","url":"/api/students/all"},"timestamp":"2025-09-04T09:41:41.814Z"}
{"level":"info","message":{"ip":"::1","method":"GET","timestamp":"2025-09-04T09:41:41.868Z","url":"/api/employees/members"},"timestamp":"2025-09-04T09:41:41.868Z"}
{"level":"info","message":{"ip":"::1","method":"GET","timestamp":"2025-09-04T09:41:41.875Z","url":"/api/feedback/reviews"},"timestamp":"2025-09-04T09:41:41.875Z"}
{"level":"info","message":{"ip":"::1","method":"GET","timestamp":"2025-09-04T09:41:41.887Z","url":"/api/jobs/all"},"timestamp":"2025-09-04T09:41:41.887Z"}
{"level":"info","message":{"ip":"::1","method":"GET","timestamp":"2025-09-04T09:41:41.891Z","url":"/api/students/dcf2bc91-2913-4619-beaf-e4ee33184645"},"timestamp":"2025-09-04T09:41:41.891Z"}
{"level":"info","message":{"ip":"::1","method":"GET","timestamp":"2025-09-04T09:41:41.945Z","url":"/api/students/all"},"timestamp":"2025-09-04T09:41:41.945Z"}
{"level":"info","message":{"ip":"::1","method":"GET","timestamp":"2025-09-04T09:41:42.055Z","url":"/api/institutes/all-institutes"},"timestamp":"2025-09-04T09:41:42.055Z"}
{"level":"info","message":{"ip":"::1","method":"GET","timestamp":"2025-09-04T09:41:42.583Z","url":"/api/jobs/all"},"timestamp":"2025-09-04T09:41:42.583Z"}
{"level":"info","message":{"ip":"::1","method":"GET","timestamp":"2025-09-04T09:41:42.589Z","url":"/api/feedback/reviews"},"timestamp":"2025-09-04T09:41:42.589Z"}
{"level":"info","message":{"ip":"::1","method":"GET","timestamp":"2025-09-04T09:41:42.636Z","url":"/api/employees/members"},"timestamp":"2025-09-04T09:41:42.636Z"}
{"level":"info","message":{"ip":"::1","method":"GET","timestamp":"2025-09-04T09:41:42.763Z","url":"/api/students/dcf2bc91-2913-4619-beaf-e4ee33184645"},"timestamp":"2025-09-04T09:41:42.763Z"}
{"level":"info","message":{"ip":"::1","method":"GET","timestamp":"2025-09-04T09:41:56.445Z","url":"/api/employees/members"},"timestamp":"2025-09-04T09:41:56.446Z"}
{"level":"info","message":{"ip":"::1","method":"GET","timestamp":"2025-09-04T09:41:56.718Z","url":"/api/employees/members"},"timestamp":"2025-09-04T09:41:56.718Z"}
{"level":"info","message":{"ip":"::1","method":"GET","timestamp":"2025-09-04T09:46:00.476Z","url":"/api/jobs/all"},"timestamp":"2025-09-04T09:46:00.477Z"}
{"level":"info","message":{"ip":"::1","method":"GET","timestamp":"2025-09-04T09:46:00.479Z","url":"/api/jobs/all"},"timestamp":"2025-09-04T09:46:00.479Z"}
{"level":"info","message":{"ip":"::1","method":"GET","timestamp":"2025-09-04T09:46:02.765Z","url":"/api/students/all"},"timestamp":"2025-09-04T09:46:02.765Z"}
{"level":"info","message":{"ip":"::1","method":"GET","timestamp":"2025-09-04T09:46:02.768Z","url":"/api/institutes/all-institutes"},"timestamp":"2025-09-04T09:46:02.768Z"}
{"level":"info","message":{"ip":"::1","method":"GET","timestamp":"2025-09-04T09:46:02.780Z","url":"/api/jobs/all"},"timestamp":"2025-09-04T09:46:02.780Z"}
{"level":"info","message":{"ip":"::1","method":"GET","timestamp":"2025-09-04T09:46:02.783Z","url":"/api/feedback/reviews"},"timestamp":"2025-09-04T09:46:02.783Z"}
{"level":"info","message":{"ip":"::1","method":"GET","timestamp":"2025-09-04T09:46:02.792Z","url":"/api/employees/members"},"timestamp":"2025-09-04T09:46:02.793Z"}
{"level":"info","message":{"ip":"::1","method":"GET","timestamp":"2025-09-04T09:46:02.922Z","url":"/api/students/all"},"timestamp":"2025-09-04T09:46:02.922Z"}
{"level":"info","message":{"ip":"::1","method":"GET","timestamp":"2025-09-04T09:46:02.952Z","url":"/api/employees/members"},"timestamp":"2025-09-04T09:46:02.952Z"}
{"level":"info","message":{"ip":"::1","method":"GET","timestamp":"2025-09-04T09:46:03.002Z","url":"/api/institutes/all-institutes"},"timestamp":"2025-09-04T09:46:03.002Z"}
{"level":"info","message":{"ip":"::1","method":"GET","timestamp":"2025-09-04T09:46:03.026Z","url":"/api/jobs/all"},"timestamp":"2025-09-04T09:46:03.026Z"}
{"level":"info","message":{"ip":"::1","method":"GET","timestamp":"2025-09-04T09:46:03.032Z","url":"/api/feedback/reviews"},"timestamp":"2025-09-04T09:46:03.032Z"}
{"level":"info","message":{"ip":"::1","method":"GET","timestamp":"2025-09-04T09:46:06.714Z","url":"/api/employees/members"},"timestamp":"2025-09-04T09:46:06.714Z"}
{"level":"info","message":{"ip":"::1","method":"GET","timestamp":"2025-09-04T09:46:06.722Z","url":"/api/employees/members"},"timestamp":"2025-09-04T09:46:06.722Z"}
{"level":"info","message":{"ip":"::1","method":"GET","timestamp":"2025-09-04T21:42:05.233Z","url":"/api/institutes/all-institutes"},"timestamp":"2025-09-04T21:42:05.234Z"}
{"level":"info","message":{"ip":"::1","method":"POST","timestamp":"2025-09-04T21:43:47.969Z","url":"/api/students/auth/login"},"timestamp":"2025-09-04T21:43:47.969Z"}
{"level":"info","message":{"ip":"::1","method":"GET","timestamp":"2025-09-04T21:56:37.763Z","url":"/api/institutes/all-institutes"},"timestamp":"2025-09-04T21:56:37.763Z"}
{"level":"info","message":{"ip":"::1","method":"GET","timestamp":"2025-09-04T22:01:20.498Z","url":"/api/institutes/all-institutes"},"timestamp":"2025-09-04T22:01:20.498Z"}
{"level":"info","message":{"ip":"::1","method":"GET","timestamp":"2025-09-04T22:26:32.683Z","url":"/api/institutes/all-institutes"},"timestamp":"2025-09-04T22:26:32.683Z"}
